# Blender 4.1.1
# www.blender.org
mtllib Bomba.mtl
o GamemodelShape
v 0.004579 -0.011203 -0.104449 0.5019 0.5019 0.5019
v 0.006688 -0.008499 -0.105124 0.5019 0.5019 0.5019
v 0.007621 -0.009208 -0.104347 0.5019 0.5019 0.5019
v 0.000767 -0.003893 -0.078204 0.5019 0.5019 0.5019
v 0.000123 -0.005401 -0.077365 0.5019 0.5019 0.5019
v -0.001732 -0.004830 -0.082769 0.5019 0.5019 0.5019
v -0.003227 -0.005472 -0.081882 0.5019 0.5019 0.5019
v 0.006158 -0.013961 -0.100864 0.5019 0.5019 0.5019
v 0.007181 -0.013135 -0.101079 0.5019 0.5019 0.5019
v 0.007035 -0.012017 -0.098756 0.5019 0.5019 0.5019
v 0.006749 -0.010481 -0.099848 0.5019 0.5019 0.5019
v 0.006765 -0.007580 -0.104907 0.5019 0.5019 0.5019
v 0.004874 -0.006734 -0.106114 0.5019 0.5019 0.5019
v 0.004248 -0.005704 -0.103666 0.5019 0.5019 0.5019
v 0.002081 -0.005571 -0.104729 0.5019 0.5019 0.5019
v -0.005255 -0.003342 -0.079912 0.5019 0.5019 0.5019
v -0.004250 -0.001624 -0.079301 0.5019 0.5019 0.5019
v -0.005382 -0.000712 -0.087107 0.5019 0.5019 0.5019
v -0.003604 0.000244 -0.086404 0.5019 0.5019 0.5019
v -0.000099 -0.011994 -0.104225 0.5019 0.5019 0.5019
v 0.001044 -0.013809 -0.102640 0.5019 0.5019 0.5019
v -0.000734 -0.012673 -0.100920 0.5019 0.5019 0.5019
v 0.002296 -0.012685 -0.099919 0.5019 0.5019 0.5019
v 0.001019 -0.010538 -0.105613 0.5019 0.5019 0.5019
v 0.000759 -0.011980 -0.104734 0.5019 0.5019 0.5019
v 0.001848 0.004068 -0.080688 0.5019 0.5019 0.5019
v 0.002646 0.002517 -0.079322 0.5019 0.5019 0.5019
v 0.004444 0.000308 -0.084735 0.5019 0.5019 0.5019
v 0.003577 -0.001356 -0.083131 0.5019 0.5019 0.5019
v 0.000345 0.001652 -0.089596 0.5019 0.5019 0.5019
v 0.002500 0.002373 -0.088026 0.5019 0.5019 0.5019
v 0.004159 -0.001221 -0.093353 0.5019 0.5019 0.5019
v 0.005496 -0.002268 -0.091594 0.5019 0.5019 0.5019
v 0.002646 0.002517 -0.079322 0.5019 0.5019 0.5019
v 0.002325 0.004479 -0.073442 0.5019 0.5019 0.5019
v 0.003822 0.004207 -0.071843 0.5019 0.5019 0.5019
v 0.004363 0.001206 -0.078110 0.5019 0.5019 0.5019
v 0.003517 -0.000721 -0.076694 0.5019 0.5019 0.5019
v 0.000169 -0.005335 -0.073034 0.5019 0.5019 0.5019
v -0.001435 -0.005494 -0.072066 0.5019 0.5019 0.5019
v -0.002408 -0.005029 -0.075759 0.5019 0.5019 0.5019
v -0.003032 -0.003295 -0.075100 0.5019 0.5019 0.5019
v 0.008391 -0.011573 -0.101729 0.5019 0.5019 0.5019
v 0.008405 -0.009492 -0.103104 0.5019 0.5019 0.5019
v 0.008508 -0.008308 -0.100743 0.5019 0.5019 0.5019
v 0.006766 -0.006872 -0.102159 0.5019 0.5019 0.5019
v 0.005741 -0.002988 -0.099744 0.5019 0.5019 0.5019
v 0.005525 -0.003613 -0.098386 0.5019 0.5019 0.5019
v 0.006749 -0.010481 -0.099848 0.5019 0.5019 0.5019
v 0.003316 -0.009003 -0.091734 0.5019 0.5019 0.5019
v 0.001604 -0.007728 -0.091494 0.5019 0.5019 0.5019
v 0.000635 -0.012020 -0.097623 0.5019 0.5019 0.5019
v -0.000471 -0.009726 -0.097618 0.5019 0.5019 0.5019
v -0.001948 -0.007595 -0.096520 0.5019 0.5019 0.5019
v -0.003972 -0.006047 -0.095827 0.5019 0.5019 0.5019
v -0.000173 -0.007303 -0.102256 0.5019 0.5019 0.5019
v -0.001226 -0.004893 -0.101951 0.5019 0.5019 0.5019
v -0.000355 -0.003514 -0.100245 0.5019 0.5019 0.5019
v -0.003401 -0.004098 -0.094692 0.5019 0.5019 0.5019
v 0.003142 -0.005173 -0.102739 0.5019 0.5019 0.5019
v -0.003282 -0.006826 -0.088741 0.5019 0.5019 0.5019
v -0.003595 -0.004858 -0.088265 0.5019 0.5019 0.5019
v -0.001732 -0.004830 -0.082769 0.5019 0.5019 0.5019
v -0.000864 -0.006726 -0.083192 0.5019 0.5019 0.5019
v 0.000767 -0.003893 -0.078204 0.5019 0.5019 0.5019
v 0.002408 -0.004724 -0.078986 0.5019 0.5019 0.5019
v -0.002525 -0.009663 -0.097175 0.5019 0.5019 0.5019
v -0.001948 -0.007595 -0.096520 0.5019 0.5019 0.5019
v -0.001380 -0.008792 -0.103723 0.5019 0.5019 0.5019
v -0.000173 -0.007303 -0.102256 0.5019 0.5019 0.5019
v -0.000064 -0.008794 -0.089790 0.5019 0.5019 0.5019
v -0.000908 -0.006827 -0.089764 0.5019 0.5019 0.5019
v 0.000517 -0.005193 -0.085169 0.5019 0.5019 0.5019
v 0.002319 -0.006573 -0.085960 0.5019 0.5019 0.5019
v -0.000339 -0.009901 -0.102448 0.5019 0.5019 0.5019
v 0.002627 -0.005555 -0.087626 0.5019 0.5019 0.5019
v 0.004581 -0.005216 -0.088606 0.5019 0.5019 0.5019
v 0.005954 -0.007625 -0.094013 0.5019 0.5019 0.5019
v 0.004116 -0.008218 -0.093445 0.5019 0.5019 0.5019
v 0.003432 -0.013406 -0.099221 0.5019 0.5019 0.5019
v 0.002554 -0.012312 -0.098628 0.5019 0.5019 0.5019
v 0.003040 0.001122 -0.086341 0.5019 0.5019 0.5019
v 0.004395 -0.003643 -0.090601 0.5019 0.5019 0.5019
v 0.004271 -0.012459 -0.099405 0.5019 0.5019 0.5019
v 0.005772 -0.005984 -0.095925 0.5019 0.5019 0.5019
v 0.006870 -0.004732 -0.096654 0.5019 0.5019 0.5019
v 0.004281 -0.000310 -0.094931 0.5019 0.5019 0.5019
v 0.004159 -0.001221 -0.093353 0.5019 0.5019 0.5019
v -0.004211 0.000514 -0.078012 0.5019 0.5019 0.5019
v -0.005996 -0.000344 -0.078574 0.5019 0.5019 0.5019
v -0.003753 -0.001464 -0.073838 0.5019 0.5019 0.5019
v -0.004580 -0.003065 -0.074312 0.5019 0.5019 0.5019
v 0.006766 -0.006872 -0.102159 0.5019 0.5019 0.5019
v 0.006171 -0.005374 -0.103377 0.5019 0.5019 0.5019
v 0.004088 -0.004188 -0.100786 0.5019 0.5019 0.5019
v 0.003895 -0.003185 -0.102503 0.5019 0.5019 0.5019
v -0.005091 -0.004216 -0.087918 0.5019 0.5019 0.5019
v -0.004174 -0.002687 -0.087468 0.5019 0.5019 0.5019
v -0.004268 -0.002447 -0.094532 0.5019 0.5019 0.5019
v -0.002879 -0.001737 -0.093502 0.5019 0.5019 0.5019
v 0.004248 -0.005704 -0.103666 0.5019 0.5019 0.5019
v 0.003142 -0.005173 -0.102739 0.5019 0.5019 0.5019
v -0.003401 -0.004098 -0.094692 0.5019 0.5019 0.5019
v -0.003595 -0.004858 -0.088265 0.5019 0.5019 0.5019
v 0.002554 -0.012312 -0.098628 0.5019 0.5019 0.5019
v 0.004116 -0.008218 -0.093445 0.5019 0.5019 0.5019
v 0.003040 0.001122 -0.086341 0.5019 0.5019 0.5019
v 0.004395 -0.003643 -0.090601 0.5019 0.5019 0.5019
v -0.000004 0.003289 -0.081703 0.5019 0.5019 0.5019
v 0.000937 -0.007262 -0.103733 0.5019 0.5019 0.5019
v -0.000908 -0.006827 -0.089764 0.5019 0.5019 0.5019
v 0.000517 -0.005193 -0.085169 0.5019 0.5019 0.5019
v 0.001604 -0.007728 -0.091494 0.5019 0.5019 0.5019
v -0.000471 -0.009726 -0.097618 0.5019 0.5019 0.5019
v 0.002627 -0.005555 -0.087626 0.5019 0.5019 0.5019
v 0.000315 0.003837 -0.074380 0.5019 0.5019 0.5019
v 0.004088 -0.004188 -0.100786 0.5019 0.5019 0.5019
v -0.004174 -0.002687 -0.087468 0.5019 0.5019 0.5019
v -0.002879 -0.001737 -0.093502 0.5019 0.5019 0.5019
v -0.003334 0.001031 -0.093284 0.5019 0.5019 0.5019
v 0.001446 -0.003520 -0.073656 0.5019 0.5019 0.5019
v -0.000598 -0.004430 -0.076892 0.5019 0.5019 0.5019
v -0.000598 -0.004430 -0.076892 0.5019 0.5019 0.5019
v -0.003715 -0.003889 -0.081659 0.5019 0.5019 0.5019
v 0.005525 -0.003613 -0.098386 0.5019 0.5019 0.5019
v 0.002668 -0.001425 -0.096324 0.5019 0.5019 0.5019
v -0.004250 -0.001624 -0.079301 0.5019 0.5019 0.5019
v -0.003604 0.000244 -0.086404 0.5019 0.5019 0.5019
v -0.004097 0.002582 -0.086246 0.5019 0.5019 0.5019
v 0.004271 -0.012459 -0.099405 0.5019 0.5019 0.5019
v 0.005772 -0.005984 -0.095925 0.5019 0.5019 0.5019
v -0.003753 -0.001464 -0.073838 0.5019 0.5019 0.5019
v -0.005981 -0.000334 -0.071853 0.5019 0.5019 0.5019
v -0.004211 0.000514 -0.078012 0.5019 0.5019 0.5019
v -0.004518 0.003003 -0.077129 0.5019 0.5019 0.5019
v -0.000355 -0.003514 -0.100245 0.5019 0.5019 0.5019
v -0.000107 -0.001992 -0.100107 0.5019 0.5019 0.5019
v 0.001126 -0.002373 -0.098533 0.5019 0.5019 0.5019
v 0.001126 -0.002373 -0.098533 0.5019 0.5019 0.5019
v 0.002327 -0.000264 -0.097960 0.5019 0.5019 0.5019
v -0.001627 0.000499 -0.091719 0.5019 0.5019 0.5019
v 0.002668 -0.001425 -0.096324 0.5019 0.5019 0.5019
v -0.001627 0.000499 -0.091719 0.5019 0.5019 0.5019
v -0.000585 0.002335 -0.090988 0.5019 0.5019 0.5019
v 0.000345 0.001652 -0.089596 0.5019 0.5019 0.5019
v 0.000937 -0.007262 -0.103733 0.5019 0.5019 0.5019
v 0.002690 -0.007756 -0.106121 0.5019 0.5019 0.5019
v 0.007959 -0.008310 -0.104041 0.5019 0.5019 0.5019
v 0.006765 -0.007580 -0.104907 0.5019 0.5019 0.5019
v 0.003595 -0.014956 -0.101040 0.5019 0.5019 0.5019
v 0.002221 -0.014407 -0.101872 0.5019 0.5019 0.5019
v 0.002296 -0.012685 -0.099919 0.5019 0.5019 0.5019
v 0.000220 -0.010176 -0.105317 0.5019 0.5019 0.5019
v -0.000339 -0.009901 -0.102448 0.5019 0.5019 0.5019
v 0.001163 -0.008712 -0.106005 0.5019 0.5019 0.5019
v -0.002254 0.002141 -0.084610 0.5019 0.5019 0.5019
v -0.001359 0.004185 -0.083300 0.5019 0.5019 0.5019
v -0.002254 0.002141 -0.084610 0.5019 0.5019 0.5019
v -0.000004 0.003289 -0.081703 0.5019 0.5019 0.5019
v 0.004204 -0.002610 -0.081526 0.5019 0.5019 0.5019
v 0.003577 -0.001356 -0.083131 0.5019 0.5019 0.5019
v 0.002427 -0.003097 -0.080448 0.5019 0.5019 0.5019
v -0.003715 -0.003889 -0.081659 0.5019 0.5019 0.5019
v -0.002496 0.002929 -0.076404 0.5019 0.5019 0.5019
v -0.002496 0.002929 -0.076404 0.5019 0.5019 0.5019
v -0.001672 0.004635 -0.075716 0.5019 0.5019 0.5019
v 0.000315 0.003837 -0.074380 0.5019 0.5019 0.5019
v 0.004424 -0.002044 -0.076011 0.5019 0.5019 0.5019
v 0.003517 -0.000721 -0.076694 0.5019 0.5019 0.5019
v 0.005687 0.001217 -0.072015 0.5019 0.5019 0.5019
v 0.003822 0.004207 -0.071843 0.5019 0.5019 0.5019
v 0.005630 -0.000053 -0.071909 0.5019 0.5019 0.5019
v 0.002825 -0.002659 -0.074906 0.5019 0.5019 0.5019
v 0.002688 -0.004422 -0.074126 0.5019 0.5019 0.5019
v 0.002825 -0.002659 -0.074906 0.5019 0.5019 0.5019
v 0.004604 -0.003761 -0.071957 0.5019 0.5019 0.5019
v 0.005630 -0.000053 -0.071909 0.5019 0.5019 0.5019
v 0.003669 -0.004353 -0.072045 0.5019 0.5019 0.5019
v 0.001446 -0.003520 -0.073656 0.5019 0.5019 0.5019
v 0.002427 -0.003097 -0.080448 0.5019 0.5019 0.5019
v -0.003032 -0.003295 -0.075100 0.5019 0.5019 0.5019
v -0.005567 0.001414 -0.071981 0.5019 0.5019 0.5019
v -0.004232 0.004383 -0.071977 0.5019 0.5019 0.5019
v -0.005567 0.001414 -0.071981 0.5019 0.5019 0.5019
v -0.001128 0.005663 -0.071854 0.5019 0.5019 0.5019
v -0.001128 0.005663 -0.071854 0.5019 0.5019 0.5019
v 0.001343 0.005663 -0.071949 0.5019 0.5019 0.5019
v -0.003586 -0.004635 -0.071813 0.5019 0.5019 0.5019
v -0.001435 -0.005494 -0.072066 0.5019 0.5019 0.5019
v -0.004858 -0.003247 -0.072114 0.5019 0.5019 0.5019
v -0.004858 -0.003247 -0.072114 0.5019 0.5019 0.5019
v 0.007985 -0.010177 -0.103581 0.5019 0.5019 0.5019
v 0.007813 -0.011974 -0.102437 0.5019 0.5019 0.5019
v 0.002533 -0.014149 -0.102708 0.5019 0.5019 0.5019
v 0.003739 -0.014735 -0.101924 0.5019 0.5019 0.5019
v 0.006848 -0.013231 -0.101913 0.5019 0.5019 0.5019
v 0.005872 -0.013861 -0.101812 0.5019 0.5019 0.5019
v 0.001548 -0.013658 -0.103357 0.5019 0.5019 0.5019
v 0.003190 -0.008526 -0.106247 0.5019 0.5019 0.5019
v 0.001988 -0.009275 -0.106140 0.5019 0.5019 0.5019
v 0.005123 -0.007741 -0.106143 0.5019 0.5019 0.5019
v 0.005872 -0.013861 -0.101812 0.5019 0.5019 0.5019
v 0.006848 -0.013231 -0.101913 0.5019 0.5019 0.5019
v 0.007813 -0.011974 -0.102437 0.5019 0.5019 0.5019
v 0.007985 -0.010177 -0.103581 0.5019 0.5019 0.5019
v 0.007621 -0.009208 -0.104347 0.5019 0.5019 0.5019
v 0.006688 -0.008499 -0.105124 0.5019 0.5019 0.5019
v 0.005123 -0.007741 -0.106143 0.5019 0.5019 0.5019
v 0.006688 -0.008499 -0.105124 0.5019 0.5019 0.5019
v 0.003190 -0.008526 -0.106247 0.5019 0.5019 0.5019
v 0.001988 -0.009275 -0.106140 0.5019 0.5019 0.5019
v 0.001019 -0.010538 -0.105613 0.5019 0.5019 0.5019
v 0.000759 -0.011980 -0.104734 0.5019 0.5019 0.5019
v 0.001548 -0.013658 -0.103357 0.5019 0.5019 0.5019
v 0.002533 -0.014149 -0.102708 0.5019 0.5019 0.5019
v 0.003739 -0.014735 -0.101924 0.5019 0.5019 0.5019
v 0.001437 -0.005635 -0.071935 0.5019 0.5019 0.5019
v 0.003669 -0.004353 -0.072045 0.5019 0.5019 0.5019
v -0.001091 -0.138351 0.046689 0.5019 0.5019 0.5019
v -0.001090 -0.131811 0.053056 0.5019 0.5019 0.5019
v -0.006226 -0.136306 0.045203 0.5019 0.5019 0.5019
v -0.006226 -0.130330 0.051018 0.5019 0.5019 0.5019
v -0.001091 -0.143945 0.029472 0.5019 0.5019 0.5019
v -0.001090 -0.142415 0.038461 0.5019 0.5019 0.5019
v -0.006226 -0.141418 0.029472 0.5019 0.5019 0.5019
v -0.006226 -0.140019 0.037683 0.5019 0.5019 0.5019
v -0.001091 -0.138351 0.012255 0.5019 0.5019 0.5019
v -0.001090 -0.142415 0.020421 0.5019 0.5019 0.5019
v -0.006226 -0.136306 0.013740 0.5019 0.5019 0.5019
v -0.006226 -0.140019 0.021200 0.5019 0.5019 0.5019
v -0.001090 -0.083416 0.019249 0.5019 0.5019 0.5019
v -0.001088 -0.082529 -0.000000 0.5019 0.5019 0.5019
v -0.006226 -0.085942 0.018857 0.5019 0.5019 0.5019
v -0.006226 -0.084940 -0.000000 0.5019 0.5019 0.5019
v -0.001091 -0.090957 0.046689 0.5019 0.5019 0.5019
v -0.001091 -0.086893 0.038463 0.5019 0.5019 0.5019
v -0.006226 -0.093002 0.045203 0.5019 0.5019 0.5019
v -0.006226 -0.089289 0.037683 0.5019 0.5019 0.5019
v -0.001091 -0.105603 0.057329 0.5019 0.5019 0.5019
v -0.001090 -0.097497 0.053056 0.5019 0.5019 0.5019
v -0.006226 -0.106384 0.054925 0.5019 0.5019 0.5019
v -0.006226 -0.098978 0.051018 0.5019 0.5019 0.5019
v -0.001091 -0.123705 0.057329 0.5019 0.5019 0.5019
v -0.001090 -0.114654 0.058631 0.5019 0.5019 0.5019
v -0.006226 -0.122924 0.054925 0.5019 0.5019 0.5019
v -0.006226 -0.114654 0.056111 0.5019 0.5019 0.5019
v -0.006121 -0.125459 0.036744 0.5019 0.5019 0.5019
v -0.006226 -0.136306 0.045203 0.5019 0.5019 0.5019
v -0.006121 -0.122504 0.039698 0.5019 0.5019 0.5019
v -0.006226 -0.130330 0.051018 0.5019 0.5019 0.5019
v -0.006121 -0.128009 0.028894 0.5019 0.5019 0.5019
v -0.006226 -0.141418 0.029472 0.5019 0.5019 0.5019
v -0.006121 -0.127356 0.033021 0.5019 0.5019 0.5019
v -0.006226 -0.140019 0.037683 0.5019 0.5019 0.5019
v -0.006121 -0.125459 0.021043 0.5019 0.5019 0.5019
v -0.006226 -0.136306 0.013740 0.5019 0.5019 0.5019
v -0.006121 -0.127356 0.024766 0.5019 0.5019 0.5019
v -0.006226 -0.140019 0.021200 0.5019 0.5019 0.5019
v -0.006121 -0.101298 0.028894 0.5019 0.5019 0.5019
v -0.006226 -0.085942 0.018857 0.5019 0.5019 0.5019
v -0.006121 -0.101952 0.024766 0.5019 0.5019 0.5019
v -0.006226 -0.084940 -0.000000 0.5019 0.5019 0.5019
v -0.006226 -0.093002 0.045203 0.5019 0.5019 0.5019
v -0.006226 -0.089289 0.037683 0.5019 0.5019 0.5019
v -0.006121 -0.103849 0.036744 0.5019 0.5019 0.5019
v -0.006121 -0.101952 0.033021 0.5019 0.5019 0.5019
v -0.006226 -0.106384 0.054925 0.5019 0.5019 0.5019
v -0.006226 -0.098978 0.051018 0.5019 0.5019 0.5019
v -0.006121 -0.110527 0.041596 0.5019 0.5019 0.5019
v -0.006121 -0.106804 0.039698 0.5019 0.5019 0.5019
v -0.006226 -0.122924 0.054925 0.5019 0.5019 0.5019
v -0.006226 -0.114654 0.056111 0.5019 0.5019 0.5019
v -0.006121 -0.118781 0.041596 0.5019 0.5019 0.5019
v -0.006121 -0.114654 0.042249 0.5019 0.5019 0.5019
v -0.001074 -0.131913 0.005947 0.5019 0.5019 0.5019
v -0.006226 -0.130330 0.007865 0.5019 0.5019 0.5019
v -0.006226 -0.130330 0.007865 0.5019 0.5019 0.5019
v -0.006121 -0.122504 0.018089 0.5019 0.5019 0.5019
v -0.001044 -0.131943 0.000000 0.5019 0.5019 0.5019
v -0.001074 -0.131913 0.005947 0.5019 0.5019 0.5019
v -0.006226 -0.130330 0.000000 0.5019 0.5019 0.5019
v -0.006226 -0.130330 0.007865 0.5019 0.5019 0.5019
v -0.006121 -0.114654 0.015538 0.5019 0.5019 0.5019
v -0.006121 -0.110527 0.016192 0.5019 0.5019 0.5019
v -0.001091 -0.138351 -0.046689 0.5019 0.5019 0.5019
v -0.006226 -0.136306 -0.045203 0.5019 0.5019 0.5019
v -0.001090 -0.131811 -0.053057 0.5019 0.5019 0.5019
v -0.006226 -0.130330 -0.051018 0.5019 0.5019 0.5019
v -0.001091 -0.143945 -0.029472 0.5019 0.5019 0.5019
v -0.006226 -0.141417 -0.029472 0.5019 0.5019 0.5019
v -0.001090 -0.142415 -0.038461 0.5019 0.5019 0.5019
v -0.006226 -0.140019 -0.037683 0.5019 0.5019 0.5019
v -0.001091 -0.138351 -0.012255 0.5019 0.5019 0.5019
v -0.006226 -0.136306 -0.013741 0.5019 0.5019 0.5019
v -0.001090 -0.142415 -0.020421 0.5019 0.5019 0.5019
v -0.006226 -0.140019 -0.021200 0.5019 0.5019 0.5019
v -0.001090 -0.083416 -0.019249 0.5019 0.5019 0.5019
v -0.006226 -0.085942 -0.018857 0.5019 0.5019 0.5019
v -0.001091 -0.090957 -0.046689 0.5019 0.5019 0.5019
v -0.006226 -0.093002 -0.045203 0.5019 0.5019 0.5019
v -0.001091 -0.086893 -0.038463 0.5019 0.5019 0.5019
v -0.006226 -0.089289 -0.037683 0.5019 0.5019 0.5019
v -0.001091 -0.105603 -0.057329 0.5019 0.5019 0.5019
v -0.006226 -0.106384 -0.054925 0.5019 0.5019 0.5019
v -0.001090 -0.097497 -0.053057 0.5019 0.5019 0.5019
v -0.006226 -0.098978 -0.051018 0.5019 0.5019 0.5019
v -0.001091 -0.123705 -0.057329 0.5019 0.5019 0.5019
v -0.006226 -0.122924 -0.054925 0.5019 0.5019 0.5019
v -0.001090 -0.114654 -0.058631 0.5019 0.5019 0.5019
v -0.006226 -0.114654 -0.056112 0.5019 0.5019 0.5019
v -0.006121 -0.125398 -0.036700 0.5019 0.5019 0.5019
v -0.006121 -0.122460 -0.039638 0.5019 0.5019 0.5019
v -0.006226 -0.136306 -0.045203 0.5019 0.5019 0.5019
v -0.006226 -0.130330 -0.051018 0.5019 0.5019 0.5019
v -0.006121 -0.127934 -0.028894 0.5019 0.5019 0.5019
v -0.006121 -0.127284 -0.032997 0.5019 0.5019 0.5019
v -0.006226 -0.141417 -0.029472 0.5019 0.5019 0.5019
v -0.006226 -0.140019 -0.037683 0.5019 0.5019 0.5019
v -0.006121 -0.125398 -0.021087 0.5019 0.5019 0.5019
v -0.006121 -0.127284 -0.024790 0.5019 0.5019 0.5019
v -0.006226 -0.136306 -0.013741 0.5019 0.5019 0.5019
v -0.006226 -0.140019 -0.021200 0.5019 0.5019 0.5019
v -0.006121 -0.101373 -0.028894 0.5019 0.5019 0.5019
v -0.006121 -0.102023 -0.024790 0.5019 0.5019 0.5019
v -0.006226 -0.085942 -0.018857 0.5019 0.5019 0.5019
v -0.006121 -0.102023 -0.032997 0.5019 0.5019 0.5019
v -0.006226 -0.089289 -0.037683 0.5019 0.5019 0.5019
v -0.006121 -0.103910 -0.036700 0.5019 0.5019 0.5019
v -0.006226 -0.093002 -0.045203 0.5019 0.5019 0.5019
v -0.006121 -0.106848 -0.039638 0.5019 0.5019 0.5019
v -0.006226 -0.098978 -0.051018 0.5019 0.5019 0.5019
v -0.006121 -0.110550 -0.041524 0.5019 0.5019 0.5019
v -0.006226 -0.106384 -0.054925 0.5019 0.5019 0.5019
v -0.006121 -0.114654 -0.042174 0.5019 0.5019 0.5019
v -0.006226 -0.114654 -0.056112 0.5019 0.5019 0.5019
v -0.006121 -0.118758 -0.041524 0.5019 0.5019 0.5019
v -0.006226 -0.122924 -0.054925 0.5019 0.5019 0.5019
v -0.006226 -0.130330 -0.007865 0.5019 0.5019 0.5019
v -0.001074 -0.131913 -0.005947 0.5019 0.5019 0.5019
v -0.006121 -0.122460 -0.018149 0.5019 0.5019 0.5019
v -0.006226 -0.130330 -0.007865 0.5019 0.5019 0.5019
v -0.006226 -0.130330 -0.007865 0.5019 0.5019 0.5019
v -0.001074 -0.131913 -0.005947 0.5019 0.5019 0.5019
v -0.006121 -0.118758 -0.016263 0.5019 0.5019 0.5019
v -0.006121 -0.114654 -0.015613 0.5019 0.5019 0.5019
v -0.006226 -0.130330 0.000000 0.5019 0.5019 0.5019
v 0.000000 -0.076564 -0.011327 0.5019 0.5019 0.5019
v 0.000000 -0.078314 -0.012700 0.5019 0.5019 0.5019
v -0.009810 -0.076564 -0.005664 0.5019 0.5019 0.5019
v -0.010999 -0.078314 -0.006350 0.5019 0.5019 0.5019
v -0.009810 -0.076564 -0.005664 0.5019 0.5019 0.5019
v -0.010999 -0.078314 -0.006350 0.5019 0.5019 0.5019
v -0.009810 -0.076564 0.005664 0.5019 0.5019 0.5019
v -0.010999 -0.078314 0.006350 0.5019 0.5019 0.5019
v -0.009810 -0.076564 0.005664 0.5019 0.5019 0.5019
v -0.010999 -0.078314 0.006350 0.5019 0.5019 0.5019
v 0.000000 -0.076564 0.011327 0.5019 0.5019 0.5019
v 0.000000 -0.078314 0.012700 0.5019 0.5019 0.5019
v 0.000000 -0.101855 -0.012700 0.5019 0.5019 0.5019
v 0.000000 -0.127146 0.000000 0.5019 0.5019 0.5019
v -0.010999 -0.101855 -0.006350 0.5019 0.5019 0.5019
v -0.010999 -0.101855 -0.006350 0.5019 0.5019 0.5019
v 0.000000 -0.127146 0.000000 0.5019 0.5019 0.5019
v -0.010999 -0.101855 0.006350 0.5019 0.5019 0.5019
v -0.010999 -0.101855 0.006350 0.5019 0.5019 0.5019
v 0.000000 -0.127146 0.000000 0.5019 0.5019 0.5019
v 0.000000 -0.101855 0.012700 0.5019 0.5019 0.5019
v 0.000000 -0.076564 -0.011327 0.5019 0.5019 0.5019
v -0.009810 -0.076564 -0.005664 0.5019 0.5019 0.5019
v 0.000000 -0.076564 0.011327 0.5019 0.5019 0.5019
v -0.009810 -0.076564 0.005664 0.5019 0.5019 0.5019
v 0.001091 -0.138351 0.046689 0.5019 0.5019 0.5019
v 0.006226 -0.136306 0.045203 0.5019 0.5019 0.5019
v 0.001090 -0.131811 0.053056 0.5019 0.5019 0.5019
v 0.006226 -0.130330 0.051018 0.5019 0.5019 0.5019
v 0.001091 -0.143945 0.029472 0.5019 0.5019 0.5019
v 0.006226 -0.141418 0.029472 0.5019 0.5019 0.5019
v 0.001090 -0.142415 0.038461 0.5019 0.5019 0.5019
v 0.006226 -0.140019 0.037683 0.5019 0.5019 0.5019
v 0.001091 -0.138351 0.012255 0.5019 0.5019 0.5019
v 0.006226 -0.136306 0.013740 0.5019 0.5019 0.5019
v 0.001090 -0.142415 0.020421 0.5019 0.5019 0.5019
v 0.006226 -0.140019 0.021200 0.5019 0.5019 0.5019
v 0.001090 -0.083416 0.019249 0.5019 0.5019 0.5019
v 0.006226 -0.085942 0.018857 0.5019 0.5019 0.5019
v 0.001088 -0.082529 -0.000000 0.5019 0.5019 0.5019
v 0.006226 -0.084940 -0.000000 0.5019 0.5019 0.5019
v 0.001091 -0.090957 0.046689 0.5019 0.5019 0.5019
v 0.006226 -0.093002 0.045203 0.5019 0.5019 0.5019
v 0.001091 -0.086893 0.038463 0.5019 0.5019 0.5019
v 0.006226 -0.089289 0.037683 0.5019 0.5019 0.5019
v 0.001091 -0.105603 0.057329 0.5019 0.5019 0.5019
v 0.006226 -0.106384 0.054925 0.5019 0.5019 0.5019
v 0.001090 -0.097497 0.053056 0.5019 0.5019 0.5019
v 0.006226 -0.098978 0.051018 0.5019 0.5019 0.5019
v 0.001091 -0.123705 0.057329 0.5019 0.5019 0.5019
v 0.006226 -0.122924 0.054925 0.5019 0.5019 0.5019
v 0.001090 -0.114654 0.058631 0.5019 0.5019 0.5019
v 0.006226 -0.114654 0.056111 0.5019 0.5019 0.5019
v 0.006121 -0.125459 0.036744 0.5019 0.5019 0.5019
v 0.006121 -0.122504 0.039698 0.5019 0.5019 0.5019
v 0.006226 -0.136306 0.045203 0.5019 0.5019 0.5019
v 0.006226 -0.130330 0.051018 0.5019 0.5019 0.5019
v 0.006121 -0.128010 0.028894 0.5019 0.5019 0.5019
v 0.006121 -0.127356 0.033021 0.5019 0.5019 0.5019
v 0.006226 -0.141418 0.029472 0.5019 0.5019 0.5019
v 0.006226 -0.140019 0.037683 0.5019 0.5019 0.5019
v 0.006121 -0.125459 0.021043 0.5019 0.5019 0.5019
v 0.006121 -0.127356 0.024766 0.5019 0.5019 0.5019
v 0.006226 -0.136306 0.013740 0.5019 0.5019 0.5019
v 0.006226 -0.140019 0.021200 0.5019 0.5019 0.5019
v 0.006121 -0.101298 0.028894 0.5019 0.5019 0.5019
v 0.006121 -0.101952 0.024766 0.5019 0.5019 0.5019
v 0.006226 -0.085942 0.018857 0.5019 0.5019 0.5019
v 0.006226 -0.084940 -0.000000 0.5019 0.5019 0.5019
v 0.006121 -0.101952 0.033021 0.5019 0.5019 0.5019
v 0.006226 -0.089289 0.037683 0.5019 0.5019 0.5019
v 0.006121 -0.103849 0.036744 0.5019 0.5019 0.5019
v 0.006226 -0.093002 0.045203 0.5019 0.5019 0.5019
v 0.006121 -0.106804 0.039698 0.5019 0.5019 0.5019
v 0.006226 -0.098978 0.051018 0.5019 0.5019 0.5019
v 0.006121 -0.110527 0.041596 0.5019 0.5019 0.5019
v 0.006226 -0.106384 0.054925 0.5019 0.5019 0.5019
v 0.006121 -0.114654 0.042249 0.5019 0.5019 0.5019
v 0.006226 -0.114654 0.056111 0.5019 0.5019 0.5019
v 0.006121 -0.118781 0.041596 0.5019 0.5019 0.5019
v 0.006226 -0.122924 0.054925 0.5019 0.5019 0.5019
v -0.004243 -0.114654 0.017242 0.5019 0.5019 0.5019
v -0.004243 -0.111053 0.017812 0.5019 0.5019 0.5019
v -0.006121 -0.114654 0.015538 0.5019 0.5019 0.5019
v -0.006121 -0.110527 0.016192 0.5019 0.5019 0.5019
v -0.004243 -0.121502 0.038320 0.5019 0.5019 0.5019
v -0.004243 -0.124080 0.035742 0.5019 0.5019 0.5019
v -0.006121 -0.122504 0.039698 0.5019 0.5019 0.5019
v -0.006121 -0.125459 0.036744 0.5019 0.5019 0.5019
v -0.004243 -0.125735 0.032494 0.5019 0.5019 0.5019
v -0.004243 -0.126305 0.028894 0.5019 0.5019 0.5019
v -0.006121 -0.127356 0.033021 0.5019 0.5019 0.5019
v -0.006121 -0.128009 0.028894 0.5019 0.5019 0.5019
v -0.004243 -0.125735 0.025293 0.5019 0.5019 0.5019
v -0.004243 -0.124080 0.022045 0.5019 0.5019 0.5019
v -0.006121 -0.127356 0.024766 0.5019 0.5019 0.5019
v -0.006121 -0.125459 0.021043 0.5019 0.5019 0.5019
v -0.004243 -0.103573 0.025293 0.5019 0.5019 0.5019
v -0.004243 -0.103002 0.028894 0.5019 0.5019 0.5019
v -0.006121 -0.101952 0.024766 0.5019 0.5019 0.5019
v -0.006121 -0.101298 0.028894 0.5019 0.5019 0.5019
v -0.004243 -0.103573 0.032494 0.5019 0.5019 0.5019
v -0.004243 -0.105228 0.035742 0.5019 0.5019 0.5019
v -0.006121 -0.101952 0.033021 0.5019 0.5019 0.5019
v -0.006121 -0.103849 0.036744 0.5019 0.5019 0.5019
v -0.004243 -0.107805 0.038320 0.5019 0.5019 0.5019
v -0.004243 -0.111053 0.039975 0.5019 0.5019 0.5019
v -0.006121 -0.106804 0.039698 0.5019 0.5019 0.5019
v -0.006121 -0.110527 0.041596 0.5019 0.5019 0.5019
v -0.004243 -0.114654 0.040545 0.5019 0.5019 0.5019
v -0.004243 -0.118254 0.039975 0.5019 0.5019 0.5019
v -0.006121 -0.114654 0.042249 0.5019 0.5019 0.5019
v -0.006121 -0.118781 0.041596 0.5019 0.5019 0.5019
v -0.004243 -0.107805 0.019467 0.5019 0.5019 0.5019
v -0.004243 -0.105228 0.022045 0.5019 0.5019 0.5019
v -0.006121 -0.106804 0.018089 0.5019 0.5019 0.5019
v -0.006121 -0.103849 0.021043 0.5019 0.5019 0.5019
v -0.004243 -0.121502 0.019467 0.5019 0.5019 0.5019
v -0.004243 -0.118254 0.017812 0.5019 0.5019 0.5019
v -0.006121 -0.122504 0.018089 0.5019 0.5019 0.5019
v -0.006121 -0.118781 0.016192 0.5019 0.5019 0.5019
v 0.006226 -0.130330 0.007865 0.5019 0.5019 0.5019
v 0.001074 -0.131913 0.005947 0.5019 0.5019 0.5019
v 0.006121 -0.122504 0.018089 0.5019 0.5019 0.5019
v 0.006226 -0.130330 0.007865 0.5019 0.5019 0.5019
v -0.004243 -0.114654 0.017242 0.5019 0.5019 0.5019
v -0.006121 -0.114654 0.015538 0.5019 0.5019 0.5019
v 0.006226 -0.130330 0.007865 0.5019 0.5019 0.5019
v 0.001074 -0.131913 0.005947 0.5019 0.5019 0.5019
v 0.006226 -0.130330 0.000000 0.5019 0.5019 0.5019
v 0.001044 -0.131943 0.000000 0.5019 0.5019 0.5019
v 0.006121 -0.118781 0.016192 0.5019 0.5019 0.5019
v 0.006121 -0.114654 0.015538 0.5019 0.5019 0.5019
v 0.006226 -0.130330 0.000000 0.5019 0.5019 0.5019
v 0.001091 -0.138351 -0.046689 0.5019 0.5019 0.5019
v 0.001090 -0.131811 -0.053057 0.5019 0.5019 0.5019
v 0.006226 -0.136306 -0.045203 0.5019 0.5019 0.5019
v 0.006226 -0.130330 -0.051018 0.5019 0.5019 0.5019
v 0.001091 -0.143945 -0.029472 0.5019 0.5019 0.5019
v 0.001090 -0.142415 -0.038461 0.5019 0.5019 0.5019
v 0.006226 -0.141418 -0.029472 0.5019 0.5019 0.5019
v 0.006226 -0.140019 -0.037683 0.5019 0.5019 0.5019
v 0.001091 -0.138351 -0.012255 0.5019 0.5019 0.5019
v 0.001090 -0.142415 -0.020421 0.5019 0.5019 0.5019
v 0.006226 -0.136306 -0.013741 0.5019 0.5019 0.5019
v 0.006226 -0.140019 -0.021200 0.5019 0.5019 0.5019
v 0.001090 -0.083416 -0.019249 0.5019 0.5019 0.5019
v 0.006226 -0.085942 -0.018857 0.5019 0.5019 0.5019
v 0.001091 -0.090957 -0.046689 0.5019 0.5019 0.5019
v 0.001091 -0.086893 -0.038463 0.5019 0.5019 0.5019
v 0.006226 -0.093002 -0.045203 0.5019 0.5019 0.5019
v 0.006226 -0.089289 -0.037683 0.5019 0.5019 0.5019
v 0.001091 -0.105603 -0.057329 0.5019 0.5019 0.5019
v 0.001090 -0.097497 -0.053057 0.5019 0.5019 0.5019
v 0.006226 -0.106384 -0.054925 0.5019 0.5019 0.5019
v 0.006226 -0.098978 -0.051018 0.5019 0.5019 0.5019
v 0.001091 -0.123705 -0.057329 0.5019 0.5019 0.5019
v 0.001090 -0.114654 -0.058631 0.5019 0.5019 0.5019
v 0.006226 -0.122924 -0.054925 0.5019 0.5019 0.5019
v 0.006226 -0.114654 -0.056112 0.5019 0.5019 0.5019
v 0.006121 -0.125398 -0.036700 0.5019 0.5019 0.5019
v 0.006226 -0.136306 -0.045203 0.5019 0.5019 0.5019
v 0.006121 -0.122460 -0.039638 0.5019 0.5019 0.5019
v 0.006226 -0.130330 -0.051018 0.5019 0.5019 0.5019
v 0.006121 -0.127934 -0.028894 0.5019 0.5019 0.5019
v 0.006226 -0.141418 -0.029472 0.5019 0.5019 0.5019
v 0.006121 -0.127284 -0.032997 0.5019 0.5019 0.5019
v 0.006226 -0.140019 -0.037683 0.5019 0.5019 0.5019
v 0.006121 -0.125398 -0.021088 0.5019 0.5019 0.5019
v 0.006226 -0.136306 -0.013741 0.5019 0.5019 0.5019
v 0.006121 -0.127284 -0.024790 0.5019 0.5019 0.5019
v 0.006226 -0.140019 -0.021200 0.5019 0.5019 0.5019
v 0.006121 -0.101373 -0.028894 0.5019 0.5019 0.5019
v 0.006226 -0.085942 -0.018857 0.5019 0.5019 0.5019
v 0.006121 -0.102023 -0.024790 0.5019 0.5019 0.5019
v 0.006226 -0.093002 -0.045203 0.5019 0.5019 0.5019
v 0.006226 -0.089289 -0.037683 0.5019 0.5019 0.5019
v 0.006121 -0.103910 -0.036700 0.5019 0.5019 0.5019
v 0.006121 -0.102023 -0.032997 0.5019 0.5019 0.5019
v 0.006226 -0.106384 -0.054925 0.5019 0.5019 0.5019
v 0.006226 -0.098978 -0.051018 0.5019 0.5019 0.5019
v 0.006121 -0.110550 -0.041524 0.5019 0.5019 0.5019
v 0.006121 -0.106848 -0.039638 0.5019 0.5019 0.5019
v 0.006226 -0.122924 -0.054925 0.5019 0.5019 0.5019
v 0.006226 -0.114654 -0.056112 0.5019 0.5019 0.5019
v 0.006121 -0.118758 -0.041524 0.5019 0.5019 0.5019
v 0.006121 -0.114654 -0.042174 0.5019 0.5019 0.5019
v -0.004243 -0.114654 -0.017242 0.5019 0.5019 0.5019
v -0.006121 -0.114654 -0.015613 0.5019 0.5019 0.5019
v -0.004243 -0.111053 -0.017812 0.5019 0.5019 0.5019
v -0.006121 -0.110550 -0.016263 0.5019 0.5019 0.5019
v -0.004243 -0.121502 -0.038320 0.5019 0.5019 0.5019
v -0.006121 -0.122460 -0.039638 0.5019 0.5019 0.5019
v -0.004243 -0.124080 -0.035742 0.5019 0.5019 0.5019
v -0.006121 -0.125398 -0.036700 0.5019 0.5019 0.5019
v -0.004243 -0.125735 -0.032494 0.5019 0.5019 0.5019
v -0.006121 -0.127284 -0.032997 0.5019 0.5019 0.5019
v -0.004243 -0.126305 -0.028894 0.5019 0.5019 0.5019
v -0.006121 -0.127934 -0.028894 0.5019 0.5019 0.5019
v -0.004243 -0.125735 -0.025293 0.5019 0.5019 0.5019
v -0.006121 -0.127284 -0.024790 0.5019 0.5019 0.5019
v -0.004243 -0.124080 -0.022045 0.5019 0.5019 0.5019
v -0.006121 -0.125398 -0.021087 0.5019 0.5019 0.5019
v -0.004243 -0.103573 -0.025293 0.5019 0.5019 0.5019
v -0.006121 -0.102023 -0.024790 0.5019 0.5019 0.5019
v -0.004243 -0.103002 -0.028894 0.5019 0.5019 0.5019
v -0.006121 -0.101373 -0.028894 0.5019 0.5019 0.5019
v -0.004243 -0.103573 -0.032494 0.5019 0.5019 0.5019
v -0.006121 -0.102023 -0.032997 0.5019 0.5019 0.5019
v -0.004243 -0.105228 -0.035742 0.5019 0.5019 0.5019
v -0.006121 -0.103910 -0.036700 0.5019 0.5019 0.5019
v -0.004243 -0.107805 -0.038320 0.5019 0.5019 0.5019
v -0.006121 -0.106848 -0.039638 0.5019 0.5019 0.5019
v -0.004243 -0.111053 -0.039975 0.5019 0.5019 0.5019
v -0.006121 -0.110550 -0.041524 0.5019 0.5019 0.5019
v -0.004243 -0.114654 -0.040545 0.5019 0.5019 0.5019
v -0.006121 -0.114654 -0.042174 0.5019 0.5019 0.5019
v -0.004243 -0.118254 -0.039975 0.5019 0.5019 0.5019
v -0.006121 -0.118758 -0.041524 0.5019 0.5019 0.5019
v -0.004243 -0.107805 -0.019467 0.5019 0.5019 0.5019
v -0.006121 -0.106848 -0.018149 0.5019 0.5019 0.5019
v -0.004243 -0.105228 -0.022045 0.5019 0.5019 0.5019
v -0.006121 -0.103910 -0.021087 0.5019 0.5019 0.5019
v -0.004243 -0.121502 -0.019467 0.5019 0.5019 0.5019
v -0.006121 -0.122460 -0.018149 0.5019 0.5019 0.5019
v -0.004243 -0.118254 -0.017812 0.5019 0.5019 0.5019
v -0.006121 -0.118758 -0.016263 0.5019 0.5019 0.5019
v -0.004243 -0.114654 -0.040545 0.5019 0.5019 0.5019
v -0.006121 -0.114654 -0.042174 0.5019 0.5019 0.5019
v 0.001074 -0.131913 -0.005947 0.5019 0.5019 0.5019
v 0.006226 -0.130330 -0.007865 0.5019 0.5019 0.5019
v 0.006226 -0.130330 -0.007865 0.5019 0.5019 0.5019
v 0.006121 -0.122460 -0.018149 0.5019 0.5019 0.5019
v 0.001074 -0.131913 -0.005947 0.5019 0.5019 0.5019
v 0.006226 -0.130330 -0.007865 0.5019 0.5019 0.5019
v 0.006121 -0.103573 0.000000 0.5019 0.5019 0.5019
v 0.006121 -0.114654 -0.015613 0.5019 0.5019 0.5019
v 0.006121 -0.121502 0.000000 0.5019 0.5019 0.5019
v 0.006121 -0.105228 0.000000 0.5019 0.5019 0.5019
v 0.006121 -0.107805 0.000000 0.5019 0.5019 0.5019
v 0.006121 -0.111053 0.000000 0.5019 0.5019 0.5019
v 0.006121 -0.118254 0.000000 0.5019 0.5019 0.5019
v 0.006121 -0.114654 0.000000 0.5019 0.5019 0.5019
v 0.000000 -0.076564 -0.011327 0.5019 0.5019 0.5019
v 0.009810 -0.076564 -0.005664 0.5019 0.5019 0.5019
v 0.000000 -0.078314 -0.012700 0.5019 0.5019 0.5019
v 0.010999 -0.078314 -0.006350 0.5019 0.5019 0.5019
v 0.009810 -0.076564 -0.005664 0.5019 0.5019 0.5019
v 0.009810 -0.076564 0.005664 0.5019 0.5019 0.5019
v 0.010999 -0.078314 -0.006350 0.5019 0.5019 0.5019
v 0.010999 -0.078314 0.006350 0.5019 0.5019 0.5019
v 0.009810 -0.076564 0.005664 0.5019 0.5019 0.5019
v 0.000000 -0.076564 0.011327 0.5019 0.5019 0.5019
v 0.010999 -0.078314 0.006350 0.5019 0.5019 0.5019
v 0.000000 -0.078314 0.012700 0.5019 0.5019 0.5019
v 0.000000 -0.101855 -0.012700 0.5019 0.5019 0.5019
v 0.010999 -0.101855 -0.006350 0.5019 0.5019 0.5019
v 0.000000 -0.127146 0.000000 0.5019 0.5019 0.5019
v 0.010999 -0.101855 -0.006350 0.5019 0.5019 0.5019
v 0.010999 -0.101855 0.006350 0.5019 0.5019 0.5019
v 0.000000 -0.127146 0.000000 0.5019 0.5019 0.5019
v 0.010999 -0.101855 0.006350 0.5019 0.5019 0.5019
v 0.000000 -0.101855 0.012700 0.5019 0.5019 0.5019
v 0.000000 -0.127146 0.000000 0.5019 0.5019 0.5019
v 0.000000 -0.076564 -0.011327 0.5019 0.5019 0.5019
v 0.000000 -0.076564 0.011327 0.5019 0.5019 0.5019
v 0.009810 -0.076564 -0.005664 0.5019 0.5019 0.5019
v 0.009810 -0.076564 0.005664 0.5019 0.5019 0.5019
v -0.006298 -0.054723 -0.006298 0.5019 0.5019 0.5019
v 0.006298 -0.054723 -0.006298 0.5019 0.5019 0.5019
v -0.006298 -0.091504 -0.006298 0.5019 0.5019 0.5019
v 0.006298 -0.091504 -0.006298 0.5019 0.5019 0.5019
v -0.006298 -0.091504 0.006298 0.5019 0.5019 0.5019
v 0.006298 -0.091504 0.006298 0.5019 0.5019 0.5019
v -0.006298 -0.054723 0.006298 0.5019 0.5019 0.5019
v 0.006298 -0.054723 0.006298 0.5019 0.5019 0.5019
v 0.006298 -0.054723 0.006298 0.5019 0.5019 0.5019
v 0.006298 -0.091504 0.006298 0.5019 0.5019 0.5019
v 0.006298 -0.054723 -0.006298 0.5019 0.5019 0.5019
v 0.006298 -0.091504 -0.006298 0.5019 0.5019 0.5019
v -0.006298 -0.091504 0.006298 0.5019 0.5019 0.5019
v -0.006298 -0.054723 0.006298 0.5019 0.5019 0.5019
v -0.006298 -0.091504 -0.006298 0.5019 0.5019 0.5019
v -0.006298 -0.054723 -0.006298 0.5019 0.5019 0.5019
v 0.006121 -0.122460 -0.018149 0.5019 0.5019 0.5019
v 0.004243 -0.121502 -0.019467 0.5019 0.5019 0.5019
v 0.006121 -0.118758 -0.016263 0.5019 0.5019 0.5019
v 0.004243 -0.118254 -0.017812 0.5019 0.5019 0.5019
v 0.006121 -0.125398 -0.021088 0.5019 0.5019 0.5019
v 0.004243 -0.124080 -0.022045 0.5019 0.5019 0.5019
v 0.006121 -0.127284 -0.024790 0.5019 0.5019 0.5019
v 0.004243 -0.125735 -0.025293 0.5019 0.5019 0.5019
v 0.006121 -0.127934 -0.028894 0.5019 0.5019 0.5019
v 0.004243 -0.126305 -0.028894 0.5019 0.5019 0.5019
v 0.006121 -0.127284 -0.032997 0.5019 0.5019 0.5019
v 0.004243 -0.125735 -0.032494 0.5019 0.5019 0.5019
v 0.006121 -0.125398 -0.036700 0.5019 0.5019 0.5019
v 0.004243 -0.124080 -0.035742 0.5019 0.5019 0.5019
v 0.006121 -0.122460 -0.039638 0.5019 0.5019 0.5019
v 0.004243 -0.121502 -0.038320 0.5019 0.5019 0.5019
v 0.006121 -0.118758 -0.041524 0.5019 0.5019 0.5019
v 0.004243 -0.118254 -0.039975 0.5019 0.5019 0.5019
v 0.006121 -0.114654 -0.042174 0.5019 0.5019 0.5019
v 0.004243 -0.114654 -0.040545 0.5019 0.5019 0.5019
v 0.006121 -0.110550 -0.041524 0.5019 0.5019 0.5019
v 0.004243 -0.111053 -0.039975 0.5019 0.5019 0.5019
v 0.006121 -0.114654 -0.042174 0.5019 0.5019 0.5019
v 0.004243 -0.114654 -0.040545 0.5019 0.5019 0.5019
v 0.006121 -0.106848 -0.039638 0.5019 0.5019 0.5019
v 0.004243 -0.107805 -0.038320 0.5019 0.5019 0.5019
v 0.006121 -0.103910 -0.036700 0.5019 0.5019 0.5019
v 0.004243 -0.105228 -0.035742 0.5019 0.5019 0.5019
v 0.006121 -0.102023 -0.032997 0.5019 0.5019 0.5019
v 0.004243 -0.103573 -0.032494 0.5019 0.5019 0.5019
v 0.006121 -0.101373 -0.028894 0.5019 0.5019 0.5019
v 0.004243 -0.103002 -0.028894 0.5019 0.5019 0.5019
v 0.006121 -0.102023 -0.024790 0.5019 0.5019 0.5019
v 0.004243 -0.103573 -0.025293 0.5019 0.5019 0.5019
v 0.006121 -0.103910 -0.021087 0.5019 0.5019 0.5019
v 0.004243 -0.105228 -0.022045 0.5019 0.5019 0.5019
v 0.006121 -0.106848 -0.018149 0.5019 0.5019 0.5019
v 0.004243 -0.107805 -0.019467 0.5019 0.5019 0.5019
v 0.006121 -0.110550 -0.016263 0.5019 0.5019 0.5019
v 0.004243 -0.111053 -0.017812 0.5019 0.5019 0.5019
v 0.006121 -0.114654 -0.015613 0.5019 0.5019 0.5019
v 0.004243 -0.114654 -0.017242 0.5019 0.5019 0.5019
v 0.004243 -0.121502 -0.019467 0.5019 0.5019 0.5019
v -0.004243 -0.121502 -0.019467 0.5019 0.5019 0.5019
v 0.004243 -0.118254 -0.017812 0.5019 0.5019 0.5019
v -0.004243 -0.118254 -0.017812 0.5019 0.5019 0.5019
v 0.004243 -0.124080 -0.022045 0.5019 0.5019 0.5019
v -0.004243 -0.124080 -0.022045 0.5019 0.5019 0.5019
v 0.004243 -0.125735 -0.025293 0.5019 0.5019 0.5019
v -0.004243 -0.125735 -0.025293 0.5019 0.5019 0.5019
v 0.004243 -0.126305 -0.028894 0.5019 0.5019 0.5019
v -0.004243 -0.126305 -0.028894 0.5019 0.5019 0.5019
v 0.004243 -0.125735 -0.032494 0.5019 0.5019 0.5019
v -0.004243 -0.125735 -0.032494 0.5019 0.5019 0.5019
v 0.004243 -0.124080 -0.035742 0.5019 0.5019 0.5019
v -0.004243 -0.124080 -0.035742 0.5019 0.5019 0.5019
v 0.004243 -0.121502 -0.038320 0.5019 0.5019 0.5019
v -0.004243 -0.121502 -0.038320 0.5019 0.5019 0.5019
v 0.004243 -0.118254 -0.039975 0.5019 0.5019 0.5019
v -0.004243 -0.118254 -0.039975 0.5019 0.5019 0.5019
v 0.004243 -0.114654 -0.040545 0.5019 0.5019 0.5019
v -0.004243 -0.114654 -0.040545 0.5019 0.5019 0.5019
v 0.004243 -0.111053 -0.039975 0.5019 0.5019 0.5019
v -0.004243 -0.111053 -0.039975 0.5019 0.5019 0.5019
v 0.004243 -0.114654 -0.040545 0.5019 0.5019 0.5019
v -0.004243 -0.114654 -0.040545 0.5019 0.5019 0.5019
v 0.004243 -0.107805 -0.038320 0.5019 0.5019 0.5019
v -0.004243 -0.107805 -0.038320 0.5019 0.5019 0.5019
v 0.004243 -0.105228 -0.035742 0.5019 0.5019 0.5019
v -0.004243 -0.105228 -0.035742 0.5019 0.5019 0.5019
v 0.004243 -0.103573 -0.032494 0.5019 0.5019 0.5019
v -0.004243 -0.103573 -0.032494 0.5019 0.5019 0.5019
v 0.004243 -0.103002 -0.028894 0.5019 0.5019 0.5019
v -0.004243 -0.103002 -0.028894 0.5019 0.5019 0.5019
v 0.004243 -0.103573 -0.025293 0.5019 0.5019 0.5019
v -0.004243 -0.103573 -0.025293 0.5019 0.5019 0.5019
v 0.004243 -0.105228 -0.022045 0.5019 0.5019 0.5019
v -0.004243 -0.105228 -0.022045 0.5019 0.5019 0.5019
v 0.004243 -0.107805 -0.019467 0.5019 0.5019 0.5019
v -0.004243 -0.107805 -0.019467 0.5019 0.5019 0.5019
v 0.004243 -0.111053 -0.017812 0.5019 0.5019 0.5019
v -0.004243 -0.111053 -0.017812 0.5019 0.5019 0.5019
v 0.004243 -0.114654 -0.017242 0.5019 0.5019 0.5019
v -0.004243 -0.114654 -0.017242 0.5019 0.5019 0.5019
v 0.006121 -0.118781 0.041596 0.5019 0.5019 0.5019
v 0.006121 -0.122504 0.039698 0.5019 0.5019 0.5019
v 0.004243 -0.118254 0.039975 0.5019 0.5019 0.5019
v 0.004243 -0.121502 0.038320 0.5019 0.5019 0.5019
v 0.006121 -0.125459 0.036744 0.5019 0.5019 0.5019
v 0.004243 -0.124080 0.035742 0.5019 0.5019 0.5019
v 0.006121 -0.127356 0.033021 0.5019 0.5019 0.5019
v 0.004243 -0.125735 0.032494 0.5019 0.5019 0.5019
v 0.006121 -0.128010 0.028894 0.5019 0.5019 0.5019
v 0.004243 -0.126305 0.028894 0.5019 0.5019 0.5019
v 0.006121 -0.127356 0.024766 0.5019 0.5019 0.5019
v 0.004243 -0.125735 0.025293 0.5019 0.5019 0.5019
v 0.006121 -0.125459 0.021043 0.5019 0.5019 0.5019
v 0.004243 -0.124080 0.022045 0.5019 0.5019 0.5019
v 0.006121 -0.122504 0.018089 0.5019 0.5019 0.5019
v 0.004243 -0.121502 0.019467 0.5019 0.5019 0.5019
v 0.006121 -0.118781 0.016192 0.5019 0.5019 0.5019
v 0.004243 -0.118254 0.017812 0.5019 0.5019 0.5019
v 0.006121 -0.114654 0.015538 0.5019 0.5019 0.5019
v 0.004243 -0.114654 0.017242 0.5019 0.5019 0.5019
v 0.006121 -0.114654 0.015538 0.5019 0.5019 0.5019
v 0.006121 -0.110527 0.016192 0.5019 0.5019 0.5019
v 0.004243 -0.114654 0.017242 0.5019 0.5019 0.5019
v 0.004243 -0.111053 0.017812 0.5019 0.5019 0.5019
v 0.006121 -0.106804 0.018089 0.5019 0.5019 0.5019
v 0.004243 -0.107805 0.019467 0.5019 0.5019 0.5019
v 0.006121 -0.103849 0.021043 0.5019 0.5019 0.5019
v 0.004243 -0.105228 0.022045 0.5019 0.5019 0.5019
v 0.006121 -0.101952 0.024766 0.5019 0.5019 0.5019
v 0.004243 -0.103573 0.025293 0.5019 0.5019 0.5019
v 0.006121 -0.101298 0.028894 0.5019 0.5019 0.5019
v 0.004243 -0.103002 0.028894 0.5019 0.5019 0.5019
v 0.006121 -0.101952 0.033021 0.5019 0.5019 0.5019
v 0.004243 -0.103573 0.032494 0.5019 0.5019 0.5019
v 0.006121 -0.103849 0.036744 0.5019 0.5019 0.5019
v 0.004243 -0.105228 0.035742 0.5019 0.5019 0.5019
v 0.006121 -0.106804 0.039698 0.5019 0.5019 0.5019
v 0.004243 -0.107805 0.038320 0.5019 0.5019 0.5019
v 0.006121 -0.110527 0.041596 0.5019 0.5019 0.5019
v 0.004243 -0.111053 0.039975 0.5019 0.5019 0.5019
v 0.006121 -0.114654 0.042249 0.5019 0.5019 0.5019
v 0.004243 -0.114654 0.040545 0.5019 0.5019 0.5019
v 0.004243 -0.118254 0.039975 0.5019 0.5019 0.5019
v 0.004243 -0.121502 0.038320 0.5019 0.5019 0.5019
v -0.004243 -0.118254 0.039975 0.5019 0.5019 0.5019
v -0.004243 -0.121502 0.038320 0.5019 0.5019 0.5019
v 0.004243 -0.124080 0.035742 0.5019 0.5019 0.5019
v -0.004243 -0.124080 0.035742 0.5019 0.5019 0.5019
v 0.004243 -0.125735 0.032494 0.5019 0.5019 0.5019
v -0.004243 -0.125735 0.032494 0.5019 0.5019 0.5019
v 0.004243 -0.126305 0.028894 0.5019 0.5019 0.5019
v -0.004243 -0.126305 0.028894 0.5019 0.5019 0.5019
v 0.004243 -0.125735 0.025293 0.5019 0.5019 0.5019
v -0.004243 -0.125735 0.025293 0.5019 0.5019 0.5019
v 0.004243 -0.124080 0.022045 0.5019 0.5019 0.5019
v -0.004243 -0.124080 0.022045 0.5019 0.5019 0.5019
v 0.004243 -0.121502 0.019467 0.5019 0.5019 0.5019
v -0.004243 -0.121502 0.019467 0.5019 0.5019 0.5019
v 0.004243 -0.118254 0.017812 0.5019 0.5019 0.5019
v -0.004243 -0.118254 0.017812 0.5019 0.5019 0.5019
v 0.004243 -0.114654 0.017242 0.5019 0.5019 0.5019
v -0.004243 -0.114654 0.017242 0.5019 0.5019 0.5019
v 0.004243 -0.114654 0.017242 0.5019 0.5019 0.5019
v 0.004243 -0.111053 0.017812 0.5019 0.5019 0.5019
v -0.004243 -0.114654 0.017242 0.5019 0.5019 0.5019
v -0.004243 -0.111053 0.017812 0.5019 0.5019 0.5019
v 0.004243 -0.107805 0.019467 0.5019 0.5019 0.5019
v -0.004243 -0.107805 0.019467 0.5019 0.5019 0.5019
v 0.004243 -0.105228 0.022045 0.5019 0.5019 0.5019
v -0.004243 -0.105228 0.022045 0.5019 0.5019 0.5019
v 0.004243 -0.103573 0.025293 0.5019 0.5019 0.5019
v -0.004243 -0.103573 0.025293 0.5019 0.5019 0.5019
v 0.004243 -0.103002 0.028894 0.5019 0.5019 0.5019
v -0.004243 -0.103002 0.028894 0.5019 0.5019 0.5019
v 0.004243 -0.103573 0.032494 0.5019 0.5019 0.5019
v -0.004243 -0.103573 0.032494 0.5019 0.5019 0.5019
v 0.004243 -0.105228 0.035742 0.5019 0.5019 0.5019
v -0.004243 -0.105228 0.035742 0.5019 0.5019 0.5019
v 0.004243 -0.107805 0.038320 0.5019 0.5019 0.5019
v -0.004243 -0.107805 0.038320 0.5019 0.5019 0.5019
v 0.004243 -0.111053 0.039975 0.5019 0.5019 0.5019
v -0.004243 -0.111053 0.039975 0.5019 0.5019 0.5019
v 0.004243 -0.114654 0.040545 0.5019 0.5019 0.5019
v -0.004243 -0.114654 0.040545 0.5019 0.5019 0.5019
v 0.000000 -0.078314 -0.012700 0.5019 0.5019 0.5019
v 0.010999 -0.078314 -0.006350 0.5019 0.5019 0.5019
v -0.010999 -0.078314 -0.006350 0.5019 0.5019 0.5019
v 0.000000 -0.078314 -0.012700 0.5019 0.5019 0.5019
v -0.010999 -0.078314 0.006350 0.5019 0.5019 0.5019
v -0.010999 -0.078314 -0.006350 0.5019 0.5019 0.5019
v 0.000000 -0.078314 0.012700 0.5019 0.5019 0.5019
v -0.010999 -0.078314 0.006350 0.5019 0.5019 0.5019
v 0.010999 -0.078314 0.006350 0.5019 0.5019 0.5019
v 0.000000 -0.078314 0.012700 0.5019 0.5019 0.5019
v 0.010999 -0.078314 -0.006350 0.5019 0.5019 0.5019
v 0.010999 -0.078314 0.006350 0.5019 0.5019 0.5019
v -0.001090 -0.142415 0.038461 0.5019 0.5019 0.5019
v 0.001090 -0.142415 0.038461 0.5019 0.5019 0.5019
v -0.001091 -0.138351 0.046689 0.5019 0.5019 0.5019
v 0.001091 -0.138351 0.046689 0.5019 0.5019 0.5019
v -0.001091 -0.143945 0.029472 0.5019 0.5019 0.5019
v 0.001091 -0.143945 0.029472 0.5019 0.5019 0.5019
v -0.001090 -0.142415 0.020421 0.5019 0.5019 0.5019
v 0.001090 -0.142415 0.020421 0.5019 0.5019 0.5019
v -0.001091 -0.138351 0.012255 0.5019 0.5019 0.5019
v 0.001091 -0.138351 0.012255 0.5019 0.5019 0.5019
v -0.001074 -0.131913 0.005947 0.5019 0.5019 0.5019
v 0.001074 -0.131913 0.005947 0.5019 0.5019 0.5019
v 0.001044 -0.131943 0.000000 0.5019 0.5019 0.5019
v 0.001074 -0.131913 0.005947 0.5019 0.5019 0.5019
v -0.001044 -0.131943 0.000000 0.5019 0.5019 0.5019
v -0.001074 -0.131913 0.005947 0.5019 0.5019 0.5019
v 0.001074 -0.131913 -0.005947 0.5019 0.5019 0.5019
v -0.001074 -0.131913 -0.005947 0.5019 0.5019 0.5019
v -0.001074 -0.131913 -0.005947 0.5019 0.5019 0.5019
v -0.001091 -0.138351 -0.012255 0.5019 0.5019 0.5019
v 0.001074 -0.131913 -0.005947 0.5019 0.5019 0.5019
v 0.001091 -0.138351 -0.012255 0.5019 0.5019 0.5019
v -0.001090 -0.142415 -0.020421 0.5019 0.5019 0.5019
v 0.001090 -0.142415 -0.020421 0.5019 0.5019 0.5019
v -0.001091 -0.143945 -0.029472 0.5019 0.5019 0.5019
v 0.001091 -0.143945 -0.029472 0.5019 0.5019 0.5019
v -0.001090 -0.142415 -0.038461 0.5019 0.5019 0.5019
v 0.001090 -0.142415 -0.038461 0.5019 0.5019 0.5019
v -0.001091 -0.138351 -0.046689 0.5019 0.5019 0.5019
v 0.001091 -0.138351 -0.046689 0.5019 0.5019 0.5019
v -0.001090 -0.131811 -0.053057 0.5019 0.5019 0.5019
v 0.001090 -0.131811 -0.053057 0.5019 0.5019 0.5019
v -0.001091 -0.123705 -0.057329 0.5019 0.5019 0.5019
v 0.001091 -0.123705 -0.057329 0.5019 0.5019 0.5019
v -0.001090 -0.114654 -0.058631 0.5019 0.5019 0.5019
v 0.001090 -0.114654 -0.058631 0.5019 0.5019 0.5019
v -0.001091 -0.105603 -0.057329 0.5019 0.5019 0.5019
v 0.001091 -0.105603 -0.057329 0.5019 0.5019 0.5019
v -0.001090 -0.097497 -0.053057 0.5019 0.5019 0.5019
v 0.001090 -0.097497 -0.053057 0.5019 0.5019 0.5019
v -0.001091 -0.090957 -0.046689 0.5019 0.5019 0.5019
v 0.001091 -0.090957 -0.046689 0.5019 0.5019 0.5019
v -0.001091 -0.086893 -0.038463 0.5019 0.5019 0.5019
v 0.001091 -0.086893 -0.038463 0.5019 0.5019 0.5019
v -0.001090 -0.083416 -0.019249 0.5019 0.5019 0.5019
v 0.001090 -0.083416 -0.019249 0.5019 0.5019 0.5019
v -0.001088 -0.082529 -0.000000 0.5019 0.5019 0.5019
v 0.001088 -0.082529 -0.000000 0.5019 0.5019 0.5019
v -0.001090 -0.083416 0.019249 0.5019 0.5019 0.5019
v 0.001090 -0.083416 0.019249 0.5019 0.5019 0.5019
v -0.001091 -0.086893 0.038463 0.5019 0.5019 0.5019
v 0.001091 -0.086893 0.038463 0.5019 0.5019 0.5019
v -0.001091 -0.090957 0.046689 0.5019 0.5019 0.5019
v 0.001091 -0.090957 0.046689 0.5019 0.5019 0.5019
v -0.001090 -0.097497 0.053056 0.5019 0.5019 0.5019
v 0.001090 -0.097497 0.053056 0.5019 0.5019 0.5019
v -0.001091 -0.105603 0.057329 0.5019 0.5019 0.5019
v 0.001091 -0.105603 0.057329 0.5019 0.5019 0.5019
v -0.001090 -0.114654 0.058631 0.5019 0.5019 0.5019
v 0.001090 -0.114654 0.058631 0.5019 0.5019 0.5019
v -0.001091 -0.123705 0.057329 0.5019 0.5019 0.5019
v 0.001091 -0.123705 0.057329 0.5019 0.5019 0.5019
v -0.001090 -0.131811 0.053056 0.5019 0.5019 0.5019
v 0.001090 -0.131811 0.053056 0.5019 0.5019 0.5019
v 0.029718 0.048316 0.076855 0.5019 0.5019 0.5019
v 0.036684 0.047525 0.079343 0.5019 0.5019 0.5019
v 0.036864 0.047272 0.076565 0.5019 0.5019 0.5019
v 0.029718 -0.020354 0.086263 0.5019 0.5019 0.5019
v 0.029718 -0.020967 0.080928 0.5019 0.5019 0.5019
v 0.032180 -0.020332 0.085843 0.5019 0.5019 0.5019
v 0.029718 -0.017474 0.088909 0.5019 0.5019 0.5019
v 0.033459 -0.017419 0.088605 0.5019 0.5019 0.5019
v 0.029718 -0.012439 0.090733 0.5019 0.5019 0.5019
v 0.034558 -0.012439 0.090298 0.5019 0.5019 0.5019
v 0.029718 -0.004286 0.091758 0.5019 0.5019 0.5019
v 0.035659 -0.004286 0.091322 0.5019 0.5019 0.5019
v 0.029718 0.013724 0.091707 0.5019 0.5019 0.5019
v 0.037075 0.013543 0.091271 0.5019 0.5019 0.5019
v 0.037279 0.039046 0.090511 0.5019 0.5019 0.5019
v 0.036687 0.044630 0.088896 0.5019 0.5019 0.5019
v 0.029718 0.039362 0.091045 0.5019 0.5019 0.5019
v 0.029718 0.044881 0.089588 0.5019 0.5019 0.5019
v 0.035127 0.047058 0.086713 0.5019 0.5019 0.5019
v 0.032451 0.048082 0.083667 0.5019 0.5019 0.5019
v 0.029718 0.047289 0.087390 0.5019 0.5019 0.5019
v 0.029718 0.048313 0.083979 0.5019 0.5019 0.5019
v 0.034603 -0.019996 0.084463 0.5019 0.5019 0.5019
v 0.038526 -0.017035 0.086227 0.5019 0.5019 0.5019
v 0.041716 -0.011983 0.087463 0.5019 0.5019 0.5019
v 0.043903 -0.004245 0.087829 0.5019 0.5019 0.5019
v 0.046415 0.012354 0.087269 0.5019 0.5019 0.5019
v 0.047886 0.036674 0.086080 0.5019 0.5019 0.5019
v 0.045674 0.042764 0.084906 0.5019 0.5019 0.5019
v 0.041401 0.045991 0.083793 0.5019 0.5019 0.5019
v 0.035224 0.047817 0.082289 0.5019 0.5019 0.5019
v 0.035955 -0.019264 0.081132 0.5019 0.5019 0.5019
v 0.035396 -0.018897 0.079240 0.5019 0.5019 0.5019
v 0.041302 -0.015988 0.080928 0.5019 0.5019 0.5019
v 0.040830 -0.016542 0.083829 0.5019 0.5019 0.5019
v 0.035678 -0.019679 0.083024 0.5019 0.5019 0.5019
v 0.044397 -0.011436 0.084228 0.5019 0.5019 0.5019
v 0.044881 -0.010774 0.080618 0.5019 0.5019 0.5019
v 0.046993 -0.004035 0.084092 0.5019 0.5019 0.5019
v 0.047529 -0.003434 0.080080 0.5019 0.5019 0.5019
v 0.049950 0.011766 0.082942 0.5019 0.5019 0.5019
v 0.050564 0.011760 0.078321 0.5019 0.5019 0.5019
v 0.052375 0.034656 0.075872 0.5019 0.5019 0.5019
v 0.049593 0.040759 0.075876 0.5019 0.5019 0.5019
v 0.051718 0.035259 0.081213 0.5019 0.5019 0.5019
v 0.049015 0.041609 0.080485 0.5019 0.5019 0.5019
v 0.044111 0.044695 0.076196 0.5019 0.5019 0.5019
v 0.043736 0.045138 0.080061 0.5019 0.5019 0.5019
v 0.040311 -0.015388 0.077947 0.5019 0.5019 0.5019
v 0.045666 -0.002453 0.075863 0.5019 0.5019 0.5019
v 0.043292 -0.009922 0.077021 0.5019 0.5019 0.5019
v 0.048377 0.012270 0.073449 0.5019 0.5019 0.5019
v 0.047504 0.040559 0.070873 0.5019 0.5019 0.5019
v 0.049994 0.034357 0.070561 0.5019 0.5019 0.5019
v 0.042614 0.044542 0.072160 0.5019 0.5019 0.5019
v 0.036111 0.047144 0.074046 0.5019 0.5019 0.5019
v 0.032049 -0.018300 0.076432 0.5019 0.5019 0.5019
v 0.033923 -0.014424 0.073890 0.5019 0.5019 0.5019
v 0.034074 -0.018551 0.077566 0.5019 0.5019 0.5019
v 0.037380 -0.014857 0.075496 0.5019 0.5019 0.5019
v 0.044689 0.034872 0.065470 0.5019 0.5019 0.5019
v 0.037775 0.035133 0.062434 0.5019 0.5019 0.5019
v 0.042875 0.040680 0.066259 0.5019 0.5019 0.5019
v 0.036812 0.040825 0.063542 0.5019 0.5019 0.5019
v 0.039289 0.044538 0.068570 0.5019 0.5019 0.5019
v 0.035116 0.044548 0.066444 0.5019 0.5019 0.5019
v 0.034654 0.047052 0.071820 0.5019 0.5019 0.5019
v 0.032646 0.046971 0.070321 0.5019 0.5019 0.5019
v 0.037666 0.030998 0.091220 0.5019 0.5019 0.5019
v 0.029718 0.031497 0.091656 0.5019 0.5019 0.5019
v 0.048437 0.028953 0.086708 0.5019 0.5019 0.5019
v 0.052985 0.026989 0.076488 0.5019 0.5019 0.5019
v 0.052311 0.027566 0.081793 0.5019 0.5019 0.5019
v 0.050538 0.026994 0.071035 0.5019 0.5019 0.5019
v 0.037980 0.028115 0.062797 0.5019 0.5019 0.5019
v 0.045081 0.027607 0.065819 0.5019 0.5019 0.5019
v 0.035107 -0.008581 0.072139 0.5019 0.5019 0.5019
v 0.039752 -0.009111 0.073986 0.5019 0.5019 0.5019
v 0.029718 -0.018240 0.076178 0.5019 0.5019 0.5019
v 0.029718 -0.014316 0.073417 0.5019 0.5019 0.5019
v 0.029718 -0.008247 0.071330 0.5019 0.5019 0.5019
v 0.033707 -0.006869 0.071370 0.5019 0.5019 0.5019
v 0.036343 -0.004088 0.070920 0.5019 0.5019 0.5019
v 0.029718 0.035332 0.061012 0.5019 0.5019 0.5019
v 0.029718 0.028481 0.061304 0.5019 0.5019 0.5019
v 0.029718 0.040933 0.062224 0.5019 0.5019 0.5019
v 0.029718 0.044589 0.065327 0.5019 0.5019 0.5019
v 0.029718 0.046936 0.069556 0.5019 0.5019 0.5019
v 0.041493 -0.001214 0.072311 0.5019 0.5019 0.5019
v 0.043490 0.013175 0.069065 0.5019 0.5019 0.5019
v 0.037123 0.013808 0.066341 0.5019 0.5019 0.5019
v 0.029718 0.014181 0.065189 0.5019 0.5019 0.5019
v 0.033285 -0.006178 0.070773 0.5019 0.5019 0.5019
v 0.029718 -0.006934 0.070612 0.5019 0.5019 0.5019
v 0.033285 -0.006178 0.047271 0.5019 0.5019 0.5019
v 0.029718 -0.006934 0.047271 0.5019 0.5019 0.5019
v 0.035723 -0.003467 0.070281 0.5019 0.5019 0.5019
v 0.035723 -0.003467 0.047271 0.5019 0.5019 0.5019
v 0.036852 0.000000 0.069382 0.5019 0.5019 0.5019
v 0.036852 0.000000 0.047271 0.5019 0.5019 0.5019
v 0.035723 0.003467 0.068316 0.5019 0.5019 0.5019
v 0.035723 0.003467 0.047271 0.5019 0.5019 0.5019
v 0.033285 0.006178 0.067191 0.5019 0.5019 0.5019
v 0.033285 0.006178 0.047271 0.5019 0.5019 0.5019
v 0.029718 0.006934 0.066588 0.5019 0.5019 0.5019
v 0.029718 0.006934 0.047271 0.5019 0.5019 0.5019
v 0.033728 0.006856 0.067554 0.5019 0.5019 0.5019
v 0.029718 0.007847 0.066901 0.5019 0.5019 0.5019
v 0.036434 0.003918 0.068770 0.5019 0.5019 0.5019
v 0.037585 0.000073 0.069915 0.5019 0.5019 0.5019
v 0.029718 0.007847 0.066901 0.5019 0.5019 0.5019
v 0.033728 0.006856 0.067554 0.5019 0.5019 0.5019
v 0.036434 0.003918 0.068770 0.5019 0.5019 0.5019
v 0.037585 0.000073 0.069915 0.5019 0.5019 0.5019
v 0.036343 -0.004088 0.070920 0.5019 0.5019 0.5019
v 0.033707 -0.006869 0.071370 0.5019 0.5019 0.5019
v 0.029718 -0.007777 0.071190 0.5019 0.5019 0.5019
v 0.029718 -0.007777 0.071190 0.5019 0.5019 0.5019
v 0.022572 0.047272 0.076565 0.5019 0.5019 0.5019
v 0.022752 0.047525 0.079343 0.5019 0.5019 0.5019
v 0.027256 -0.020332 0.085843 0.5019 0.5019 0.5019
v 0.025977 -0.017419 0.088605 0.5019 0.5019 0.5019
v 0.024878 -0.012439 0.090298 0.5019 0.5019 0.5019
v 0.023777 -0.004286 0.091322 0.5019 0.5019 0.5019
v 0.022361 0.013543 0.091271 0.5019 0.5019 0.5019
v 0.022749 0.044630 0.088896 0.5019 0.5019 0.5019
v 0.022157 0.039046 0.090511 0.5019 0.5019 0.5019
v 0.026985 0.048082 0.083667 0.5019 0.5019 0.5019
v 0.024309 0.047058 0.086713 0.5019 0.5019 0.5019
v 0.024833 -0.019996 0.084463 0.5019 0.5019 0.5019
v 0.020910 -0.017035 0.086227 0.5019 0.5019 0.5019
v 0.017720 -0.011983 0.087463 0.5019 0.5019 0.5019
v 0.015533 -0.004245 0.087829 0.5019 0.5019 0.5019
v 0.013021 0.012354 0.087269 0.5019 0.5019 0.5019
v 0.011550 0.036674 0.086080 0.5019 0.5019 0.5019
v 0.013762 0.042764 0.084906 0.5019 0.5019 0.5019
v 0.024212 0.047817 0.082289 0.5019 0.5019 0.5019
v 0.018035 0.045991 0.083793 0.5019 0.5019 0.5019
v 0.023481 -0.019264 0.081132 0.5019 0.5019 0.5019
v 0.024040 -0.018897 0.079240 0.5019 0.5019 0.5019
v 0.023758 -0.019679 0.083024 0.5019 0.5019 0.5019
v 0.018606 -0.016542 0.083829 0.5019 0.5019 0.5019
v 0.018134 -0.015988 0.080928 0.5019 0.5019 0.5019
v 0.015039 -0.011436 0.084228 0.5019 0.5019 0.5019
v 0.012443 -0.004035 0.084092 0.5019 0.5019 0.5019
v 0.014555 -0.010774 0.080618 0.5019 0.5019 0.5019
v 0.011907 -0.003434 0.080080 0.5019 0.5019 0.5019
v 0.008872 0.011760 0.078321 0.5019 0.5019 0.5019
v 0.009486 0.011766 0.082942 0.5019 0.5019 0.5019
v 0.007061 0.034506 0.075872 0.5019 0.5019 0.5019
v 0.007718 0.035259 0.081213 0.5019 0.5019 0.5019
v 0.009842 0.040759 0.075876 0.5019 0.5019 0.5019
v 0.010421 0.041609 0.080485 0.5019 0.5019 0.5019
v 0.015700 0.045138 0.080061 0.5019 0.5019 0.5019
v 0.015325 0.044695 0.076196 0.5019 0.5019 0.5019
v 0.019125 -0.015388 0.077947 0.5019 0.5019 0.5019
v 0.016145 -0.009922 0.077021 0.5019 0.5019 0.5019
v 0.013770 -0.002453 0.075863 0.5019 0.5019 0.5019
v 0.011059 0.012270 0.073449 0.5019 0.5019 0.5019
v 0.009442 0.034357 0.070561 0.5019 0.5019 0.5019
v 0.011932 0.040559 0.070873 0.5019 0.5019 0.5019
v 0.023325 0.047144 0.074046 0.5019 0.5019 0.5019
v 0.016822 0.044542 0.072160 0.5019 0.5019 0.5019
v 0.027387 -0.018300 0.076432 0.5019 0.5019 0.5019
v 0.025362 -0.018551 0.077566 0.5019 0.5019 0.5019
v 0.025513 -0.014424 0.073890 0.5019 0.5019 0.5019
v 0.022056 -0.014857 0.075496 0.5019 0.5019 0.5019
v 0.022624 0.040825 0.063542 0.5019 0.5019 0.5019
v 0.021661 0.035133 0.062434 0.5019 0.5019 0.5019
v 0.016561 0.040680 0.066259 0.5019 0.5019 0.5019
v 0.014748 0.034764 0.065470 0.5019 0.5019 0.5019
v 0.020147 0.044538 0.068570 0.5019 0.5019 0.5019
v 0.024782 0.047052 0.071820 0.5019 0.5019 0.5019
v 0.024320 0.044548 0.066444 0.5019 0.5019 0.5019
v 0.026790 0.046971 0.070321 0.5019 0.5019 0.5019
v 0.021770 0.030998 0.091220 0.5019 0.5019 0.5019
v 0.010999 0.028953 0.086708 0.5019 0.5019 0.5019
v 0.006451 0.026989 0.076488 0.5019 0.5019 0.5019
v 0.007125 0.027566 0.081793 0.5019 0.5019 0.5019
v 0.008898 0.026994 0.071035 0.5019 0.5019 0.5019
v 0.021456 0.028115 0.062797 0.5019 0.5019 0.5019
v 0.014355 0.027607 0.065819 0.5019 0.5019 0.5019
v 0.024329 -0.008581 0.072139 0.5019 0.5019 0.5019
v 0.019684 -0.009111 0.073986 0.5019 0.5019 0.5019
v 0.029718 -0.018240 0.076178 0.5019 0.5019 0.5019
v 0.029718 -0.014316 0.073417 0.5019 0.5019 0.5019
v 0.029718 -0.008247 0.071330 0.5019 0.5019 0.5019
v 0.025729 -0.006869 0.071370 0.5019 0.5019 0.5019
v 0.023093 -0.004088 0.070920 0.5019 0.5019 0.5019
v 0.029718 0.035332 0.061012 0.5019 0.5019 0.5019
v 0.029718 0.028481 0.061304 0.5019 0.5019 0.5019
v 0.029718 0.040933 0.062224 0.5019 0.5019 0.5019
v 0.029718 0.044589 0.065327 0.5019 0.5019 0.5019
v 0.029718 0.046936 0.069556 0.5019 0.5019 0.5019
v 0.017943 -0.001214 0.072311 0.5019 0.5019 0.5019
v 0.015946 0.013175 0.069065 0.5019 0.5019 0.5019
v 0.029718 0.014181 0.065189 0.5019 0.5019 0.5019
v 0.022313 0.013808 0.066341 0.5019 0.5019 0.5019
v 0.026151 -0.006178 0.070773 0.5019 0.5019 0.5019
v 0.026151 -0.006178 0.047271 0.5019 0.5019 0.5019
v 0.029718 -0.006934 0.070612 0.5019 0.5019 0.5019
v 0.029718 -0.006934 0.047271 0.5019 0.5019 0.5019
v 0.022584 0.000000 0.047271 0.5019 0.5019 0.5019
v 0.023713 -0.003467 0.047271 0.5019 0.5019 0.5019
v 0.022584 0.000000 0.069382 0.5019 0.5019 0.5019
v 0.023713 -0.003467 0.070281 0.5019 0.5019 0.5019
v 0.026151 0.006178 0.047271 0.5019 0.5019 0.5019
v 0.023713 0.003467 0.047271 0.5019 0.5019 0.5019
v 0.026151 0.006178 0.067191 0.5019 0.5019 0.5019
v 0.023713 0.003467 0.068316 0.5019 0.5019 0.5019
v 0.025708 0.006856 0.067554 0.5019 0.5019 0.5019
v 0.029718 0.007847 0.066901 0.5019 0.5019 0.5019
v 0.021851 0.000073 0.069915 0.5019 0.5019 0.5019
v 0.023002 0.003918 0.068770 0.5019 0.5019 0.5019
v 0.029718 -0.007777 0.071190 0.5019 0.5019 0.5019
v 0.025708 0.006856 0.067554 0.5019 0.5019 0.5019
v 0.023002 0.003918 0.068770 0.5019 0.5019 0.5019
v 0.021851 0.000073 0.069915 0.5019 0.5019 0.5019
v 0.023093 -0.004088 0.070920 0.5019 0.5019 0.5019
v 0.025729 -0.006869 0.071370 0.5019 0.5019 0.5019
v 0.029718 -0.007777 0.071190 0.5019 0.5019 0.5019
v -0.029718 0.048316 0.076855 0.5019 0.5019 0.5019
v -0.036864 0.047272 0.076566 0.5019 0.5019 0.5019
v -0.036684 0.047525 0.079343 0.5019 0.5019 0.5019
v -0.029718 -0.020354 0.086263 0.5019 0.5019 0.5019
v -0.032180 -0.020332 0.085843 0.5019 0.5019 0.5019
v -0.029718 -0.020967 0.080928 0.5019 0.5019 0.5019
v -0.029718 -0.017474 0.088909 0.5019 0.5019 0.5019
v -0.033459 -0.017419 0.088605 0.5019 0.5019 0.5019
v -0.029718 -0.012439 0.090733 0.5019 0.5019 0.5019
v -0.029718 -0.004286 0.091758 0.5019 0.5019 0.5019
v -0.034558 -0.012439 0.090298 0.5019 0.5019 0.5019
v -0.035659 -0.004286 0.091322 0.5019 0.5019 0.5019
v -0.029718 0.013723 0.091707 0.5019 0.5019 0.5019
v -0.037075 0.013543 0.091271 0.5019 0.5019 0.5019
v -0.029718 0.044881 0.089588 0.5019 0.5019 0.5019
v -0.036687 0.044630 0.088896 0.5019 0.5019 0.5019
v -0.029718 0.039362 0.091045 0.5019 0.5019 0.5019
v -0.037279 0.039046 0.090511 0.5019 0.5019 0.5019
v -0.029718 0.048313 0.083979 0.5019 0.5019 0.5019
v -0.032451 0.048082 0.083667 0.5019 0.5019 0.5019
v -0.029718 0.047289 0.087390 0.5019 0.5019 0.5019
v -0.035127 0.047058 0.086713 0.5019 0.5019 0.5019
v -0.034603 -0.019996 0.084463 0.5019 0.5019 0.5019
v -0.038526 -0.017035 0.086227 0.5019 0.5019 0.5019
v -0.041716 -0.011983 0.087463 0.5019 0.5019 0.5019
v -0.043903 -0.004245 0.087829 0.5019 0.5019 0.5019
v -0.046415 0.012354 0.087269 0.5019 0.5019 0.5019
v -0.047886 0.036674 0.086080 0.5019 0.5019 0.5019
v -0.045674 0.042764 0.084906 0.5019 0.5019 0.5019
v -0.035224 0.047817 0.082289 0.5019 0.5019 0.5019
v -0.041401 0.045991 0.083793 0.5019 0.5019 0.5019
v -0.035955 -0.019264 0.081132 0.5019 0.5019 0.5019
v -0.035396 -0.018897 0.079240 0.5019 0.5019 0.5019
v -0.035678 -0.019679 0.083024 0.5019 0.5019 0.5019
v -0.040830 -0.016542 0.083829 0.5019 0.5019 0.5019
v -0.041302 -0.015988 0.080928 0.5019 0.5019 0.5019
v -0.044397 -0.011436 0.084228 0.5019 0.5019 0.5019
v -0.046993 -0.004035 0.084092 0.5019 0.5019 0.5019
v -0.044881 -0.010774 0.080618 0.5019 0.5019 0.5019
v -0.047529 -0.003434 0.080080 0.5019 0.5019 0.5019
v -0.050564 0.011760 0.078321 0.5019 0.5019 0.5019
v -0.049950 0.011766 0.082942 0.5019 0.5019 0.5019
v -0.052375 0.034506 0.075872 0.5019 0.5019 0.5019
v -0.051718 0.035258 0.081213 0.5019 0.5019 0.5019
v -0.049594 0.040759 0.075876 0.5019 0.5019 0.5019
v -0.049015 0.041609 0.080485 0.5019 0.5019 0.5019
v -0.043736 0.045138 0.080061 0.5019 0.5019 0.5019
v -0.044111 0.044695 0.076196 0.5019 0.5019 0.5019
v -0.040311 -0.015388 0.077947 0.5019 0.5019 0.5019
v -0.043291 -0.009922 0.077021 0.5019 0.5019 0.5019
v -0.045666 -0.002453 0.075863 0.5019 0.5019 0.5019
v -0.048377 0.012270 0.073449 0.5019 0.5019 0.5019
v -0.049994 0.034357 0.070561 0.5019 0.5019 0.5019
v -0.047504 0.040559 0.070873 0.5019 0.5019 0.5019
v -0.036111 0.047144 0.074046 0.5019 0.5019 0.5019
v -0.042614 0.044542 0.072160 0.5019 0.5019 0.5019
v -0.032049 -0.018300 0.076432 0.5019 0.5019 0.5019
v -0.034074 -0.018551 0.077566 0.5019 0.5019 0.5019
v -0.033923 -0.014424 0.073890 0.5019 0.5019 0.5019
v -0.037380 -0.014857 0.075496 0.5019 0.5019 0.5019
v -0.036812 0.040825 0.063542 0.5019 0.5019 0.5019
v -0.037775 0.035133 0.062434 0.5019 0.5019 0.5019
v -0.042875 0.040680 0.066259 0.5019 0.5019 0.5019
v -0.044689 0.034764 0.065470 0.5019 0.5019 0.5019
v -0.039289 0.044538 0.068570 0.5019 0.5019 0.5019
v -0.034654 0.047052 0.071820 0.5019 0.5019 0.5019
v -0.035116 0.044548 0.066444 0.5019 0.5019 0.5019
v -0.032646 0.046971 0.070321 0.5019 0.5019 0.5019
v -0.029718 0.031497 0.091656 0.5019 0.5019 0.5019
v -0.037666 0.030998 0.091220 0.5019 0.5019 0.5019
v -0.048437 0.028953 0.086708 0.5019 0.5019 0.5019
v -0.052985 0.026989 0.076488 0.5019 0.5019 0.5019
v -0.052311 0.027566 0.081793 0.5019 0.5019 0.5019
v -0.050538 0.026994 0.071035 0.5019 0.5019 0.5019
v -0.037980 0.028115 0.062797 0.5019 0.5019 0.5019
v -0.045081 0.027607 0.065819 0.5019 0.5019 0.5019
v -0.035107 -0.008581 0.072139 0.5019 0.5019 0.5019
v -0.039752 -0.009111 0.073986 0.5019 0.5019 0.5019
v -0.029718 -0.018241 0.076178 0.5019 0.5019 0.5019
v -0.029718 -0.014316 0.073417 0.5019 0.5019 0.5019
v -0.029718 -0.008247 0.071330 0.5019 0.5019 0.5019
v -0.033707 -0.006869 0.071370 0.5019 0.5019 0.5019
v -0.036343 -0.004088 0.070920 0.5019 0.5019 0.5019
v -0.029718 0.035332 0.061012 0.5019 0.5019 0.5019
v -0.029718 0.028481 0.061304 0.5019 0.5019 0.5019
v -0.029718 0.040933 0.062224 0.5019 0.5019 0.5019
v -0.029718 0.044589 0.065327 0.5019 0.5019 0.5019
v -0.029718 0.046936 0.069556 0.5019 0.5019 0.5019
v -0.041493 -0.001214 0.072311 0.5019 0.5019 0.5019
v -0.043490 0.013175 0.069065 0.5019 0.5019 0.5019
v -0.029718 0.014181 0.065189 0.5019 0.5019 0.5019
v -0.037123 0.013808 0.066341 0.5019 0.5019 0.5019
v -0.033285 -0.006178 0.070773 0.5019 0.5019 0.5019
v -0.033285 -0.006178 0.047271 0.5019 0.5019 0.5019
v -0.029718 -0.006934 0.070612 0.5019 0.5019 0.5019
v -0.029718 -0.006934 0.047271 0.5019 0.5019 0.5019
v -0.036852 -0.000000 0.047271 0.5019 0.5019 0.5019
v -0.035723 -0.003467 0.047271 0.5019 0.5019 0.5019
v -0.036852 -0.000000 0.069382 0.5019 0.5019 0.5019
v -0.035723 -0.003467 0.070281 0.5019 0.5019 0.5019
v -0.033285 0.006178 0.047271 0.5019 0.5019 0.5019
v -0.035723 0.003467 0.047271 0.5019 0.5019 0.5019
v -0.033285 0.006178 0.067191 0.5019 0.5019 0.5019
v -0.035723 0.003467 0.068316 0.5019 0.5019 0.5019
v -0.029718 0.006934 0.047271 0.5019 0.5019 0.5019
v -0.029718 0.006934 0.066588 0.5019 0.5019 0.5019
v -0.033728 0.006856 0.067554 0.5019 0.5019 0.5019
v -0.029718 0.007847 0.066901 0.5019 0.5019 0.5019
v -0.037585 0.000073 0.069915 0.5019 0.5019 0.5019
v -0.036433 0.003918 0.068770 0.5019 0.5019 0.5019
v -0.029718 -0.007777 0.071190 0.5019 0.5019 0.5019
v -0.033728 0.006856 0.067554 0.5019 0.5019 0.5019
v -0.029718 0.007847 0.066901 0.5019 0.5019 0.5019
v -0.036433 0.003918 0.068770 0.5019 0.5019 0.5019
v -0.037585 0.000073 0.069915 0.5019 0.5019 0.5019
v -0.036343 -0.004088 0.070920 0.5019 0.5019 0.5019
v -0.033707 -0.006869 0.071370 0.5019 0.5019 0.5019
v -0.029718 -0.007777 0.071190 0.5019 0.5019 0.5019
v -0.022752 0.047525 0.079343 0.5019 0.5019 0.5019
v -0.022572 0.047272 0.076566 0.5019 0.5019 0.5019
v -0.027256 -0.020332 0.085843 0.5019 0.5019 0.5019
v -0.025977 -0.017419 0.088605 0.5019 0.5019 0.5019
v -0.024878 -0.012439 0.090298 0.5019 0.5019 0.5019
v -0.023777 -0.004286 0.091322 0.5019 0.5019 0.5019
v -0.022361 0.013543 0.091271 0.5019 0.5019 0.5019
v -0.022157 0.039046 0.090511 0.5019 0.5019 0.5019
v -0.022749 0.044630 0.088896 0.5019 0.5019 0.5019
v -0.024309 0.047058 0.086713 0.5019 0.5019 0.5019
v -0.026985 0.048082 0.083667 0.5019 0.5019 0.5019
v -0.024833 -0.019996 0.084463 0.5019 0.5019 0.5019
v -0.020910 -0.017035 0.086227 0.5019 0.5019 0.5019
v -0.017720 -0.011983 0.087463 0.5019 0.5019 0.5019
v -0.015533 -0.004245 0.087829 0.5019 0.5019 0.5019
v -0.013021 0.012354 0.087269 0.5019 0.5019 0.5019
v -0.011550 0.036674 0.086080 0.5019 0.5019 0.5019
v -0.013762 0.042764 0.084906 0.5019 0.5019 0.5019
v -0.018035 0.045991 0.083793 0.5019 0.5019 0.5019
v -0.024212 0.047817 0.082289 0.5019 0.5019 0.5019
v -0.023481 -0.019264 0.081132 0.5019 0.5019 0.5019
v -0.024040 -0.018897 0.079240 0.5019 0.5019 0.5019
v -0.018134 -0.015988 0.080928 0.5019 0.5019 0.5019
v -0.018606 -0.016542 0.083829 0.5019 0.5019 0.5019
v -0.023758 -0.019679 0.083024 0.5019 0.5019 0.5019
v -0.015039 -0.011436 0.084228 0.5019 0.5019 0.5019
v -0.014555 -0.010774 0.080618 0.5019 0.5019 0.5019
v -0.012443 -0.004035 0.084092 0.5019 0.5019 0.5019
v -0.011907 -0.003434 0.080080 0.5019 0.5019 0.5019
v -0.009486 0.011766 0.082942 0.5019 0.5019 0.5019
v -0.008872 0.011760 0.078321 0.5019 0.5019 0.5019
v -0.007061 0.034506 0.075872 0.5019 0.5019 0.5019
v -0.009842 0.040759 0.075876 0.5019 0.5019 0.5019
v -0.007718 0.035259 0.081213 0.5019 0.5019 0.5019
v -0.010421 0.041609 0.080485 0.5019 0.5019 0.5019
v -0.015325 0.044695 0.076196 0.5019 0.5019 0.5019
v -0.015700 0.045138 0.080061 0.5019 0.5019 0.5019
v -0.019125 -0.015388 0.077947 0.5019 0.5019 0.5019
v -0.013770 -0.002453 0.075863 0.5019 0.5019 0.5019
v -0.016145 -0.009922 0.077021 0.5019 0.5019 0.5019
v -0.011059 0.012270 0.073449 0.5019 0.5019 0.5019
v -0.011932 0.040559 0.070873 0.5019 0.5019 0.5019
v -0.009443 0.034357 0.070561 0.5019 0.5019 0.5019
v -0.016822 0.044542 0.072160 0.5019 0.5019 0.5019
v -0.023325 0.047144 0.074046 0.5019 0.5019 0.5019
v -0.027387 -0.018300 0.076432 0.5019 0.5019 0.5019
v -0.025513 -0.014424 0.073890 0.5019 0.5019 0.5019
v -0.025362 -0.018551 0.077566 0.5019 0.5019 0.5019
v -0.022056 -0.014857 0.075496 0.5019 0.5019 0.5019
v -0.014748 0.034764 0.065470 0.5019 0.5019 0.5019
v -0.021661 0.035133 0.062434 0.5019 0.5019 0.5019
v -0.016561 0.040680 0.066259 0.5019 0.5019 0.5019
v -0.022624 0.040825 0.063542 0.5019 0.5019 0.5019
v -0.020147 0.044538 0.068570 0.5019 0.5019 0.5019
v -0.024320 0.044548 0.066444 0.5019 0.5019 0.5019
v -0.024782 0.047052 0.071820 0.5019 0.5019 0.5019
v -0.026790 0.046971 0.070321 0.5019 0.5019 0.5019
v -0.021770 0.030998 0.091220 0.5019 0.5019 0.5019
v -0.010999 0.028953 0.086708 0.5019 0.5019 0.5019
v -0.006451 0.026989 0.076488 0.5019 0.5019 0.5019
v -0.007125 0.027566 0.081793 0.5019 0.5019 0.5019
v -0.008898 0.026994 0.071035 0.5019 0.5019 0.5019
v -0.021456 0.028115 0.062797 0.5019 0.5019 0.5019
v -0.014355 0.027607 0.065819 0.5019 0.5019 0.5019
v -0.024329 -0.008581 0.072139 0.5019 0.5019 0.5019
v -0.019684 -0.009111 0.073986 0.5019 0.5019 0.5019
v -0.029718 -0.018241 0.076178 0.5019 0.5019 0.5019
v -0.029718 -0.014316 0.073417 0.5019 0.5019 0.5019
v -0.029718 -0.008247 0.071330 0.5019 0.5019 0.5019
v -0.025729 -0.006869 0.071370 0.5019 0.5019 0.5019
v -0.023093 -0.004088 0.070920 0.5019 0.5019 0.5019
v -0.029718 0.035332 0.061012 0.5019 0.5019 0.5019
v -0.029718 0.028481 0.061304 0.5019 0.5019 0.5019
v -0.029718 0.040933 0.062224 0.5019 0.5019 0.5019
v -0.029718 0.044589 0.065327 0.5019 0.5019 0.5019
v -0.029718 0.046936 0.069556 0.5019 0.5019 0.5019
v -0.017943 -0.001214 0.072311 0.5019 0.5019 0.5019
v -0.015946 0.013175 0.069065 0.5019 0.5019 0.5019
v -0.022313 0.013808 0.066341 0.5019 0.5019 0.5019
v -0.029718 0.014181 0.065189 0.5019 0.5019 0.5019
v -0.026151 -0.006178 0.070773 0.5019 0.5019 0.5019
v -0.029718 -0.006934 0.070612 0.5019 0.5019 0.5019
v -0.026151 -0.006178 0.047271 0.5019 0.5019 0.5019
v -0.029718 -0.006934 0.047271 0.5019 0.5019 0.5019
v -0.023713 -0.003467 0.070281 0.5019 0.5019 0.5019
v -0.023713 -0.003467 0.047271 0.5019 0.5019 0.5019
v -0.022584 0.000000 0.069382 0.5019 0.5019 0.5019
v -0.022584 -0.000000 0.047271 0.5019 0.5019 0.5019
v -0.023713 0.003467 0.068316 0.5019 0.5019 0.5019
v -0.023713 0.003467 0.047271 0.5019 0.5019 0.5019
v -0.026151 0.006178 0.067191 0.5019 0.5019 0.5019
v -0.026151 0.006178 0.047271 0.5019 0.5019 0.5019
v -0.025708 0.006856 0.067554 0.5019 0.5019 0.5019
v -0.029718 0.007847 0.066901 0.5019 0.5019 0.5019
v -0.023002 0.003918 0.068770 0.5019 0.5019 0.5019
v -0.021851 0.000073 0.069915 0.5019 0.5019 0.5019
v -0.025708 0.006856 0.067554 0.5019 0.5019 0.5019
v -0.023002 0.003918 0.068770 0.5019 0.5019 0.5019
v -0.021851 0.000073 0.069915 0.5019 0.5019 0.5019
v -0.023093 -0.004088 0.070920 0.5019 0.5019 0.5019
v -0.025729 -0.006869 0.071370 0.5019 0.5019 0.5019
v -0.029718 -0.007777 0.071190 0.5019 0.5019 0.5019
v -0.029718 -0.007777 0.071190 0.5019 0.5019 0.5019
v 0.006121 -0.110527 0.016192 0.5019 0.5019 0.5019
v 0.006121 -0.106804 0.018089 0.5019 0.5019 0.5019
v 0.006121 -0.103849 0.021043 0.5019 0.5019 0.5019
v 0.006121 -0.118758 -0.016263 0.5019 0.5019 0.5019
v 0.006121 -0.110550 -0.016263 0.5019 0.5019 0.5019
v 0.006121 -0.106848 -0.018149 0.5019 0.5019 0.5019
v 0.006121 -0.103910 -0.021087 0.5019 0.5019 0.5019
v -0.006121 -0.110550 -0.016263 0.5019 0.5019 0.5019
v -0.006121 -0.118781 0.016192 0.5019 0.5019 0.5019
v -0.006121 -0.103849 0.021043 0.5019 0.5019 0.5019
v -0.006121 -0.106804 0.018089 0.5019 0.5019 0.5019
v -0.006121 -0.106848 -0.018149 0.5019 0.5019 0.5019
v -0.006121 -0.103910 -0.021087 0.5019 0.5019 0.5019
v 0.012806 -0.022180 -0.064027 0.5019 0.5019 0.5019
v 0.006629 -0.024739 -0.064027 0.5019 0.5019 0.5019
v 0.012806 -0.022180 -0.073585 0.5019 0.5019 0.5019
v 0.006629 -0.024739 -0.073585 0.5019 0.5019 0.5019
v 0.022180 -0.012806 -0.064027 0.5019 0.5019 0.5019
v 0.018110 -0.018110 -0.064027 0.5019 0.5019 0.5019
v 0.022180 -0.012806 -0.073585 0.5019 0.5019 0.5019
v 0.018110 -0.018110 -0.073585 0.5019 0.5019 0.5019
v 0.024739 -0.006629 -0.064027 0.5019 0.5019 0.5019
v 0.024739 -0.006629 -0.073585 0.5019 0.5019 0.5019
v 0.006629 0.024739 -0.064027 0.5019 0.5019 0.5019
v 0.012806 0.022180 -0.064027 0.5019 0.5019 0.5019
v 0.006629 0.024739 -0.073585 0.5019 0.5019 0.5019
v 0.012806 0.022180 -0.073585 0.5019 0.5019 0.5019
v 0.024739 0.006629 -0.064027 0.5019 0.5019 0.5019
v 0.025612 -0.000000 -0.064027 0.5019 0.5019 0.5019
v 0.024739 0.006629 -0.073585 0.5019 0.5019 0.5019
v 0.025612 -0.000000 -0.073585 0.5019 0.5019 0.5019
v 0.018110 0.018110 -0.064027 0.5019 0.5019 0.5019
v 0.022180 0.012806 -0.064027 0.5019 0.5019 0.5019
v 0.018110 0.018110 -0.073585 0.5019 0.5019 0.5019
v 0.022180 0.012806 -0.073585 0.5019 0.5019 0.5019
v -0.000000 -0.025612 -0.064027 0.5019 0.5019 0.5019
v -0.000000 -0.025612 -0.073585 0.5019 0.5019 0.5019
v -0.000000 0.005422 -0.071637 0.5019 0.5019 0.5019
v 0.002711 0.004696 -0.071637 0.5019 0.5019 0.5019
v -0.000000 -0.005416 -0.071637 0.5019 0.5019 0.5019
v 0.002711 -0.004696 -0.071637 0.5019 0.5019 0.5019
v -0.000000 0.025612 -0.064027 0.5019 0.5019 0.5019
v -0.000000 0.025612 -0.073585 0.5019 0.5019 0.5019
v -0.000000 -0.005566 -0.073852 0.5019 0.5019 0.5019
v 0.002783 -0.004820 -0.073852 0.5019 0.5019 0.5019
v 0.001904 -0.007105 -0.075341 0.5019 0.5019 0.5019
v 0.004820 -0.002783 -0.073852 0.5019 0.5019 0.5019
v 0.005201 -0.005201 -0.075341 0.5019 0.5019 0.5019
v 0.007105 -0.001904 -0.075341 0.5019 0.5019 0.5019
v 0.005566 -0.000000 -0.073852 0.5019 0.5019 0.5019
v 0.007105 0.001904 -0.075341 0.5019 0.5019 0.5019
v 0.004820 0.002783 -0.073852 0.5019 0.5019 0.5019
v 0.005201 0.005201 -0.075341 0.5019 0.5019 0.5019
v 0.002783 0.004820 -0.073852 0.5019 0.5019 0.5019
v 0.001904 0.007105 -0.075341 0.5019 0.5019 0.5019
v -0.000000 0.005566 -0.073852 0.5019 0.5019 0.5019
v -0.000000 0.025612 -0.073585 0.5019 0.5019 0.5019
v 0.006629 0.024739 -0.073585 0.5019 0.5019 0.5019
v -0.000000 0.024206 -0.075201 0.5019 0.5019 0.5019
v 0.006265 0.023381 -0.075201 0.5019 0.5019 0.5019
v 0.012806 0.022180 -0.073585 0.5019 0.5019 0.5019
v 0.012103 0.020963 -0.075201 0.5019 0.5019 0.5019
v 0.018110 0.018110 -0.073585 0.5019 0.5019 0.5019
v 0.017116 0.017116 -0.075201 0.5019 0.5019 0.5019
v 0.022180 0.012806 -0.073585 0.5019 0.5019 0.5019
v 0.020963 0.012103 -0.075201 0.5019 0.5019 0.5019
v 0.024739 0.006629 -0.073585 0.5019 0.5019 0.5019
v 0.023381 0.006265 -0.075201 0.5019 0.5019 0.5019
v 0.025612 -0.000000 -0.073585 0.5019 0.5019 0.5019
v 0.024206 -0.000000 -0.075201 0.5019 0.5019 0.5019
v 0.024739 -0.006629 -0.073585 0.5019 0.5019 0.5019
v 0.023381 -0.006265 -0.075201 0.5019 0.5019 0.5019
v 0.022180 -0.012806 -0.073585 0.5019 0.5019 0.5019
v 0.020963 -0.012103 -0.075201 0.5019 0.5019 0.5019
v 0.018110 -0.018110 -0.073585 0.5019 0.5019 0.5019
v 0.017116 -0.017116 -0.075201 0.5019 0.5019 0.5019
v 0.012806 -0.022180 -0.073585 0.5019 0.5019 0.5019
v 0.012103 -0.020963 -0.075201 0.5019 0.5019 0.5019
v 0.006629 -0.024739 -0.073585 0.5019 0.5019 0.5019
v 0.006265 -0.023381 -0.075201 0.5019 0.5019 0.5019
v -0.000000 -0.025612 -0.073585 0.5019 0.5019 0.5019
v -0.000000 -0.024206 -0.075201 0.5019 0.5019 0.5019
v -0.000000 0.024206 -0.075201 0.5019 0.5019 0.5019
v 0.006265 0.023381 -0.075201 0.5019 0.5019 0.5019
v -0.000000 0.007355 -0.075341 0.5019 0.5019 0.5019
v 0.001904 0.007105 -0.075341 0.5019 0.5019 0.5019
v 0.012103 0.020963 -0.075201 0.5019 0.5019 0.5019
v 0.003678 0.006370 -0.075341 0.5019 0.5019 0.5019
v 0.017116 0.017116 -0.075201 0.5019 0.5019 0.5019
v 0.005201 0.005201 -0.075341 0.5019 0.5019 0.5019
v 0.020963 0.012103 -0.075201 0.5019 0.5019 0.5019
v 0.006370 0.003678 -0.075341 0.5019 0.5019 0.5019
v 0.023381 0.006265 -0.075201 0.5019 0.5019 0.5019
v 0.007105 0.001904 -0.075341 0.5019 0.5019 0.5019
v 0.024206 -0.000000 -0.075201 0.5019 0.5019 0.5019
v 0.007355 -0.000000 -0.075341 0.5019 0.5019 0.5019
v 0.023381 -0.006265 -0.075201 0.5019 0.5019 0.5019
v 0.007105 -0.001904 -0.075341 0.5019 0.5019 0.5019
v 0.020963 -0.012103 -0.075201 0.5019 0.5019 0.5019
v 0.006370 -0.003678 -0.075341 0.5019 0.5019 0.5019
v 0.017116 -0.017116 -0.075201 0.5019 0.5019 0.5019
v 0.005201 -0.005201 -0.075341 0.5019 0.5019 0.5019
v 0.012103 -0.020963 -0.075201 0.5019 0.5019 0.5019
v 0.003678 -0.006370 -0.075341 0.5019 0.5019 0.5019
v 0.006265 -0.023381 -0.075201 0.5019 0.5019 0.5019
v 0.001904 -0.007105 -0.075341 0.5019 0.5019 0.5019
v -0.000000 -0.024206 -0.075201 0.5019 0.5019 0.5019
v -0.000000 -0.007355 -0.075341 0.5019 0.5019 0.5019
v -0.000000 -0.005416 -0.071637 0.5019 0.5019 0.5019
v 0.002711 -0.004696 -0.071637 0.5019 0.5019 0.5019
v -0.000000 -0.005566 -0.073852 0.5019 0.5019 0.5019
v 0.002783 -0.004820 -0.073852 0.5019 0.5019 0.5019
v 0.004696 -0.002711 -0.071637 0.5019 0.5019 0.5019
v 0.004820 -0.002783 -0.073852 0.5019 0.5019 0.5019
v 0.005566 -0.000000 -0.073852 0.5019 0.5019 0.5019
v 0.005422 -0.000000 -0.071637 0.5019 0.5019 0.5019
v 0.004820 0.002783 -0.073852 0.5019 0.5019 0.5019
v 0.004696 0.002711 -0.071637 0.5019 0.5019 0.5019
v 0.002783 0.004820 -0.073852 0.5019 0.5019 0.5019
v 0.002711 0.004696 -0.071637 0.5019 0.5019 0.5019
v -0.000000 0.005566 -0.073852 0.5019 0.5019 0.5019
v -0.000000 0.005422 -0.071637 0.5019 0.5019 0.5019
v -0.012806 -0.022180 -0.064027 0.5019 0.5019 0.5019
v -0.012806 -0.022180 -0.073585 0.5019 0.5019 0.5019
v -0.006629 -0.024739 -0.064027 0.5019 0.5019 0.5019
v -0.006629 -0.024739 -0.073585 0.5019 0.5019 0.5019
v -0.022180 -0.012806 -0.064027 0.5019 0.5019 0.5019
v -0.022180 -0.012806 -0.073585 0.5019 0.5019 0.5019
v -0.018110 -0.018110 -0.064027 0.5019 0.5019 0.5019
v -0.018110 -0.018110 -0.073585 0.5019 0.5019 0.5019
v -0.024739 -0.006629 -0.064027 0.5019 0.5019 0.5019
v -0.024739 -0.006629 -0.073585 0.5019 0.5019 0.5019
v -0.006629 0.024739 -0.064027 0.5019 0.5019 0.5019
v -0.006629 0.024739 -0.073585 0.5019 0.5019 0.5019
v -0.012806 0.022180 -0.064027 0.5019 0.5019 0.5019
v -0.012806 0.022180 -0.073585 0.5019 0.5019 0.5019
v -0.024739 0.006629 -0.064027 0.5019 0.5019 0.5019
v -0.024739 0.006629 -0.073585 0.5019 0.5019 0.5019
v -0.025612 -0.000000 -0.064027 0.5019 0.5019 0.5019
v -0.025612 -0.000000 -0.073585 0.5019 0.5019 0.5019
v -0.018110 0.018110 -0.064027 0.5019 0.5019 0.5019
v -0.018110 0.018110 -0.073585 0.5019 0.5019 0.5019
v -0.022180 0.012806 -0.064027 0.5019 0.5019 0.5019
v -0.022180 0.012806 -0.073585 0.5019 0.5019 0.5019
v -0.000000 -0.025612 -0.064027 0.5019 0.5019 0.5019
v -0.000000 -0.025612 -0.073585 0.5019 0.5019 0.5019
v -0.000000 0.005422 -0.071637 0.5019 0.5019 0.5019
v -0.000000 -0.005416 -0.071637 0.5019 0.5019 0.5019
v -0.002711 0.004696 -0.071637 0.5019 0.5019 0.5019
v -0.002711 -0.004696 -0.071637 0.5019 0.5019 0.5019
v -0.000000 0.025612 -0.064027 0.5019 0.5019 0.5019
v -0.000000 0.025612 -0.073585 0.5019 0.5019 0.5019
v -0.000000 -0.005566 -0.073852 0.5019 0.5019 0.5019
v -0.001904 -0.007105 -0.075341 0.5019 0.5019 0.5019
v -0.002783 -0.004820 -0.073852 0.5019 0.5019 0.5019
v -0.005201 -0.005201 -0.075341 0.5019 0.5019 0.5019
v -0.004820 -0.002783 -0.073852 0.5019 0.5019 0.5019
v -0.007105 -0.001904 -0.075341 0.5019 0.5019 0.5019
v -0.005566 -0.000000 -0.073852 0.5019 0.5019 0.5019
v -0.007105 0.001904 -0.075341 0.5019 0.5019 0.5019
v -0.004820 0.002783 -0.073852 0.5019 0.5019 0.5019
v -0.005201 0.005201 -0.075341 0.5019 0.5019 0.5019
v -0.002783 0.004820 -0.073852 0.5019 0.5019 0.5019
v -0.001904 0.007105 -0.075341 0.5019 0.5019 0.5019
v -0.000000 0.005566 -0.073852 0.5019 0.5019 0.5019
v -0.000000 0.025612 -0.073585 0.5019 0.5019 0.5019
v -0.000000 0.024206 -0.075201 0.5019 0.5019 0.5019
v -0.006629 0.024739 -0.073585 0.5019 0.5019 0.5019
v -0.006265 0.023381 -0.075201 0.5019 0.5019 0.5019
v -0.012806 0.022180 -0.073585 0.5019 0.5019 0.5019
v -0.012103 0.020963 -0.075201 0.5019 0.5019 0.5019
v -0.018110 0.018110 -0.073585 0.5019 0.5019 0.5019
v -0.017116 0.017116 -0.075201 0.5019 0.5019 0.5019
v -0.022180 0.012806 -0.073585 0.5019 0.5019 0.5019
v -0.020963 0.012103 -0.075201 0.5019 0.5019 0.5019
v -0.024739 0.006629 -0.073585 0.5019 0.5019 0.5019
v -0.023381 0.006265 -0.075201 0.5019 0.5019 0.5019
v -0.025612 -0.000000 -0.073585 0.5019 0.5019 0.5019
v -0.024206 -0.000000 -0.075201 0.5019 0.5019 0.5019
v -0.024739 -0.006629 -0.073585 0.5019 0.5019 0.5019
v -0.023381 -0.006265 -0.075201 0.5019 0.5019 0.5019
v -0.022180 -0.012806 -0.073585 0.5019 0.5019 0.5019
v -0.020963 -0.012103 -0.075201 0.5019 0.5019 0.5019
v -0.018110 -0.018110 -0.073585 0.5019 0.5019 0.5019
v -0.017116 -0.017116 -0.075201 0.5019 0.5019 0.5019
v -0.012806 -0.022180 -0.073585 0.5019 0.5019 0.5019
v -0.012103 -0.020963 -0.075201 0.5019 0.5019 0.5019
v -0.006629 -0.024739 -0.073585 0.5019 0.5019 0.5019
v -0.006265 -0.023381 -0.075201 0.5019 0.5019 0.5019
v -0.000000 -0.025612 -0.073585 0.5019 0.5019 0.5019
v -0.000000 -0.024206 -0.075201 0.5019 0.5019 0.5019
v -0.000000 0.024206 -0.075201 0.5019 0.5019 0.5019
v -0.000000 0.007355 -0.075341 0.5019 0.5019 0.5019
v -0.006265 0.023381 -0.075201 0.5019 0.5019 0.5019
v -0.001904 0.007105 -0.075341 0.5019 0.5019 0.5019
v -0.012103 0.020963 -0.075201 0.5019 0.5019 0.5019
v -0.003678 0.006370 -0.075341 0.5019 0.5019 0.5019
v -0.017116 0.017116 -0.075201 0.5019 0.5019 0.5019
v -0.005201 0.005201 -0.075341 0.5019 0.5019 0.5019
v -0.020963 0.012103 -0.075201 0.5019 0.5019 0.5019
v -0.006370 0.003678 -0.075341 0.5019 0.5019 0.5019
v -0.023381 0.006265 -0.075201 0.5019 0.5019 0.5019
v -0.007105 0.001904 -0.075341 0.5019 0.5019 0.5019
v -0.024206 -0.000000 -0.075201 0.5019 0.5019 0.5019
v -0.007355 -0.000000 -0.075341 0.5019 0.5019 0.5019
v -0.023381 -0.006265 -0.075201 0.5019 0.5019 0.5019
v -0.007105 -0.001904 -0.075341 0.5019 0.5019 0.5019
v -0.020963 -0.012103 -0.075201 0.5019 0.5019 0.5019
v -0.006370 -0.003678 -0.075341 0.5019 0.5019 0.5019
v -0.017116 -0.017116 -0.075201 0.5019 0.5019 0.5019
v -0.005201 -0.005201 -0.075341 0.5019 0.5019 0.5019
v -0.012103 -0.020963 -0.075201 0.5019 0.5019 0.5019
v -0.003678 -0.006370 -0.075341 0.5019 0.5019 0.5019
v -0.006265 -0.023381 -0.075201 0.5019 0.5019 0.5019
v -0.001904 -0.007105 -0.075341 0.5019 0.5019 0.5019
v -0.000000 -0.024206 -0.075201 0.5019 0.5019 0.5019
v -0.000000 -0.007355 -0.075341 0.5019 0.5019 0.5019
v -0.000000 -0.005416 -0.071637 0.5019 0.5019 0.5019
v -0.000000 -0.005566 -0.073852 0.5019 0.5019 0.5019
v -0.002711 -0.004696 -0.071637 0.5019 0.5019 0.5019
v -0.002783 -0.004820 -0.073852 0.5019 0.5019 0.5019
v -0.004696 -0.002711 -0.071637 0.5019 0.5019 0.5019
v -0.004820 -0.002783 -0.073852 0.5019 0.5019 0.5019
v -0.005566 -0.000000 -0.073852 0.5019 0.5019 0.5019
v -0.005422 -0.000000 -0.071637 0.5019 0.5019 0.5019
v -0.004820 0.002783 -0.073852 0.5019 0.5019 0.5019
v -0.004696 0.002711 -0.071637 0.5019 0.5019 0.5019
v -0.002783 0.004820 -0.073852 0.5019 0.5019 0.5019
v -0.002711 0.004696 -0.071637 0.5019 0.5019 0.5019
v -0.000000 0.005566 -0.073852 0.5019 0.5019 0.5019
v -0.000000 0.005422 -0.071637 0.5019 0.5019 0.5019
v 0.004696 -0.002711 -0.071637 0.5019 0.5019 0.5019
v 0.004696 0.002711 -0.071637 0.5019 0.5019 0.5019
v 0.005422 -0.000000 -0.071637 0.5019 0.5019 0.5019
v -0.004696 0.002711 -0.071637 0.5019 0.5019 0.5019
v -0.004696 -0.002711 -0.071637 0.5019 0.5019 0.5019
v -0.005422 -0.000000 -0.071637 0.5019 0.5019 0.5019
v -0.000000 0.007355 -0.075341 0.5019 0.5019 0.5019
v 0.003678 0.006370 -0.075341 0.5019 0.5019 0.5019
v 0.006370 0.003678 -0.075341 0.5019 0.5019 0.5019
v 0.007355 -0.000000 -0.075341 0.5019 0.5019 0.5019
v 0.006370 -0.003678 -0.075341 0.5019 0.5019 0.5019
v 0.003678 -0.006370 -0.075341 0.5019 0.5019 0.5019
v -0.000000 -0.007355 -0.075341 0.5019 0.5019 0.5019
v -0.000000 -0.007355 -0.075341 0.5019 0.5019 0.5019
v -0.003678 -0.006370 -0.075341 0.5019 0.5019 0.5019
v -0.006370 -0.003678 -0.075341 0.5019 0.5019 0.5019
v -0.007355 -0.000000 -0.075341 0.5019 0.5019 0.5019
v -0.006370 0.003678 -0.075341 0.5019 0.5019 0.5019
v -0.003678 0.006370 -0.075341 0.5019 0.5019 0.5019
v -0.000000 0.007355 -0.075341 0.5019 0.5019 0.5019
v -0.029072 0.055568 -0.029224 0.5019 0.5019 0.5019
v -0.016087 0.060717 -0.029658 0.5019 0.5019 0.5019
v -0.025668 0.055335 -0.032328 0.5019 0.5019 0.5019
v -0.017408 0.059106 -0.031667 0.5019 0.5019 0.5019
v -0.013852 0.065515 -0.017861 0.5019 0.5019 0.5019
v -0.017252 0.065067 -0.017861 0.5019 0.5019 0.5019
v -0.014234 0.067226 -0.009008 0.5019 0.5019 0.5019
v -0.017708 0.066768 -0.009008 0.5019 0.5019 0.5019
v -0.016501 0.062265 -0.026409 0.5019 0.5019 0.5019
v -0.014766 0.062493 -0.026409 0.5019 0.5019 0.5019
v -0.032735 0.057380 -0.021360 0.5019 0.5019 0.5019
v -0.033329 0.058408 -0.017861 0.5019 0.5019 0.5019
v -0.033688 0.059496 -0.012065 0.5019 0.5019 0.5019
v -0.033423 0.060259 -0.009008 0.5019 0.5019 0.5019
v -0.017861 0.067339 -0.000000 0.5019 0.5019 0.5019
v -0.032506 0.060979 -0.004174 0.5019 0.5019 0.5019
v -0.030993 0.061899 -0.000000 0.5019 0.5019 0.5019
v -0.017829 0.067222 0.001849 0.5019 0.5019 0.5019
v -0.016572 0.067508 -0.000000 0.5019 0.5019 0.5019
v -0.015021 0.067433 -0.004260 0.5019 0.5019 0.5019
v -0.013787 0.064056 -0.022183 0.5019 0.5019 0.5019
v -0.028684 0.062628 0.003242 0.5019 0.5019 0.5019
v -0.025542 0.063778 0.005390 0.5019 0.5019 0.5019
v -0.019638 0.066325 0.003940 0.5019 0.5019 0.5019
v -0.022208 0.065162 0.005347 0.5019 0.5019 0.5019
v -0.030950 0.056280 -0.026409 0.5019 0.5019 0.5019
v -0.018902 0.057891 -0.032794 0.5019 0.5019 0.5019
v -0.022351 0.056193 -0.033302 0.5019 0.5019 0.5019
v 0.017408 0.059106 -0.031667 0.5019 0.5019 0.5019
v 0.016086 0.060717 -0.029658 0.5019 0.5019 0.5019
v 0.025668 0.055335 -0.032328 0.5019 0.5019 0.5019
v 0.029072 0.055568 -0.029224 0.5019 0.5019 0.5019
v 0.017708 0.066768 -0.009008 0.5019 0.5019 0.5019
v 0.017252 0.065067 -0.017861 0.5019 0.5019 0.5019
v 0.014234 0.067226 -0.009008 0.5019 0.5019 0.5019
v 0.013852 0.065515 -0.017861 0.5019 0.5019 0.5019
v 0.014766 0.062493 -0.026409 0.5019 0.5019 0.5019
v 0.016501 0.062265 -0.026409 0.5019 0.5019 0.5019
v 0.033329 0.058408 -0.017861 0.5019 0.5019 0.5019
v 0.032735 0.057380 -0.021360 0.5019 0.5019 0.5019
v 0.033423 0.060259 -0.009008 0.5019 0.5019 0.5019
v 0.033688 0.059496 -0.012065 0.5019 0.5019 0.5019
v 0.017861 0.067339 -0.000000 0.5019 0.5019 0.5019
v 0.030993 0.061899 -0.000000 0.5019 0.5019 0.5019
v 0.032506 0.060979 -0.004174 0.5019 0.5019 0.5019
v 0.017829 0.067222 0.001849 0.5019 0.5019 0.5019
v 0.016572 0.067508 -0.000000 0.5019 0.5019 0.5019
v 0.015021 0.067433 -0.004260 0.5019 0.5019 0.5019
v 0.013787 0.064056 -0.022183 0.5019 0.5019 0.5019
v 0.028684 0.062628 0.003242 0.5019 0.5019 0.5019
v 0.019638 0.066326 0.003940 0.5019 0.5019 0.5019
v 0.025542 0.063778 0.005390 0.5019 0.5019 0.5019
v 0.022208 0.065162 0.005347 0.5019 0.5019 0.5019
v 0.030950 0.056280 -0.026409 0.5019 0.5019 0.5019
v 0.018902 0.057891 -0.032794 0.5019 0.5019 0.5019
v 0.022351 0.056193 -0.033302 0.5019 0.5019 0.5019
vn 0.2638 -0.5335 -0.8036
vn 0.6301 -0.2516 -0.7347
vn 0.6819 -0.3762 -0.6273
vn 0.3064 -0.0765 -0.9488
vn 0.5300 -0.1341 -0.8373
vn 0.0798 -0.1839 -0.9797
vn -0.0276 -0.2116 -0.9770
vn -0.1692 -0.3741 -0.9118
vn -0.1451 -0.7472 -0.6486
vn -0.0505 -0.8317 -0.5529
vn -0.2015 -0.5471 -0.8124
vn 0.5246 -0.7249 -0.4465
vn 0.3887 -0.8077 -0.4432
vn 0.0988 -0.8597 -0.5012
vn 0.6262 -0.5867 -0.5134
vn 0.8020 -0.4459 -0.3974
vn 0.4857 -0.8488 -0.2088
vn 0.0740 -0.9880 0.1358
vn 0.8083 -0.2635 -0.5265
vn 0.4959 -0.8395 -0.2221
vn -0.4741 -0.7611 0.4426
vn 0.0218 -0.9995 0.0229
vn 0.7385 -0.4733 -0.4803
vn -0.6623 -0.5573 0.5007
vn -0.4530 -0.8751 0.1703
vn -0.1723 -0.9795 -0.1044
vn -0.9457 -0.0593 0.3197
vn -0.9394 -0.3429 0.0012
vn -0.7394 -0.6070 -0.2911
vn -0.7622 0.6424 0.0799
vn -0.8844 0.3597 -0.2974
vn -0.7448 -0.0101 -0.6672
vn -0.2076 0.9778 -0.0298
vn -0.3507 0.7708 -0.5319
vn -0.4959 0.2415 -0.8341
vn 0.4073 0.9035 0.1333
vn 0.1987 0.8416 -0.5022
vn -0.1534 0.4515 -0.8790
vn 0.7101 0.6286 0.3172
vn 0.6609 0.6868 -0.3026
vn 0.5530 0.4333 -0.7117
vn 0.8265 0.5119 0.2343
vn 0.8599 0.2869 -0.4221
vn 0.5301 -0.1341 -0.8373
vn 0.6301 -0.2515 -0.7346
vn 0.9471 0.0949 -0.3065
vn 0.6820 -0.3761 -0.6272
vn 0.9348 -0.3495 0.0641
vn 0.9476 0.2288 0.2229
vn 0.5827 0.5763 -0.5729
vn 0.6263 -0.5867 -0.5134
vn 0.8347 -0.5432 0.0906
vn 0.6232 -0.1825 0.7605
vn 0.6857 0.6925 -0.2242
vn 0.7659 0.3205 0.5573
vn -0.0596 0.5413 -0.8387
vn 0.6905 0.6349 0.3465
vn 0.1935 0.9001 -0.3903
vn -0.5772 0.2913 -0.7628
vn 0.3870 0.9054 0.1743
vn -0.5525 0.7547 -0.3539
vn -0.8788 -0.2324 -0.4167
vn -0.2907 0.9477 0.1316
vn -0.9710 0.2281 -0.0714
vn -0.7493 -0.6330 -0.1944
vn -0.9076 -0.4028 0.1183
vn -0.7792 0.5715 0.2574
vn -0.2483 -0.9558 -0.1574
vn -0.9231 -0.1705 0.3446
vn -0.3574 -0.9336 -0.0250
vn 0.3744 -0.8871 -0.2701
vn 0.2908 -0.8924 -0.3451
vn -0.3615 -0.9301 -0.0649
vn 0.5206 -0.6144 -0.5929
vn 0.2627 -0.7642 -0.5890
vn 0.3090 -0.6010 -0.7371
vn 0.5246 -0.7249 -0.4464
vn 0.4302 -0.8692 0.2438
vn 0.7122 -0.4142 0.5667
vn 0.9591 0.1679 -0.2279
vn 0.3887 -0.8078 -0.4432
vn 0.1755 -0.9528 0.2478
vn -0.0056 -0.5906 0.8070
vn 0.9687 0.1850 0.1657
vn 0.4445 -0.2916 0.8470
vn 0.6307 0.5731 -0.5232
vn 0.6008 0.7834 -0.1590
vn 0.8241 0.2731 0.4963
vn -0.1571 0.7214 -0.6745
vn 0.5919 0.7810 0.1991
vn -0.0098 0.9518 -0.3067
vn -0.7506 0.3456 -0.5631
vn 0.2120 0.9647 0.1562
vn -0.6706 0.7261 -0.1517
vn -0.8719 -0.3756 -0.3143
vn -0.3315 0.8945 0.3000
vn -0.9951 0.0684 0.0710
vn -0.5289 -0.8058 -0.2664
vn -0.8258 -0.5421 -0.1555
vn -0.7875 0.5447 0.2882
vn -0.3322 -0.8700 -0.3644
vn -0.9821 -0.1307 -0.1353
vn -0.4871 -0.8102 -0.3260
vn -0.3802 -0.8324 -0.4032
vn 0.0987 -0.8597 -0.5011
vn -0.4818 -0.8698 0.1059
vn -0.0757 -0.7894 0.6092
vn 0.8679 -0.4452 0.2203
vn -0.0505 -0.8318 -0.5528
vn -0.4543 -0.8856 -0.0967
vn -0.6492 -0.6077 0.4575
vn -0.5271 -0.6912 0.4944
vn 0.8313 -0.3927 0.3934
vn 0.1504 -0.6760 0.7214
vn 0.9694 0.1511 -0.1935
vn 0.6826 -0.3286 0.6528
vn 0.9635 0.2355 0.1275
vn 0.6037 0.6975 -0.3861
vn 0.8972 0.3146 0.3099
vn 0.5533 0.8214 -0.1386
vn -0.2256 0.8464 -0.4825
vn 0.5456 0.8201 0.1726
vn -0.1456 0.9808 -0.1297
vn -0.8537 0.3834 -0.3524
vn 0.0843 0.9694 0.2306
vn -0.8109 0.5735 -0.1161
vn -0.9119 -0.2759 -0.3038
vn -0.6566 0.7479 0.0972
vn -0.9027 -0.2066 -0.3774
vn -0.7034 -0.5007 -0.5046
vn -0.7079 -0.2127 -0.6735
vn -0.1452 -0.7472 -0.6485
vn -0.7492 -0.4520 -0.4842
vn -0.7955 -0.5924 0.1276
vn -0.0760 -0.9463 0.3144
vn -0.2016 -0.5471 -0.8124
vn -0.6950 -0.2903 -0.6579
vn -0.9880 0.0729 -0.1365
vn -0.3900 -0.8122 0.4339
vn -0.9301 -0.2366 0.2809
vn 0.3427 -0.8839 0.3182
vn 0.2717 -0.8145 0.5126
vn -0.5921 -0.6224 0.5120
vn 0.9371 -0.3372 0.0899
vn 0.1381 -0.7634 0.6310
vn 0.8801 -0.3712 0.2962
vn 0.9603 0.2119 -0.1813
vn 0.9597 0.2803 0.0175
vn 0.8147 -0.3707 0.4459
vn 0.4819 0.7815 -0.3964
vn 0.4431 0.8892 -0.1138
vn 0.9107 0.3426 0.2307
vn -0.4046 0.8279 -0.3885
vn 0.5656 0.8246 0.0117
vn -0.2564 0.9234 -0.2857
vn -0.7780 0.4737 -0.4127
vn 0.0835 0.9600 -0.2671
vn -0.6697 0.6365 -0.3827
vn -0.8181 0.3682 -0.4418
vn -0.1693 -0.3741 -0.9118
vn -0.4556 0.2321 -0.8594
vn -0.8816 0.2111 -0.4222
vn -0.4579 -0.8851 -0.0834
vn -0.0277 -0.2116 -0.9770
vn -0.2740 0.2630 -0.9251
vn -0.4939 0.7381 -0.4597
vn -0.7893 -0.6106 0.0647
vn -0.5999 0.7528 -0.2709
vn -0.8986 0.4346 -0.0608
vn 0.1944 -0.9779 0.0768
vn -0.1850 -0.9143 0.3604
vn -0.9378 -0.1797 0.2970
vn 0.7327 -0.6795 0.0376
vn 0.4845 -0.8094 0.3319
vn -0.5329 -0.6615 0.5276
vn 0.9664 -0.2178 -0.1368
vn 0.2026 -0.8492 0.4876
vn 0.9233 -0.3725 0.0942
vn 0.9020 0.2888 -0.3208
vn 0.8338 -0.4689 0.2913
vn 0.9726 0.2069 -0.1062
vn 0.4606 0.8210 -0.3373
vn 0.7630 0.6180 -0.1897
vn 0.2124 0.8928 -0.3973
vn -0.0479 0.8560 -0.5147
vn 0.1721 0.8325 -0.5267
vn -0.0229 0.8040 -0.5942
vn 0.0798 -0.1838 -0.9797
vn 0.3064 -0.0764 -0.9488
vn 0.2605 0.5836 -0.7691
vn -0.2214 0.7367 -0.6390
vn -0.7458 -0.0360 -0.6652
vn -0.7826 0.2692 -0.5613
vn -0.7789 -0.4519 -0.4349
vn -0.2431 0.8872 -0.3923
vn 0.2121 0.9303 -0.2993
vn 0.3145 0.9055 -0.2847
vn 0.5300 -0.1340 -0.8373
vn -0.8456 0.4965 -0.1961
vn -0.9506 -0.2535 -0.1791
vn -0.4322 -0.9000 -0.0559
vn -0.6604 -0.7313 0.1706
vn -0.9898 -0.0411 0.1361
vn 0.2869 -0.9569 0.0455
vn -0.8357 -0.3803 0.3961
vn -0.0761 -0.9536 0.2914
vn 0.8036 -0.5789 -0.1383
vn 0.5633 -0.8164 0.1276
vn -0.3971 -0.7547 0.5222
vn 0.9274 -0.0777 -0.3660
vn 0.2895 -0.8803 0.3759
vn 0.9402 -0.2791 -0.1950
vn 0.7864 0.3700 -0.4946
vn 0.8532 -0.5216 0.0025
vn 0.8624 0.2449 -0.4429
vn 0.7087 0.4722 -0.5242
vn 0.7992 -0.2141 -0.5616
vn -0.4421 -0.7254 0.5276
vn -0.4417 -0.7256 0.5277
vn -0.4404 -0.8540 0.2770
vn -0.4403 -0.5280 0.7262
vn -0.4405 -0.8540 0.2770
vn -0.4400 -0.5280 0.7264
vn -0.4416 -0.8972 0.0005
vn -0.4405 -0.8537 -0.2778
vn -0.4405 -0.8537 -0.2779
vn -0.4410 -0.7259 -0.5278
vn -0.4409 -0.7261 -0.5277
vn -0.4350 -0.6305 -0.6428
vn -0.4349 -0.6306 -0.6428
vn -0.4419 -0.2767 0.8533
vn -0.4418 -0.2769 0.8533
vn -0.4403 -0.0000 0.8979
vn -0.4405 -0.0000 0.8978
vn -0.4418 0.2767 0.8533
vn -0.4420 0.2768 0.8533
vn -0.4403 0.5280 0.7262
vn -0.4405 0.5279 0.7261
vn -0.4420 0.7254 0.5276
vn -0.4421 0.7254 0.5276
vn -0.4425 0.8518 0.2806
vn -0.4425 0.8517 0.2806
vn -0.4384 0.8930 0.1017
vn -0.4345 0.9007 -0.0000
vn -0.4384 0.8930 -0.1017
vn -0.4425 0.8517 -0.2806
vn -0.4425 0.8518 -0.2806
vn -0.4421 0.7254 -0.5275
vn -0.4421 0.7254 -0.5276
vn -0.4403 0.5279 -0.7262
vn -0.4402 0.5280 -0.7263
vn -0.4418 0.2771 -0.8533
vn -0.4416 0.2771 -0.8534
vn -0.4403 -0.0000 -0.8979
vn -0.4405 -0.0000 -0.8978
vn -0.4418 -0.2771 -0.8533
vn -0.4418 -0.2769 -0.8533
vn -0.4403 -0.5279 -0.7262
vn -0.4400 -0.5280 -0.7264
vn -0.4421 -0.7254 -0.5276
vn -0.4420 -0.7254 -0.5276
vn -0.4404 -0.8540 -0.2770
vn -0.4402 -0.8541 -0.2769
vn -0.4416 -0.8972 -0.0005
vn -0.4405 -0.8537 0.2778
vn -0.4405 -0.8537 0.2779
vn -0.4410 -0.7259 0.5278
vn -0.4410 -0.7260 0.5277
vn -0.4350 -0.6305 0.6428
vn -1.0000 0.0074 -0.0024
vn -1.0000 0.0062 -0.0045
vn -1.0000 0.0045 -0.0061
vn -1.0000 0.0078 -0.0000
vn -1.0000 0.0078 0.0001
vn -1.0000 0.0076 0.0024
vn -1.0000 0.0076 0.0025
vn -1.0000 0.0065 0.0047
vn -1.0000 0.0065 0.0048
vn -1.0000 0.0050 0.0053
vn -1.0000 0.0048 0.0066
vn -1.0000 0.0046 0.0050
vn -1.0000 0.0015 0.0048
vn -1.0000 0.0026 -0.0000
vn -1.0000 -0.0023 -0.0000
vn -1.0000 0.0015 -0.0048
vn -1.0000 0.0050 -0.0052
vn -1.0000 -0.0014 0.0043
vn -1.0000 -0.0031 -0.0022
vn -1.0000 -0.0049 -0.0008
vn -1.0000 -0.0014 -0.0043
vn -1.0000 -0.0022 -0.0032
vn -1.0000 -0.0022 0.0032
vn -1.0000 -0.0031 0.0022
vn -1.0000 -0.0051 0.0009
vn -1.0000 -0.0069 0.0005
vn -1.0000 -0.0073 -0.0008
vn -1.0000 0.0046 -0.0050
vn -1.0000 0.0047 -0.0066
vn -1.0000 0.0064 -0.0047
vn -1.0000 0.0065 -0.0047
vn -1.0000 0.0075 -0.0025
vn -1.0000 0.0075 -0.0024
vn -1.0000 0.0078 -0.0001
vn -1.0000 0.0073 0.0024
vn -1.0000 0.0062 0.0044
vn -1.0000 0.0061 0.0045
vn -1.0000 0.0044 0.0061
vn -1.0000 0.0023 0.0071
vn -1.0000 -0.0000 0.0075
vn -1.0000 -0.0023 0.0071
vn -1.0000 -0.0044 0.0061
vn -1.0000 -0.0061 0.0045
vn -1.0000 -0.0062 0.0044
vn -1.0000 -0.0073 0.0024
vn -1.0000 -0.0074 0.0024
vn -1.0000 -0.0072 0.0005
vn -1.0000 -0.0072 -0.0005
vn -1.0000 -0.0073 -0.0024
vn -1.0000 -0.0074 -0.0024
vn -1.0000 -0.0062 -0.0045
vn -1.0000 -0.0045 -0.0061
vn -1.0000 -0.0045 -0.0062
vn -1.0000 -0.0023 -0.0072
vn -1.0000 -0.0023 -0.0071
vn -1.0000 -0.0000 -0.0075
vn -1.0000 -0.0000 -0.0076
vn -1.0000 0.0023 -0.0072
vn -1.0000 0.0023 -0.0071
vn -1.0000 0.0045 -0.0062
vn -0.2956 -0.9553 -0.0000
vn -0.2951 -0.9555 -0.0013
vn -0.2953 -0.9554 -0.0000
vn -0.2951 -0.9555 0.0013
vn -0.2952 -0.9554 -0.0014
vn -0.2953 -0.9554 0.0015
vn -0.4136 0.5620 -0.7163
vn -0.8271 0.5620 -0.0000
vn -0.4135 0.5617 0.7166
vn -0.4136 0.5620 0.7163
vn -0.4896 -0.2036 -0.8478
vn -0.5000 -0.0000 -0.8660
vn -0.4896 -0.2037 -0.8478
vn -0.4585 -0.3988 -0.7942
vn -0.9790 -0.2036 -0.0000
vn -1.0000 -0.0000 -0.0000
vn -0.9791 -0.2036 -0.0000
vn -0.9170 -0.3988 -0.0000
vn -0.4896 -0.2036 0.8478
vn -0.5000 -0.0000 0.8660
vn -0.4896 -0.2037 0.8478
vn -0.4585 -0.3988 0.7942
vn -0.0000 1.0000 -0.0000
vn 0.4404 -0.8540 0.2770
vn 0.4420 -0.7254 0.5276
vn 0.4421 -0.7254 0.5276
vn 0.4403 -0.5280 0.7262
vn 0.4405 -0.8540 0.2770
vn 0.4416 -0.8972 0.0005
vn 0.4400 -0.5280 0.7264
vn 0.4418 -0.2771 0.8533
vn 0.4418 -0.2769 0.8533
vn 0.4403 -0.0000 0.8979
vn 0.4405 -0.0000 0.8978
vn 0.4418 0.2771 0.8533
vn 0.4416 0.2771 0.8534
vn 0.4403 0.5280 0.7262
vn 0.4402 0.5280 0.7263
vn 0.4420 0.7254 0.5276
vn 0.4421 0.7254 0.5276
vn 0.4424 0.8518 0.2806
vn 0.4425 0.8517 0.2806
vn 0.4384 0.8930 0.1017
vn 0.4345 0.9007 -0.0000
vn 0.4384 0.8930 -0.1017
vn 0.4425 0.8517 -0.2806
vn 0.4425 0.8518 -0.2806
vn 0.4421 0.7254 -0.5275
vn 0.4419 0.7255 -0.5276
vn 0.4403 0.5279 -0.7262
vn 0.4405 0.5279 -0.7261
vn 0.4418 0.2771 -0.8533
vn 0.4419 0.2769 -0.8533
vn 0.4403 -0.0000 -0.8979
vn 0.4405 -0.0000 -0.8978
vn 0.4418 -0.2767 -0.8533
vn 0.4418 -0.2769 -0.8533
vn 0.4403 -0.5279 -0.7262
vn 0.4400 -0.5280 -0.7264
vn 0.4421 -0.7254 -0.5276
vn 0.4419 -0.7255 -0.5276
vn 0.4402 -0.8542 -0.2768
vn 0.4405 -0.8540 -0.2770
vn 0.4416 -0.8972 -0.0005
vn 0.4405 -0.8537 0.2778
vn 0.4405 -0.8537 0.2779
vn 0.4410 -0.7259 0.5278
vn 0.4410 -0.7260 0.5277
vn 0.4350 -0.6305 0.6428
vn 0.4405 -0.8537 -0.2778
vn 0.4405 -0.8537 -0.2779
vn 0.4410 -0.7259 -0.5278
vn 0.4409 -0.7261 -0.5277
vn 0.4350 -0.6305 -0.6428
vn 0.4349 -0.6306 -0.6428
vn 1.0000 0.0074 -0.0024
vn 1.0000 0.0062 -0.0045
vn 1.0000 0.0045 -0.0061
vn 1.0000 0.0078 -0.0000
vn 1.0000 0.0078 0.0001
vn 1.0000 0.0076 0.0024
vn 1.0000 0.0076 0.0025
vn 1.0000 0.0065 0.0047
vn 1.0000 0.0065 0.0048
vn 1.0000 0.0050 0.0053
vn 1.0000 0.0048 0.0066
vn 1.0000 0.0046 0.0050
vn 1.0000 0.0018 0.0017
vn 1.0000 0.0027 -0.0000
vn 1.0000 0.0050 -0.0052
vn 1.0000 0.0018 -0.0017
vn 1.0000 -0.0000 -0.0000
vn 1.0000 -0.0025 -0.0000
vn 1.0000 -0.0014 0.0043
vn 1.0000 0.0001 -0.0000
vn 1.0000 0.0046 -0.0050
vn 1.0000 -0.0014 -0.0043
vn 1.0000 0.0047 -0.0066
vn 1.0000 0.0064 -0.0047
vn 1.0000 0.0065 -0.0047
vn 1.0000 0.0075 -0.0025
vn 1.0000 0.0075 -0.0024
vn 1.0000 0.0078 -0.0001
vn 1.0000 0.0073 0.0024
vn 1.0000 0.0062 0.0044
vn 1.0000 0.0061 0.0045
vn 1.0000 0.0044 0.0061
vn 1.0000 0.0023 0.0071
vn 1.0000 -0.0000 0.0075
vn 1.0000 -0.0023 0.0071
vn 1.0000 -0.0044 0.0061
vn 1.0000 -0.0061 0.0045
vn 1.0000 -0.0062 0.0044
vn 1.0000 -0.0073 0.0024
vn 1.0000 -0.0074 0.0024
vn 1.0000 -0.0072 0.0005
vn 1.0000 -0.0069 0.0005
vn 1.0000 -0.0050 -0.0008
vn 1.0000 -0.0031 -0.0022
vn 1.0000 -0.0022 -0.0032
vn 1.0000 -0.0022 0.0032
vn 1.0000 -0.0031 0.0022
vn 1.0000 -0.0051 0.0009
vn 1.0000 -0.0073 -0.0008
vn 1.0000 -0.0073 -0.0024
vn 1.0000 -0.0072 -0.0005
vn 1.0000 -0.0074 -0.0024
vn 1.0000 -0.0062 -0.0045
vn 1.0000 -0.0045 -0.0061
vn 1.0000 -0.0045 -0.0062
vn 1.0000 -0.0023 -0.0072
vn 1.0000 -0.0023 -0.0071
vn 1.0000 -0.0000 -0.0075
vn 1.0000 -0.0000 -0.0076
vn 1.0000 0.0023 -0.0072
vn 1.0000 0.0023 -0.0071
vn 1.0000 0.0045 -0.0062
vn -0.6721 -0.0000 0.7405
vn -0.6720 -0.2289 0.7043
vn -0.6720 -0.4350 0.5993
vn -0.6720 -0.4353 0.5991
vn -0.6720 -0.5991 0.4353
vn -0.6720 -0.7043 0.2289
vn -0.6720 -0.7043 0.2288
vn -0.6720 -0.7406 -0.0000
vn -0.6720 -0.7043 -0.2288
vn -0.6720 -0.5991 -0.4353
vn -0.6720 -0.4353 -0.5991
vn -0.6720 -0.2289 -0.7043
vn -0.6720 -0.0000 -0.7406
vn -0.6722 0.0001 -0.7403
vn -0.6720 0.2288 -0.7043
vn -0.6720 0.4350 -0.5993
vn -0.6720 0.5993 -0.4350
vn -0.6720 0.7043 -0.2288
vn -0.6720 0.7043 -0.2289
vn -0.6722 0.7403 -0.0001
vn -0.6720 0.7406 -0.0000
vn -0.6720 0.7043 0.2288
vn -0.6720 0.5991 0.4353
vn -0.6720 0.5994 0.4349
vn -0.6720 0.4353 0.5991
vn -0.6720 0.2288 0.7043
vn -0.6721 0.0001 0.7405
vn 0.2953 -0.9554 0.0015
vn 0.2951 -0.9555 0.0013
vn 0.2956 -0.9553 -0.0000
vn 0.2953 -0.9554 -0.0000
vn 0.2951 -0.9555 -0.0013
vn 0.2953 -0.9554 -0.0015
vn -0.6549 -0.0000 -0.7557
vn -0.6552 0.2334 -0.7184
vn -0.6552 -0.2334 -0.7184
vn -0.6552 0.4440 -0.6111
vn -0.6553 -0.4440 -0.6111
vn -0.6553 -0.6111 -0.4440
vn -0.6553 -0.7184 -0.2334
vn -0.6552 -0.7184 -0.2334
vn -0.6552 -0.7554 -0.0000
vn -0.6552 -0.7184 0.2334
vn -0.6553 -0.7184 0.2334
vn -0.6553 -0.6111 0.4440
vn -0.6553 -0.4440 0.6111
vn -0.6553 -0.2334 0.7184
vn -0.6550 -0.0000 0.7556
vn -0.6553 0.6111 -0.4440
vn -0.6553 0.7184 -0.2334
vn -0.6549 0.7557 -0.0000
vn -0.6553 0.7184 0.2334
vn -0.6553 0.6111 0.4440
vn -0.6553 0.4440 0.6111
vn -0.6553 0.2334 0.7184
vn 0.4136 0.5620 -0.7163
vn 0.8271 0.5620 -0.0000
vn 0.4136 0.5620 0.7163
vn 0.4135 0.5617 0.7166
vn 0.4896 -0.2036 -0.8478
vn 0.5004 0.0001 -0.8658
vn 0.4896 -0.2037 -0.8478
vn 0.4585 -0.3988 -0.7942
vn 0.9790 -0.2036 -0.0000
vn 0.9791 -0.2036 -0.0000
vn 0.9170 -0.3988 -0.0000
vn 0.4896 -0.2036 0.8478
vn 0.5000 -0.0000 0.8660
vn 0.4896 -0.2037 0.8478
vn 0.5004 0.0001 0.8658
vn 0.4585 -0.3988 0.7942
vn -0.0000 -0.0000 -1.0000
vn -0.0000 -0.0000 1.0000
vn 0.6552 0.4440 -0.6111
vn 0.6553 0.6111 -0.4440
vn 0.6552 0.6111 -0.4440
vn 0.6552 0.2334 -0.7184
vn 0.6553 0.7184 -0.2334
vn 0.6549 0.7557 -0.0000
vn 0.6553 0.7554 -0.0000
vn 0.6553 0.7184 0.2334
vn 0.6553 0.6111 0.4440
vn 0.6553 0.4440 0.6111
vn 0.6553 0.2334 0.7184
vn 0.6550 -0.0000 0.7556
vn 0.6549 -0.0000 -0.7557
vn 0.6552 -0.2334 -0.7184
vn 0.6552 -0.4440 -0.6112
vn 0.6552 -0.6112 -0.4440
vn 0.6553 -0.6112 -0.4440
vn 0.6553 -0.7184 -0.2334
vn 0.6552 -0.7184 -0.2334
vn 0.6549 -0.7557 -0.0000
vn 0.6548 -0.7558 -0.0000
vn 0.6552 -0.7184 0.2334
vn 0.6553 -0.7184 0.2334
vn 0.6553 -0.6111 0.4440
vn 0.6552 -0.6111 0.4440
vn 0.6552 -0.4440 0.6112
vn 0.6552 -0.4440 0.6111
vn 0.6553 -0.2334 0.7184
vn -0.0000 0.5878 -0.8090
vn -0.0000 0.8090 -0.5878
vn -0.0000 0.3090 -0.9511
vn -0.0000 0.9511 -0.3090
vn -0.0000 0.9511 0.3090
vn -0.0000 0.8090 0.5878
vn -0.0000 0.5878 0.8090
vn -0.0000 0.3090 0.9511
vn -0.0000 -0.3090 -0.9511
vn -0.0000 -0.5878 -0.8090
vn -0.0000 -0.8090 -0.5878
vn -0.0000 -0.9511 -0.3090
vn -0.0000 -1.0000 -0.0000
vn -0.0000 -0.9511 0.3090
vn -0.0000 -0.8090 0.5878
vn -0.0000 -0.5878 0.8090
vn -0.0000 -0.3090 0.9511
vn -0.0000 -0.3090 0.9510
vn -0.0000 -0.0001 1.0000
vn 0.6720 -0.0000 -0.7406
vn 0.6720 0.2289 -0.7043
vn 0.6720 0.2288 -0.7043
vn 0.6722 -0.0001 -0.7403
vn 0.6720 0.4350 -0.5993
vn 0.6720 -0.2289 -0.7043
vn 0.6720 -0.4349 -0.5994
vn 0.6720 -0.4353 -0.5991
vn 0.6720 -0.5993 -0.4350
vn 0.6720 -0.5991 -0.4353
vn 0.6720 -0.7043 -0.2289
vn 0.6720 -0.7406 -0.0000
vn 0.6720 -0.7043 0.2288
vn 0.6720 -0.5991 0.4353
vn 0.6720 -0.4350 0.5993
vn 0.6720 -0.4353 0.5991
vn 0.6720 -0.2289 0.7043
vn 0.6720 -0.2288 0.7043
vn 0.6721 -0.0000 0.7405
vn 0.6720 0.5994 -0.4349
vn 0.6720 0.4349 -0.5994
vn 0.6720 0.7043 -0.2289
vn 0.6720 0.5993 -0.4350
vn 0.6720 0.7405 -0.0000
vn 0.6720 0.7043 -0.2288
vn 0.6720 0.7043 0.2289
vn 0.6720 0.5994 0.4349
vn 0.6720 0.4350 0.5993
vn 0.6720 0.5993 0.4350
vn 0.6720 0.2288 0.7043
vn 0.6720 0.4353 0.5991
vn 0.6721 0.0001 0.7405
vn -0.0000 -0.3090 -0.9510
vn -0.0000 0.0001 1.0000
vn -0.0000 -0.9512 0.3086
vn -0.0000 -1.0000 0.0005
vn -0.0000 -0.8087 0.5882
vn -0.0000 -0.9509 -0.3095
vn -0.0000 -0.8089 -0.5880
vn -0.0000 -0.6999 -0.7143
vn -0.0000 -0.8088 0.5881
vn -0.0000 -0.5880 0.8089
vn -0.0000 -0.3088 0.9511
vn -0.0000 -0.3089 0.9511
vn -0.0000 0.3089 0.9511
vn -0.0000 0.5880 0.8088
vn -0.0000 0.5880 0.8089
vn -0.0000 0.8088 0.5882
vn -0.0000 0.8087 0.5882
vn -0.0000 0.9496 0.3136
vn -0.0000 0.9937 0.1123
vn -0.0000 0.9937 -0.1123
vn -0.0000 0.9496 -0.3136
vn -0.0000 0.8088 -0.5881
vn -0.0000 0.5880 -0.8089
vn -0.0000 0.3089 -0.9511
vn -0.0000 -0.3089 -0.9511
vn -0.0000 -0.3088 -0.9511
vn -0.0000 -0.5880 -0.8089
vn -0.0000 -0.8088 -0.5881
vn -0.0000 -0.9512 -0.3086
vn -0.0000 -1.0000 -0.0005
vn -0.0000 -0.9509 0.3095
vn -0.0000 -0.8089 0.5880
vn 0.0001 -0.7002 0.7139
vn -0.0000 -0.6999 0.7143
vn -0.0000 -1.0000 -0.0051
vn -0.0000 -1.0000 0.0051
vn -0.0000 0.9963 -0.0863
vn -0.1144 0.9437 -0.3104
vn -0.1848 0.9533 -0.2389
vn -0.0000 0.9907 0.1362
vn -0.1228 0.9864 0.1097
vn -0.1871 0.9817 0.0348
vn -0.2248 0.9615 -0.1583
vn -0.2352 0.9668 -0.0995
vn -0.0000 0.9412 -0.3378
vn -0.2254 0.9732 -0.0452
vn 0.1848 0.9533 -0.2389
vn 0.1144 0.9437 -0.3104
vn 0.1228 0.9864 0.1097
vn 0.1871 0.9817 0.0348
vn 0.2247 0.9615 -0.1583
vn 0.2352 0.9668 -0.0995
vn 0.0001 0.9412 -0.3378
vn 0.2254 0.9732 -0.0452
vn -0.0000 0.7770 -0.6295
vn -0.2058 0.7865 -0.5823
vn -0.3401 0.8233 -0.4544
vn -0.4259 0.8580 -0.2872
vn -0.4522 0.8815 -0.1361
vn -0.4437 0.8961 0.0144
vn -0.3787 0.8947 0.2370
vn -0.2106 0.8694 0.4469
vn -0.0000 0.8573 0.5149
vn 0.2106 0.8693 0.4471
vn 0.3787 0.8947 0.2370
vn 0.4437 0.8961 0.0144
vn 0.4258 0.8580 -0.2871
vn 0.4522 0.8815 -0.1361
vn 0.3401 0.8233 -0.4544
vn 0.2058 0.7865 -0.5823
vn 0.0001 0.4484 -0.8938
vn 0.2733 0.4613 -0.8441
vn 0.4937 0.5142 -0.7013
vn 0.6727 0.5765 -0.4639
vn 0.7601 0.6272 -0.1696
vn 0.7451 0.6429 0.1776
vn 0.5755 0.5985 0.5574
vn 0.2679 0.5226 0.8094
vn -0.0000 0.4952 0.8688
vn -0.2679 0.5227 0.8093
vn -0.5755 0.5985 0.5574
vn -0.7459 0.6423 0.1762
vn -0.6736 0.5754 -0.4638
vn -0.7616 0.6253 -0.1700
vn -0.4941 0.5129 -0.7020
vn -0.5553 0.1322 -0.8210
vn -0.8055 0.1840 -0.5633
vn -0.9581 0.2346 -0.1641
vn -0.9096 0.2555 0.3278
vn -0.6272 0.2337 0.7430
vn -0.2530 0.1945 0.9477
vn -0.0000 0.1784 0.9840
vn 0.2530 0.1946 0.9477
vn 0.6272 0.2337 0.7430
vn 0.9087 0.2564 0.3294
vn 0.8049 0.1854 -0.5637
vn 0.9577 0.2365 -0.1637
vn 0.5552 0.1336 -0.8209
vn 0.2913 0.0969 -0.9517
vn 0.0001 0.0864 -0.9963
vn 0.0001 -0.1512 -0.9885
vn 0.2737 -0.1441 -0.9510
vn 0.5353 -0.1261 -0.8352
vn 0.8063 -0.0964 -0.5836
vn 0.9874 -0.0539 -0.1491
vn 0.9226 -0.0044 0.3858
vn 0.6095 0.0317 0.7922
vn 0.2319 0.0442 0.9717
vn -0.0000 0.0431 0.9991
vn -0.2319 0.0442 0.9717
vn -0.6095 0.0317 0.7922
vn -0.9228 -0.0042 0.3854
vn -0.8063 -0.0963 -0.5836
vn -0.9873 -0.0536 -0.1493
vn -0.5349 -0.1262 -0.8354
vn -0.7712 -0.2282 -0.5943
vn -0.4776 -0.2410 -0.8449
vn -0.9695 -0.1922 -0.1518
vn -0.5963 -0.0536 0.8010
vn -0.9097 -0.1256 0.3959
vn -0.2284 -0.0099 0.9735
vn -0.0000 0.0013 1.0000
vn 0.2284 -0.0099 0.9735
vn 0.5963 -0.0536 0.8009
vn 0.9097 -0.1256 0.3959
vn 0.9695 -0.1922 -0.1519
vn 0.7712 -0.2281 -0.5944
vn 0.4776 -0.2410 -0.8449
vn 0.2331 -0.2478 -0.9403
vn -0.0000 -0.2503 -0.9682
vn 0.4075 -0.1400 -0.9024
vn 0.2654 -0.0153 -0.9640
vn 0.4720 -0.2810 -0.8356
vn 0.7386 -0.2816 -0.6126
vn 0.9437 -0.2787 -0.1782
vn 0.9007 -0.2235 0.3727
vn 0.5934 -0.1374 0.7931
vn 0.2323 -0.0801 0.9693
vn -0.2324 -0.0802 0.9693
vn -0.0000 -0.0651 0.9979
vn -0.5934 -0.1374 0.7931
vn -0.9007 -0.2235 0.3726
vn -0.9437 -0.2787 -0.1782
vn -0.7386 -0.2816 -0.6126
vn -0.4720 -0.2810 -0.8356
vn -0.4556 -0.3412 -0.8222
vn -0.6913 -0.3984 -0.6028
vn -0.8690 -0.4528 -0.1997
vn -0.8409 -0.4419 0.3123
vn -0.5729 -0.3504 0.7409
vn -0.2358 -0.2633 0.9355
vn -0.0000 -0.2361 0.9717
vn 0.2358 -0.2633 0.9355
vn 0.5729 -0.3504 0.7409
vn 0.8409 -0.4419 0.3123
vn 0.8690 -0.4528 -0.1997
vn 0.6913 -0.3984 -0.6028
vn 0.4555 -0.3413 -0.8222
vn 0.3670 -0.3533 -0.8605
vn 0.4814 -0.2482 -0.8406
vn 0.2171 -0.3162 -0.9235
vn 0.5651 -0.6368 -0.5245
vn 0.3965 -0.5416 -0.7413
vn 0.6721 -0.7107 -0.2080
vn 0.6594 -0.7302 0.1789
vn 0.4985 -0.6594 0.5627
vn 0.2362 -0.5655 0.7902
vn -0.2362 -0.5655 0.7902
vn -0.0000 -0.5280 0.8493
vn -0.4985 -0.6594 0.5627
vn -0.6594 -0.7302 0.1789
vn -0.6721 -0.7107 -0.2080
vn -0.5651 -0.6368 -0.5245
vn -0.3965 -0.5416 -0.7413
vn -0.3494 -0.8556 -0.3819
vn -0.3902 -0.8962 -0.2112
vn -0.3846 -0.9230 -0.0129
vn -0.3212 -0.9227 0.2131
vn -0.1695 -0.9081 0.3830
vn -0.0000 -0.8966 0.4429
vn 0.1695 -0.9081 0.3830
vn 0.3212 -0.9227 0.2131
vn 0.3846 -0.9230 -0.0129
vn 0.3902 -0.8962 -0.2112
vn 0.3494 -0.8556 -0.3819
vn 0.2670 -0.8012 -0.5355
vn 0.2042 -0.4762 -0.8553
vn -0.0000 -0.3175 -0.9482
vn 0.2014 -0.4198 -0.8850
vn -0.0000 -0.4507 -0.8927
vn 0.1366 -0.7582 -0.6376
vn -0.0000 -0.9773 -0.2119
vn -0.2670 -0.8012 -0.5355
vn -0.2171 -0.3162 -0.9235
vn -0.2042 -0.4762 -0.8553
vn -0.1366 -0.7582 -0.6376
vn -0.0000 -0.7386 -0.6741
vn 0.0001 -0.7386 -0.6741
vn -0.3670 -0.3533 -0.8605
vn -0.2015 -0.4197 -0.8850
vn -0.4814 -0.2482 -0.8406
vn -0.4075 -0.1400 -0.9024
vn -0.2331 -0.2478 -0.9403
vn -0.2654 -0.0153 -0.9640
vn -0.2738 -0.1441 -0.9509
vn -0.0000 0.0441 -0.9990
vn -0.0000 -0.1512 -0.9885
vn -0.2919 0.0964 -0.9516
vn -0.0000 0.0864 -0.9963
vn -0.2738 0.4609 -0.8441
vn -0.0000 0.4484 -0.8938
vn -0.0000 -0.4530 -0.8915
vn 0.0001 -0.4530 -0.8915
vn 0.0001 0.0441 -0.9990
vn 0.0001 -0.4531 -0.8915
vn 0.4254 -0.7766 -0.4647
vn 0.2015 -0.4198 -0.8850
vn 0.0001 -0.8875 -0.4608
vn 0.3670 -0.3534 -0.8605
vn 0.7327 -0.5124 -0.4479
vn 0.5000 -0.8660 -0.0000
vn 0.8660 -0.5000 -0.0000
vn 0.0001 -1.0000 -0.0000
vn 0.4814 -0.2483 -0.8406
vn 0.8777 -0.1230 -0.4631
vn 0.8177 0.2994 -0.4916
vn 0.8660 0.5000 -0.0000
vn 0.2655 -0.0153 -0.9640
vn 0.5243 0.6474 -0.5531
vn 0.5000 0.8660 -0.0000
vn -0.0000 0.0442 -0.9990
vn -0.0000 0.8179 -0.5754
vn -0.5243 0.6474 -0.5531
vn -0.5000 0.8660 -0.0000
vn -0.8177 0.2994 -0.4917
vn -0.8660 0.5000 -0.0000
vn -0.8777 -0.1231 -0.4631
vn -0.7327 -0.5124 -0.4479
vn -0.8660 -0.5000 -0.0000
vn -0.3670 -0.3534 -0.8605
vn -0.4254 -0.7766 -0.4647
vn -0.5000 -0.8660 -0.0000
vn -0.2015 -0.4198 -0.8850
vn -0.0000 -0.4531 -0.8915
vn -0.0000 -0.8875 -0.4608
vn 0.2738 0.4609 -0.8442
vn 0.4259 0.8580 -0.2872
vn 0.4941 0.5129 -0.7020
vn 0.4436 0.8961 0.0144
vn 0.2106 0.8694 0.4469
vn -0.2106 0.8693 0.4471
vn -0.4258 0.8580 -0.2871
vn -0.4522 0.8814 -0.1361
vn -0.2738 0.4609 -0.8442
vn -0.5755 0.5984 0.5574
vn -0.2679 0.5226 0.8094
vn 0.2679 0.5227 0.8093
vn 0.7459 0.6423 0.1762
vn 0.6736 0.5754 -0.4638
vn 0.7616 0.6253 -0.1700
vn 0.5554 0.1322 -0.8210
vn 0.8055 0.1840 -0.5633
vn 0.2919 0.0964 -0.9516
vn 0.5349 -0.1262 -0.8354
vn 0.2738 -0.1441 -0.9509
vn 0.8063 -0.0963 -0.5836
vn 0.9581 0.2346 -0.1641
vn 0.9096 0.2555 0.3278
vn 0.2530 0.1945 0.9477
vn -0.2530 0.1946 0.9477
vn -0.8055 0.1839 -0.5633
vn -0.9581 0.2347 -0.1641
vn -0.9227 -0.0042 0.3854
vn 0.9227 -0.0042 0.3854
vn 0.9873 -0.0536 -0.1493
vn 0.9695 -0.1922 -0.1518
vn 0.5963 -0.0536 0.8010
vn -0.5963 -0.0536 0.8009
vn -0.9695 -0.1922 -0.1519
vn -0.7712 -0.2281 -0.5944
vn -0.9007 -0.2235 0.3727
vn 0.2324 -0.0802 0.9693
vn 0.8409 -0.4420 0.3123
vn -0.2358 -0.2633 0.9354
vn -0.8409 -0.4420 0.3123
vn -0.5651 -0.6369 -0.5245
vn -0.4814 -0.2483 -0.8406
vn -0.8777 -0.1230 -0.4631
vn -0.8177 0.2994 -0.4916
vn -0.0000 0.8179 -0.5753
vn 0.8177 0.2994 -0.4917
vn 0.8777 -0.1231 -0.4631
vn 0.7071 -0.7071 -0.0000
vn 0.2588 -0.9659 -0.0000
vn 0.9659 -0.2588 -0.0000
vn 0.9659 0.2588 -0.0000
vn 0.7071 0.7071 -0.0000
vn 0.2588 0.9659 -0.0000
vn 0.0001 1.0000 -0.0000
vn 0.0001 1.0000 -0.0001
vn -0.1609 0.6003 -0.7834
vn -0.0000 0.6397 -0.7686
vn -0.0000 0.6041 -0.7969
vn -0.3020 0.5230 -0.7970
vn -0.3199 0.5536 -0.7689
vn -0.4395 0.4395 -0.7833
vn -0.5230 0.3020 -0.7970
vn -0.5536 0.3199 -0.7689
vn -0.6003 0.1609 -0.7834
vn -0.6040 -0.0000 -0.7970
vn -0.6398 -0.0000 -0.7686
vn -0.6003 -0.1609 -0.7834
vn -0.5230 -0.3020 -0.7970
vn -0.5536 -0.3199 -0.7689
vn -0.4395 -0.4395 -0.7833
vn -0.3020 -0.5230 -0.7970
vn -0.3199 -0.5536 -0.7689
vn -0.1609 -0.6003 -0.7834
vn -0.0000 -0.6041 -0.7969
vn -0.0000 -0.6397 -0.7686
vn 0.0001 0.7547 -0.6560
vn 0.1953 0.7289 -0.6562
vn 0.3774 0.6537 -0.6559
vn 0.5336 0.5336 -0.6561
vn 0.3773 0.6535 -0.6562
vn 0.6537 0.3774 -0.6559
vn 0.7289 0.1953 -0.6562
vn 0.7546 -0.0000 -0.6562
vn 0.7289 -0.1953 -0.6562
vn 0.6538 -0.3775 -0.6558
vn 0.5336 -0.5336 -0.6562
vn 0.3773 -0.6535 -0.6562
vn 0.1953 -0.7289 -0.6562
vn 0.0001 -0.7547 -0.6561
vn 0.0001 -0.7547 -0.6560
vn 0.0001 0.0083 -1.0000
vn 0.0021 0.0080 -1.0000
vn -0.0000 0.0083 -1.0000
vn 0.0041 0.0072 -1.0000
vn 0.0059 0.0059 -1.0000
vn 0.0072 0.0041 -1.0000
vn 0.0080 0.0022 -1.0000
vn 0.0072 0.0042 -1.0000
vn 0.0083 -0.0000 -1.0000
vn 0.0080 0.0021 -1.0000
vn 0.0080 -0.0021 -1.0000
vn 0.0072 -0.0042 -1.0000
vn 0.0080 -0.0022 -1.0000
vn 0.0059 -0.0059 -1.0000
vn 0.0042 -0.0072 -1.0000
vn 0.0021 -0.0080 -1.0000
vn -0.0000 -0.0083 -1.0000
vn 0.0001 -0.0083 -1.0000
vn -0.0001 0.9980 -0.0632
vn -0.4985 0.8644 -0.0653
vn -0.0000 0.9978 -0.0661
vn -0.8642 0.4990 -0.0647
vn -0.4984 0.8645 -0.0654
vn -0.9979 -0.0000 -0.0647
vn -0.8642 -0.4989 -0.0647
vn -0.8642 -0.4990 -0.0647
vn -0.4990 -0.8642 -0.0647
vn -0.4989 -0.8642 -0.0647
vn -0.0000 -0.9979 -0.0647
vn -0.7071 -0.7071 -0.0000
vn -0.2588 -0.9659 -0.0000
vn -0.9659 -0.2588 -0.0000
vn -0.9659 0.2588 -0.0000
vn -0.7071 0.7071 -0.0000
vn -0.2588 0.9659 -0.0000
vn 0.1609 0.6003 -0.7834
vn 0.0001 0.6041 -0.7969
vn 0.3020 0.5230 -0.7970
vn 0.3199 0.5536 -0.7689
vn 0.4395 0.4395 -0.7833
vn 0.5230 0.3020 -0.7970
vn 0.5536 0.3199 -0.7689
vn 0.6003 0.1609 -0.7834
vn 0.6040 -0.0000 -0.7970
vn 0.6398 -0.0000 -0.7686
vn 0.6003 -0.1609 -0.7834
vn 0.5230 -0.3020 -0.7970
vn 0.5536 -0.3199 -0.7689
vn 0.4395 -0.4395 -0.7833
vn 0.3020 -0.5230 -0.7970
vn 0.3199 -0.5536 -0.7689
vn 0.1609 -0.6003 -0.7834
vn 0.0001 -0.6041 -0.7969
vn -0.0000 0.7547 -0.6560
vn -0.1953 0.7289 -0.6562
vn -0.3775 0.6538 -0.6558
vn -0.5336 0.5336 -0.6561
vn -0.6535 0.3773 -0.6562
vn -0.7289 0.1953 -0.6562
vn -0.7546 -0.0000 -0.6562
vn -0.7289 -0.1953 -0.6562
vn -0.6535 -0.3773 -0.6562
vn -0.6537 -0.3774 -0.6559
vn -0.5336 -0.5336 -0.6562
vn -0.3775 -0.6538 -0.6558
vn -0.3774 -0.6537 -0.6559
vn -0.1953 -0.7289 -0.6562
vn -0.0000 -0.7547 -0.6560
vn -0.0021 0.0080 -1.0000
vn -0.0041 0.0072 -1.0000
vn -0.0059 0.0059 -1.0000
vn -0.0072 0.0041 -1.0000
vn -0.0072 0.0042 -1.0000
vn -0.0080 0.0021 -1.0000
vn -0.0080 0.0022 -1.0000
vn -0.0083 -0.0000 -1.0000
vn -0.0080 -0.0021 -1.0000
vn -0.0072 -0.0042 -1.0000
vn -0.0072 -0.0041 -1.0000
vn -0.0059 -0.0059 -1.0000
vn -0.0042 -0.0072 -1.0000
vn -0.0021 -0.0080 -1.0000
vn 0.0001 0.9978 -0.0661
vn 0.4985 0.8644 -0.0653
vn 0.4984 0.8645 -0.0654
vn 0.8642 0.4990 -0.0647
vn 0.9979 -0.0000 -0.0647
vn 0.8642 -0.4989 -0.0647
vn 0.8642 -0.4990 -0.0647
vn 0.4990 -0.8642 -0.0647
vn 0.4989 -0.8642 -0.0647
vn 0.0001 -0.9979 -0.0647
vn -0.3438 0.8300 -0.4392
vn -0.3414 0.8685 -0.3593
vn -0.3408 0.8312 -0.4393
vn -0.3554 0.8577 -0.3715
vn -0.3438 0.8300 -0.4393
vn -0.3627 0.8756 -0.3190
vn -0.1237 0.9397 -0.3190
vn -0.3358 0.9090 -0.2470
vn -0.1218 0.9247 -0.3608
vn -0.3439 0.8299 -0.4394
vn -0.3752 0.9065 -0.1936
vn -0.3705 0.8944 -0.2506
vn -0.3427 0.9296 -0.1354
vn -0.1273 0.9675 -0.2187
vn -0.1286 0.9772 -0.1689
vn -0.3810 0.9197 -0.0950
vn -0.3819 0.9219 -0.0648
vn -0.3512 0.9349 -0.0506
vn -0.1302 0.9894 -0.0648
vn -0.3824 0.9231 -0.0397
vn -0.1303 0.9897 -0.0600
vn -0.3768 0.9240 0.0649
vn -0.3819 0.9219 0.0649
vn -0.3819 0.9219 0.0648
vn -0.3818 0.9219 0.0650
vn 0.3438 0.8300 -0.4392
vn 0.3438 0.8300 -0.4393
vn 0.3439 0.8299 -0.4394
vn 0.3408 0.8312 -0.4393
vn 0.3414 0.8685 -0.3593
vn 0.1217 0.9247 -0.3608
vn 0.3554 0.8577 -0.3715
vn 0.3627 0.8756 -0.3190
vn 0.1237 0.9397 -0.3190
vn 0.3358 0.9090 -0.2470
vn 0.3755 0.9064 -0.1935
vn 0.3705 0.8944 -0.2506
vn 0.3427 0.9296 -0.1354
vn 0.1273 0.9675 -0.2187
vn 0.1286 0.9772 -0.1689
vn 0.3810 0.9197 -0.0950
vn 0.3819 0.9219 -0.0648
vn 0.3512 0.9349 -0.0506
vn 0.1302 0.9894 -0.0648
vn 0.3824 0.9231 -0.0397
vn 0.1303 0.9897 -0.0600
vn 0.3768 0.9240 0.0649
vn 0.3819 0.9219 0.0649
vn 0.3819 0.9219 0.0648
vn 0.3818 0.9219 0.0650
vt 0.150024 0.963715
vt 0.154785 0.938171
vt 0.165649 0.938171
vt 0.125000 0.938171
vt 0.142212 0.938171
vt 0.125000 0.956360
vt 0.125000 0.969391
vt 0.125000 0.983978
vt 0.153564 0.992088
vt 0.164551 0.992088
vt 0.133301 0.992088
vt 0.177856 0.961304
vt 0.177856 0.971939
vt 0.177856 0.992088
vt 0.177856 0.946747
vt 0.012642 0.788330
vt 0.030075 0.773315
vt 0.030075 0.788208
vt 0.012642 0.773438
vt 0.012642 0.807495
vt 0.043243 0.773193
vt 0.043243 0.765259
vt 0.030075 0.763794
vt 0.043243 0.787109
vt 0.030075 0.807007
vt 0.012642 0.828003
vt 0.043243 0.807007
vt 0.030075 0.828003
vt 0.012642 0.852173
vt 0.043243 0.827271
vt 0.030075 0.851074
vt 0.012642 0.877625
vt 0.043243 0.849243
vt 0.030075 0.877502
vt 0.012642 0.897949
vt 0.043243 0.875000
vt 0.030075 0.894958
vt 0.012642 0.904175
vt 0.043243 0.892212
vt 0.030075 0.907349
vt 0.012642 0.918457
vt 0.043243 0.908081
vt 0.030075 0.918701
vt 0.012642 0.922119
vt 0.030075 0.922119
vt 0.043243 0.918701
vt 0.043243 0.922119
vt 0.063171 0.918579
vt 0.063171 0.908875
vt 0.063171 0.922119
vt 0.079712 0.919312
vt 0.079712 0.909790
vt 0.063171 0.888550
vt 0.079712 0.886536
vt 0.079712 0.870728
vt 0.063171 0.872925
vt 0.079712 0.845947
vt 0.063171 0.847778
vt 0.079712 0.826660
vt 0.063171 0.826172
vt 0.063171 0.803711
vt 0.079712 0.801025
vt 0.079712 0.784790
vt 0.063171 0.786621
vt 0.063171 0.774048
vt 0.079712 0.771362
vt 0.063171 0.768188
vt 0.079712 0.922119
vt 0.095581 0.919250
vt 0.095581 0.910400
vt 0.095581 0.922119
vt 0.108887 0.918579
vt 0.108887 0.910522
vt 0.095581 0.885742
vt 0.108887 0.882812
vt 0.095581 0.866699
vt 0.108887 0.863525
vt 0.108887 0.841675
vt 0.095581 0.843872
vt 0.108887 0.821655
vt 0.095581 0.825928
vt 0.108887 0.797974
vt 0.095581 0.801392
vt 0.095581 0.783203
vt 0.108887 0.782104
vt 0.108887 0.774292
vt 0.095581 0.772461
vt 0.108887 0.922119
vt 0.128418 0.919312
vt 0.128418 0.909729
vt 0.128418 0.922119
vt 0.144409 0.919250
vt 0.144409 0.909790
vt 0.144409 0.905457
vt 0.128418 0.884216
vt 0.144409 0.879089
vt 0.144409 0.860718
vt 0.128418 0.862427
vt 0.144409 0.837036
vt 0.128418 0.839600
vt 0.144409 0.815552
vt 0.128418 0.818848
vt 0.144409 0.794922
vt 0.128418 0.796143
vt 0.144409 0.776245
vt 0.128418 0.774658
vt 0.144409 0.922119
vt 0.162354 0.918640
vt 0.162354 0.909790
vt 0.162354 0.922119
vt 0.182007 0.919006
vt 0.182007 0.910034
vt 0.162354 0.899048
vt 0.182007 0.893066
vt 0.162354 0.874878
vt 0.182007 0.870605
vt 0.182007 0.854248
vt 0.162354 0.857666
vt 0.162354 0.834351
vt 0.182007 0.832764
vt 0.162354 0.814209
vt 0.182007 0.812988
vt 0.182007 0.792114
vt 0.162354 0.794189
vt 0.182007 0.781616
vt 0.162354 0.778320
vt 0.182007 0.922119
vt 0.197632 0.918518
vt 0.197632 0.908936
vt 0.197632 0.922119
vt 0.211914 0.918701
vt 0.211914 0.908691
vt 0.197632 0.888489
vt 0.211914 0.901672
vt 0.211914 0.882385
vt 0.197632 0.865479
vt 0.211914 0.861084
vt 0.197632 0.850586
vt 0.211914 0.844604
vt 0.211914 0.825806
vt 0.197632 0.829468
vt 0.211914 0.809937
vt 0.197632 0.812012
vt 0.211914 0.785522
vt 0.197632 0.790649
vt 0.197632 0.782837
vt 0.211914 0.922119
vt 0.224854 0.922119
vt 0.224854 0.918091
vt 0.224854 0.909119
vt 0.224854 0.895020
vt 0.241455 0.890198
vt 0.241455 0.904541
vt 0.241455 0.910034
vt 0.241455 0.918884
vt 0.241455 0.922119
vt 0.241455 0.870972
vt 0.224854 0.875183
vt 0.224854 0.855469
vt 0.241455 0.853271
vt 0.241455 0.836670
vt 0.224854 0.838867
vt 0.224854 0.821777
vt 0.241455 0.820801
vt 0.241455 0.807495
vt 0.224854 0.807007
vt 0.241455 0.792114
vt 0.224854 0.792114
vt 0.012642 0.756104
vt 0.381592 0.053711
vt 0.355225 0.068359
vt 0.410889 0.086914
vt 0.339844 0.027344
vt 0.377197 0.096191
vt 0.319824 0.047852
vt 0.388428 0.126953
vt 0.422852 0.124512
vt 0.418701 0.163086
vt 0.383301 0.158203
vt 0.366699 0.188965
vt 0.399902 0.197754
vt 0.371338 0.227539
vt 0.339111 0.217285
vt 0.278320 0.033691
vt 0.287598 0.011230
vt 0.230957 0.006348
vt 0.231934 0.030762
vt 0.185791 0.035645
vt 0.174805 0.013672
vt 0.124023 0.031250
vt 0.145264 0.051270
vt 0.111633 0.073242
vt 0.084473 0.058594
vt 0.057648 0.092285
vt 0.090332 0.102051
vt 0.036194 0.171875
vt 0.071899 0.175781
vt 0.036499 0.249512
vt 0.072449 0.249512
vt 0.071899 0.323730
vt 0.036194 0.327637
vt 0.090332 0.396973
vt 0.057648 0.406738
vt 0.111633 0.426270
vt 0.084473 0.440430
vt 0.124023 0.467773
vt 0.145264 0.448242
vt 0.185791 0.463867
vt 0.174805 0.485840
vt 0.230957 0.493164
vt 0.231934 0.468750
vt 0.278320 0.465820
vt 0.287598 0.487793
vt 0.339844 0.472168
vt 0.319824 0.451660
vt 0.355225 0.431152
vt 0.381592 0.445801
vt 0.410889 0.412598
vt 0.377197 0.403320
vt 0.388428 0.372559
vt 0.422852 0.375000
vt 0.418701 0.336426
vt 0.383301 0.340820
vt 0.366699 0.310547
vt 0.399902 0.301758
vt 0.371338 0.271973
vt 0.339111 0.282227
vt 0.288086 0.109375
vt 0.297852 0.121582
vt 0.273193 0.099609
vt 0.301270 0.135254
vt 0.299072 0.149414
vt 0.292480 0.163086
vt 0.280273 0.174805
vt 0.261475 0.180664
vt 0.240479 0.182617
vt 0.336182 0.249512
vt 0.240479 0.316895
vt 0.219604 0.180176
vt 0.184814 0.335449
vt 0.174316 0.347656
vt 0.219604 0.319336
vt 0.200439 0.325684
vt 0.200439 0.173828
vt 0.184814 0.164062
vt 0.174316 0.151855
vt 0.261475 0.318848
vt 0.280273 0.324707
vt 0.292480 0.335938
vt 0.299072 0.349609
vt 0.301270 0.363770
vt 0.297852 0.377930
vt 0.288086 0.390137
vt 0.273193 0.399902
vt 0.254639 0.406250
vt 0.234253 0.407715
vt 0.213867 0.405273
vt 0.195801 0.398438
vt 0.181396 0.388184
vt 0.172485 0.375488
vt 0.169678 0.361328
vt 0.169678 0.137695
vt 0.172485 0.124023
vt 0.181396 0.111328
vt 0.195801 0.101074
vt 0.213867 0.094238
vt 0.234253 0.091797
vt 0.254639 0.093262
vt 0.371094 0.249512
vt 0.766602 0.771973
vt 0.766602 0.779907
vt 0.838867 0.771973
vt 0.838867 0.779907
vt 0.912109 0.771973
vt 0.912109 0.779907
vt 0.982910 0.771973
vt 0.982910 0.779907
vt 0.838867 0.885315
vt 0.766602 0.885315
vt 0.873535 0.985336
vt 0.912109 0.885315
vt 0.982910 0.885315
vt 0.276855 0.840820
vt 0.311768 0.816650
vt 0.276855 0.751465
vt 0.311768 0.775024
vt 0.408203 0.087891
vt 0.379395 0.054688
vt 0.338135 0.029297
vt 0.419922 0.125000
vt 0.286865 0.013184
vt 0.231079 0.008301
vt 0.175659 0.015625
vt 0.125732 0.033203
vt 0.086792 0.060059
vt 0.060394 0.093262
vt 0.039215 0.172363
vt 0.039520 0.249512
vt 0.039215 0.327148
vt 0.060394 0.406250
vt 0.086792 0.439453
vt 0.125732 0.466309
vt 0.175659 0.483887
vt 0.231079 0.491211
vt 0.286865 0.486328
vt 0.338135 0.470215
vt 0.379395 0.444336
vt 0.408203 0.411621
vt 0.419922 0.374512
vt 0.415771 0.336914
vt 0.397217 0.302734
vt 0.368652 0.272949
vt 0.415771 0.162598
vt 0.397217 0.196777
vt 0.368652 0.226562
vt 0.285889 0.249512
vt 0.245483 0.249512
vt 0.224243 0.249512
vt 0.266602 0.249512
vt 0.205078 0.249512
vt 0.190063 0.249512
vt 0.180298 0.249512
vt 0.535645 0.580566
vt 0.557129 0.580566
vt 0.535645 0.597900
vt 0.578613 0.580566
vt 0.557129 0.597900
vt 0.578613 0.597900
vt 0.600098 0.580566
vt 0.600098 0.597900
vt 0.621582 0.580566
vt 0.621582 0.597900
vt 0.642578 0.580566
vt 0.642578 0.597900
vt 0.664062 0.580566
vt 0.664062 0.597900
vt 0.685547 0.580566
vt 0.685547 0.597900
vt 0.707031 0.580566
vt 0.707031 0.597900
vt 0.728516 0.580566
vt 0.728516 0.597900
vt 0.750000 0.580566
vt 0.750000 0.597900
vt 0.770996 0.580566
vt 0.770996 0.597900
vt 0.792480 0.580566
vt 0.792480 0.597900
vt 0.813965 0.580566
vt 0.813965 0.597900
vt 0.835449 0.580566
vt 0.835449 0.597900
vt 0.856934 0.580566
vt 0.856934 0.597900
vt 0.877930 0.580566
vt 0.877930 0.597900
vt 0.899414 0.580566
vt 0.899414 0.597900
vt 0.920898 0.580566
vt 0.920898 0.597900
vt 0.942383 0.580566
vt 0.942383 0.597900
vt 0.963867 0.580566
vt 0.963867 0.597900
vt 0.368164 0.249512
vt 0.250000 0.580566
vt 0.271240 0.580566
vt 0.250000 0.597900
vt 0.228516 0.580566
vt 0.271240 0.597900
vt 0.292725 0.597900
vt 0.292725 0.580566
vt 0.228516 0.597900
vt 0.207153 0.580566
vt 0.207153 0.597900
vt 0.185791 0.580566
vt 0.185791 0.597900
vt 0.164429 0.580566
vt 0.164429 0.597900
vt 0.142944 0.580566
vt 0.142944 0.597900
vt 0.121643 0.580566
vt 0.121643 0.597900
vt 0.100220 0.580566
vt 0.100220 0.597900
vt 0.078857 0.580566
vt 0.078857 0.597900
vt 0.057465 0.580566
vt 0.057465 0.597900
vt 0.036072 0.580566
vt 0.036072 0.597900
vt 0.313965 0.597900
vt 0.313965 0.580566
vt 0.335449 0.597900
vt 0.335449 0.580566
vt 0.356934 0.597900
vt 0.356934 0.580566
vt 0.378174 0.597900
vt 0.378174 0.580566
vt 0.399658 0.597900
vt 0.399658 0.580566
vt 0.420898 0.597900
vt 0.420898 0.580566
vt 0.442383 0.597900
vt 0.442383 0.580566
vt 0.463867 0.597900
vt 0.463867 0.580566
vt 0.512695 0.873779
vt 0.512695 0.820801
vt 0.728516 0.873779
vt 0.728516 0.820801
vt 0.728516 0.926636
vt 0.728516 0.979553
vt 0.512695 0.926636
vt 0.512695 0.979553
vt 0.512695 0.767822
vt 0.728516 0.767822
vt 0.292725 0.546387
vt 0.313965 0.563477
vt 0.292725 0.563477
vt 0.313965 0.546387
vt 0.271240 0.546387
vt 0.335449 0.563477
vt 0.335449 0.546387
vt 0.356934 0.563477
vt 0.356934 0.546387
vt 0.378174 0.563477
vt 0.378174 0.546387
vt 0.399658 0.563477
vt 0.399658 0.546387
vt 0.420898 0.563477
vt 0.420898 0.546387
vt 0.442383 0.563477
vt 0.442383 0.546387
vt 0.463867 0.563477
vt 0.463867 0.546387
vt 0.271240 0.563477
vt 0.250000 0.546387
vt 0.250000 0.563477
vt 0.228516 0.546387
vt 0.228516 0.563477
vt 0.207153 0.546387
vt 0.207153 0.563477
vt 0.185791 0.546387
vt 0.185791 0.563477
vt 0.164429 0.546387
vt 0.164429 0.563477
vt 0.142944 0.546387
vt 0.142944 0.563477
vt 0.121643 0.546387
vt 0.121643 0.563477
vt 0.100220 0.546387
vt 0.100220 0.563477
vt 0.078857 0.546387
vt 0.078857 0.563477
vt 0.057465 0.546387
vt 0.057465 0.563477
vt 0.036072 0.546387
vt 0.036072 0.563477
vt 0.750000 0.563477
vt 0.770996 0.546387
vt 0.770996 0.563477
vt 0.750000 0.546387
vt 0.792480 0.546387
vt 0.728516 0.563477
vt 0.728516 0.546387
vt 0.707031 0.563477
vt 0.707031 0.546387
vt 0.685547 0.563477
vt 0.685547 0.546387
vt 0.664062 0.563477
vt 0.664062 0.546387
vt 0.642578 0.563477
vt 0.642578 0.546387
vt 0.621582 0.563477
vt 0.621582 0.546387
vt 0.600098 0.563477
vt 0.600098 0.546387
vt 0.578613 0.563477
vt 0.578613 0.546387
vt 0.557129 0.563477
vt 0.557129 0.546387
vt 0.535645 0.563477
vt 0.535645 0.546387
vt 0.813965 0.546387
vt 0.792480 0.563477
vt 0.835449 0.546387
vt 0.813965 0.563477
vt 0.856934 0.546387
vt 0.835449 0.563477
vt 0.877930 0.546387
vt 0.856934 0.563477
vt 0.899414 0.546387
vt 0.877930 0.563477
vt 0.920898 0.546387
vt 0.899414 0.563477
vt 0.942383 0.546387
vt 0.920898 0.563477
vt 0.963867 0.546387
vt 0.942383 0.563477
vt 0.963867 0.563477
vt 0.750488 0.058105
vt 0.828125 0.053711
vt 0.822754 0.072754
vt 0.750488 0.120117
vt 0.761230 0.120117
vt 0.781738 0.118652
vt 0.811035 0.089844
vt 0.801758 0.101562
vt 0.830566 0.022949
vt 0.791504 0.110840
vt 0.678223 0.072754
vt 0.672852 0.053711
vt 0.739746 0.120117
vt 0.719238 0.118652
vt 0.689941 0.089844
vt 0.699219 0.101562
vt 0.670410 0.022949
vt 0.709473 0.110840
vt 0.885254 0.030762
vt 0.865723 0.075195
vt 0.852051 0.101562
vt 0.836914 0.121582
vt 0.824219 0.133301
vt 0.810547 0.139160
vt 0.794922 0.141113
vt 0.767578 0.137207
vt 0.750488 0.137207
vt 0.732910 0.137207
vt 0.705566 0.141113
vt 0.690430 0.139160
vt 0.664062 0.121582
vt 0.676758 0.133301
vt 0.648926 0.101562
vt 0.634766 0.075195
vt 0.615723 0.030762
vt 0.572754 0.055176
vt 0.608398 0.098633
vt 0.631348 0.126953
vt 0.650391 0.145508
vt 0.665039 0.156250
vt 0.679688 0.158691
vt 0.696289 0.157715
vt 0.729492 0.149902
vt 0.750488 0.149902
vt 0.771484 0.149902
vt 0.804688 0.157715
vt 0.821289 0.158691
vt 0.850586 0.145508
vt 0.835449 0.156250
vt 0.869629 0.126953
vt 0.883789 0.152344
vt 0.860352 0.168945
vt 0.842773 0.176758
vt 0.827148 0.179688
vt 0.809082 0.178223
vt 0.772949 0.170898
vt 0.750488 0.170410
vt 0.728027 0.170898
vt 0.691895 0.178223
vt 0.673828 0.179688
vt 0.640625 0.168945
vt 0.658203 0.176758
vt 0.616699 0.152344
vt 0.585938 0.129395
vt 0.538086 0.095703
vt 0.515625 0.150391
vt 0.567871 0.167480
vt 0.604492 0.182129
vt 0.632324 0.195801
vt 0.652344 0.201660
vt 0.669434 0.204102
vt 0.688965 0.202637
vt 0.727051 0.195801
vt 0.750488 0.195801
vt 0.773438 0.195801
vt 0.812012 0.202637
vt 0.831543 0.204102
vt 0.868164 0.195801
vt 0.848633 0.201660
vt 0.896484 0.182129
vt 0.873535 0.260742
vt 0.905273 0.256836
vt 0.851074 0.263184
vt 0.812012 0.263184
vt 0.833008 0.264160
vt 0.772949 0.260254
vt 0.750488 0.260254
vt 0.728027 0.260254
vt 0.688965 0.263184
vt 0.667969 0.264160
vt 0.649902 0.263184
vt 0.627441 0.260742
vt 0.595703 0.256836
vt 0.557617 0.255859
vt 0.508301 0.256836
vt 0.569336 0.322754
vt 0.547363 0.312988
vt 0.614746 0.336426
vt 0.642090 0.331543
vt 0.662109 0.330078
vt 0.677734 0.329590
vt 0.695312 0.329590
vt 0.729980 0.330078
vt 0.770996 0.330078
vt 0.750488 0.329590
vt 0.805664 0.329590
vt 0.823242 0.329590
vt 0.838867 0.330078
vt 0.858887 0.331543
vt 0.886230 0.336426
vt 0.865234 0.380859
vt 0.843262 0.368652
vt 0.826660 0.362305
vt 0.812500 0.360352
vt 0.796875 0.360352
vt 0.767578 0.362793
vt 0.750488 0.362793
vt 0.733398 0.362793
vt 0.704102 0.360352
vt 0.688477 0.360352
vt 0.674316 0.362305
vt 0.657715 0.368652
vt 0.635742 0.380859
vt 0.591797 0.368652
vt 0.582520 0.342773
vt 0.609375 0.400391
vt 0.674316 0.394531
vt 0.661133 0.411133
vt 0.686523 0.386719
vt 0.696777 0.382324
vt 0.709961 0.382812
vt 0.735352 0.386230
vt 0.765625 0.386230
vt 0.750488 0.386230
vt 0.791016 0.382812
vt 0.804199 0.382324
vt 0.814453 0.386719
vt 0.826660 0.394531
vt 0.839844 0.411133
vt 0.810059 0.417480
vt 0.802246 0.409668
vt 0.795410 0.402832
vt 0.782227 0.404785
vt 0.761230 0.408691
vt 0.750488 0.408691
vt 0.739746 0.408691
vt 0.718750 0.404785
vt 0.705566 0.402832
vt 0.698730 0.409668
vt 0.690918 0.417480
vt 0.687988 0.434570
vt 0.645996 0.434082
vt 0.574707 0.428223
vt 0.587891 0.398926
vt 0.626953 0.470703
vt 0.683594 0.454590
vt 0.750488 0.458984
vt 0.812988 0.434570
vt 0.891602 0.400391
vt 0.854980 0.434082
vt 0.817383 0.454590
vt 0.816406 0.484863
vt 0.684570 0.484863
vt 0.874023 0.470703
vt 0.926270 0.428223
vt 0.909180 0.368652
vt 0.913086 0.398926
vt 0.917969 0.342773
vt 0.931641 0.322754
vt 0.943359 0.255859
vt 0.953613 0.312988
vt 0.992188 0.256836
vt 0.932617 0.167480
vt 0.979004 0.308594
vt 0.985352 0.150391
vt 0.915039 0.129395
vt 0.962891 0.095703
vt 0.892578 0.098633
vt 0.928223 0.055176
vt 0.931641 0.419434
vt 0.569336 0.419434
vt 0.521484 0.308594
vt 0.544922 0.411621
vt 0.535645 0.416992
vt 0.535645 0.411621
vt 0.544922 0.416992
vt 0.526367 0.411621
vt 0.526367 0.416992
vt 0.535645 0.523682
vt 0.526367 0.523682
vt 0.544922 0.523682
vt 0.517090 0.411621
vt 0.517090 0.416992
vt 0.517090 0.523682
vt 0.507812 0.411621
vt 0.507812 0.416992
vt 0.507812 0.523682
vt 0.498535 0.411621
vt 0.498535 0.416992
vt 0.498535 0.523682
vt 0.489014 0.411621
vt 0.489014 0.416992
vt 0.489014 0.523682
vt 0.479736 0.416992
vt 0.479736 0.523682
vt 0.479736 0.411621
vt 0.470459 0.416992
vt 0.470459 0.523682
vt 0.470459 0.411621
vt 0.461182 0.416992
vt 0.461182 0.523682
vt 0.461182 0.411621
vt 0.451904 0.416992
vt 0.451904 0.523682
vt 0.451904 0.411621
vt 0.442383 0.416992
vt 0.442383 0.523682
vt 0.442383 0.411621
vt 0.433105 0.411621
vt 0.433105 0.416992
vt 0.433105 0.523682
vt 0.740723 0.725098
vt 0.820801 0.636230
vt 0.820801 0.725098
vt 0.740723 0.636475
vt 0.900879 0.636230
vt 0.660156 0.725098
vt 0.660156 0.636475
vt 0.580078 0.725098
vt 0.580078 0.636475
vt 0.500000 0.725098
vt 0.500000 0.636475
vt 0.419678 0.725098
vt 0.419678 0.636475
vt 0.339355 0.725098
vt 0.339355 0.636475
vt 0.259277 0.725098
vt 0.259277 0.636475
vt 0.179077 0.725098
vt 0.179077 0.636719
vt 0.098816 0.725098
vt 0.098816 0.636719
vt 0.018585 0.725098
vt 0.018585 0.636719
vt 0.981445 0.636230
vt 0.900879 0.725098
vt 0.981445 0.725098
vt 0.277100 0.880615
vt 0.302002 0.887268
vt 0.277100 0.979889
vt 0.320068 0.955109
vt 0.320068 0.905457
vt 0.302002 0.973297
vt 0.326904 0.930298
vt 0.292969 0.989021
vt 0.277100 0.991089
vt 0.277100 0.981277
vt 0.302490 0.974442
vt 0.307617 0.982941
vt 0.320068 0.973282
vt 0.321289 0.955780
vt 0.329834 0.960693
vt 0.335938 0.946014
vt 0.328125 0.930298
vt 0.337891 0.930298
vt 0.335938 0.914551
vt 0.321289 0.904785
vt 0.329834 0.899902
vt 0.320068 0.887268
vt 0.302490 0.886108
vt 0.307617 0.877625
vt 0.292969 0.871582
vt 0.277100 0.879272
vt 0.277100 0.869507
vt 0.018585 0.735107
vt 0.098816 0.735107
vt 0.179077 0.735107
vt 0.259277 0.735107
vt 0.339355 0.735107
vt 0.419678 0.735107
vt 0.500000 0.735107
vt 0.580078 0.735107
vt 0.660156 0.735107
vt 0.740723 0.735107
vt 0.820801 0.735107
vt 0.900879 0.735107
vt 0.981445 0.735107
vt 0.365234 0.757568
vt 0.395020 0.761475
vt 0.365234 0.837891
vt 0.422852 0.773071
vt 0.374268 0.838989
vt 0.446777 0.791382
vt 0.382812 0.842529
vt 0.465088 0.815186
vt 0.390137 0.848145
vt 0.476562 0.843018
vt 0.395508 0.855347
vt 0.480469 0.872925
vt 0.399170 0.863770
vt 0.476562 0.902710
vt 0.400391 0.872925
vt 0.465088 0.930481
vt 0.399170 0.881897
vt 0.446777 0.954376
vt 0.395508 0.890381
vt 0.422852 0.972687
vt 0.390137 0.897644
vt 0.395020 0.984207
vt 0.382812 0.903198
vt 0.365234 0.988129
vt 0.374268 0.906677
vt 0.365234 0.907898
vt 0.475586 0.291992
vt 0.420410 0.280273
vt 0.419189 0.289062
vt 0.482910 0.284180
vt 0.461426 0.300293
vt 0.489990 0.270996
vt 0.409180 0.268555
vt 0.422852 0.257324
vt 0.413330 0.279785
vt 0.425293 0.295410
vt 0.447266 0.301758
vt 0.432129 0.299316
vt 0.493408 0.246094
vt 0.491943 0.261719
vt 0.424561 0.234863
vt 0.409180 0.257324
vt 0.410645 0.234863
vt 0.492188 0.238281
vt 0.488770 0.225586
vt 0.425781 0.212402
vt 0.414062 0.222656
vt 0.482666 0.214355
vt 0.420410 0.211914
vt 0.426025 0.207520
vt 0.434082 0.202637
vt 0.473389 0.205566
vt 0.459961 0.199707
vt 0.445557 0.199219
s 1
usemtl ShaderfxShader_partsM
f 1/1/1 3/2/2 192/3/3
f 201/4/4 2/5/5 1/1/1
f 201/4/4 1/1/1 199/6/6
f 200/7/7 1/1/1 24/8/8
f 199/6/6 1/1/1 200/7/7
f 198/9/9 1/1/1 194/10/10
f 25/11/11 1/1/1 198/9/9
f 1/1/1 196/12/12 197/13/13
f 1/1/1 197/13/13 195/14/14
f 1/1/1 193/15/15 196/12/12
f 194/10/10 1/1/1 195/14/14
f 1/1/1 192/3/3 193/15/15
f 24/8/8 1/1/1 25/11/11
f 1/1/1 2/5/5 3/2/2
f 4/16/16 174/17/17 5/18/18
f 175/19/19 174/17/17 4/16/16
f 4/16/16 5/18/18 6/20/20
f 174/17/17 179/21/21 5/18/18
f 174/17/17 178/22/22 179/21/21
f 176/23/23 178/22/22 174/17/17
f 174/17/17 175/19/19 176/23/23
f 5/18/18 179/21/21 123/24/24
f 5/18/18 123/24/24 7/25/25
f 6/20/20 5/18/18 7/25/25
f 6/20/20 7/25/25 104/26/26
f 7/25/25 124/27/27 97/28/28
f 104/26/26 7/25/25 97/28/28
f 7/25/25 123/24/24 124/27/27
f 97/28/28 103/29/29 104/26/26
f 97/28/28 124/27/27 98/30/30
f 99/31/31 103/29/29 97/28/28
f 97/28/28 98/30/30 99/31/31
f 103/29/29 99/31/31 136/32/32
f 99/31/31 100/33/33 137/34/34
f 136/32/32 99/31/31 137/34/34
f 99/31/31 98/30/30 100/33/33
f 137/34/34 102/35/35 136/32/32
f 137/34/34 138/36/36 96/37/37
f 96/37/37 102/35/35 137/34/34
f 137/34/34 100/33/33 138/36/36
f 96/37/37 101/38/38 102/35/35
f 96/37/37 138/36/36 95/39/39
f 94/40/40 101/38/38 96/37/37
f 95/39/39 94/40/40 96/37/37
f 94/40/40 149/41/41 101/38/38
f 94/40/40 93/42/42 148/43/43
f 148/43/43 149/41/41 94/40/40
f 93/42/42 94/40/40 95/39/39
f 148/43/43 207/44/44 149/41/41
f 206/45/45 207/44/44 148/43/43
f 148/43/43 44/46/46 206/45/45
f 148/43/43 93/42/42 44/46/46
f 206/45/45 44/46/46 205/47/47
f 44/46/46 43/48/48 205/47/47
f 45/49/49 44/46/46 46/42/50
f 43/48/48 44/46/46 45/49/49
f 205/47/47 43/48/48 204/50/51
f 43/48/48 9/51/52 204/50/51
f 43/48/48 49/52/53 9/51/52
f 45/49/49 49/52/53 43/48/48
f 46/42/50 47/53/54 45/49/49
f 45/49/49 48/54/55 49/52/53
f 47/53/54 48/54/55 45/49/49
f 117/39/56 47/53/54 46/42/50
f 142/55/57 47/53/54 140/56/58
f 48/54/55 47/53/54 142/55/57
f 117/39/56 140/56/58 47/53/54
f 139/36/59 140/56/58 117/39/56
f 140/56/58 141/57/60 142/55/57
f 120/58/61 141/57/60 140/56/58
f 139/36/59 120/58/61 140/56/58
f 119/33/62 120/58/61 139/36/59
f 120/58/61 19/59/63 141/57/60
f 18/60/64 19/59/63 120/58/61
f 119/33/62 18/60/64 120/58/61
f 118/30/65 18/60/64 119/33/62
f 18/60/64 118/30/65 16/61/66
f 18/60/64 17/62/67 19/59/63
f 16/61/66 17/62/67 18/60/64
f 16/61/66 118/30/65 163/27/68
f 16/61/66 42/63/69 17/62/67
f 41/64/70 42/63/69 16/61/66
f 163/27/68 41/64/70 16/61/66
f 122/24/71 41/64/70 163/27/68
f 122/24/71 39/65/72 41/64/70
f 41/64/70 40/66/73 42/63/69
f 39/65/72 40/66/73 41/64/70
f 121/21/74 39/65/72 122/24/71
f 217/67/75 40/66/73 39/65/72
f 39/65/72 121/21/74 217/67/75
f 217/67/75 121/21/74 218/22/76
f 204/50/51 9/51/52 203/68/77
f 8/69/78 203/68/77 9/51/52
f 10/70/79 9/51/52 11/52/80
f 8/69/78 9/51/52 10/70/79
f 202/71/81 203/68/77 8/69/78
f 8/69/78 150/72/82 202/71/81
f 84/73/83 8/69/78 10/70/79
f 150/72/82 8/69/78 84/73/83
f 10/70/79 11/52/80 86/74/84
f 85/75/85 10/70/79 86/74/84
f 84/73/83 10/70/79 85/75/85
f 86/74/84 11/52/80 125/54/86
f 125/54/86 87/76/87 86/74/84
f 86/74/84 88/77/88 85/75/85
f 87/76/87 88/77/88 86/74/84
f 126/55/89 87/76/87 125/54/86
f 87/76/87 145/78/90 88/77/88
f 144/79/91 145/78/90 87/76/87
f 126/55/89 144/79/91 87/76/87
f 143/57/92 144/79/91 126/55/89
f 144/79/91 156/80/93 145/78/90
f 129/81/94 156/80/93 144/79/91
f 143/57/92 129/81/94 144/79/91
f 128/59/95 129/81/94 143/57/92
f 129/81/94 89/82/96 156/80/93
f 90/83/97 89/82/96 129/81/94
f 128/59/95 90/83/97 129/81/94
f 127/62/98 90/83/97 128/59/95
f 127/62/98 92/84/99 90/83/97
f 91/85/100 90/83/97 92/84/99
f 89/82/96 90/83/97 91/85/100
f 181/63/101 92/84/99 127/62/98
f 92/84/99 190/86/102 91/85/100
f 188/87/103 190/86/102 92/84/99
f 92/84/99 181/63/101 188/87/103
f 188/87/103 181/63/101 189/66/104
f 202/71/81 150/72/82 216/88/105
f 150/72/82 151/89/106 216/88/105
f 150/72/82 80/90/107 151/89/106
f 130/73/108 80/90/107 150/72/82
f 216/88/105 151/89/106 215/91/109
f 151/89/106 21/92/110 215/91/109
f 151/89/106 152/93/111 21/92/110
f 80/90/107 152/93/111 151/89/106
f 152/93/111 80/90/107 81/94/112
f 80/90/107 130/73/108 78/95/113
f 80/90/107 79/96/114 81/94/112
f 78/95/113 79/96/114 80/90/107
f 78/95/113 130/73/108 131/75/115
f 83/97/116 78/95/113 33/98/117
f 79/96/114 78/95/113 83/97/116
f 78/95/113 131/75/115 33/98/117
f 33/98/117 131/75/115 32/77/118
f 33/98/117 82/99/119 83/97/116
f 31/100/120 82/99/119 33/98/117
f 32/77/118 31/100/120 33/98/117
f 30/78/121 31/100/120 32/77/118
f 31/100/120 159/101/122 82/99/119
f 157/102/123 159/101/122 31/100/120
f 31/100/120 30/78/121 157/102/123
f 157/102/123 30/78/121 158/80/124
f 157/102/123 164/103/125 159/101/122
f 135/104/126 164/103/125 157/102/123
f 158/80/124 135/104/126 157/102/123
f 134/82/127 135/104/126 158/80/124
f 182/105/128 135/104/126 133/106/129
f 164/103/125 135/104/126 182/105/128
f 134/82/127 133/106/129 135/104/126
f 132/85/130 133/106/129 134/82/127
f 191/86/131 133/106/129 132/85/130
f 215/91/109 21/92/110 214/107/132
f 21/92/110 20/108/133 214/107/132
f 22/109/134 21/92/110 23/93/135
f 20/108/133 21/92/110 22/109/134
f 214/107/132 20/108/133 213/110/136
f 20/108/133 153/111/137 213/110/136
f 20/108/133 75/112/138 153/111/137
f 22/109/134 75/112/138 20/108/133
f 23/93/135 52/113/139 22/109/134
f 53/114/140 22/109/134 52/113/139
f 75/112/138 22/109/134 53/114/140
f 105/94/141 52/113/139 23/93/135
f 52/113/139 105/94/141 50/115/142
f 52/113/139 51/116/143 53/114/140
f 50/115/142 51/116/143 52/113/139
f 50/115/142 105/94/141 106/96/144
f 50/115/142 76/117/145 51/116/143
f 77/118/146 76/117/145 50/115/142
f 106/96/144 77/118/146 50/115/142
f 108/97/147 77/118/146 106/96/144
f 108/97/147 28/119/148 77/118/146
f 29/120/149 77/118/146 28/119/148
f 76/117/145 77/118/146 29/120/149
f 107/99/150 28/119/148 108/97/147
f 28/119/148 107/99/150 26/121/151
f 28/119/148 27/122/152 29/120/149
f 26/121/151 27/122/152 28/119/148
f 26/121/151 107/99/150 109/101/153
f 26/121/151 167/123/154 27/122/152
f 166/124/155 167/123/154 26/121/151
f 109/101/153 166/124/155 26/121/151
f 165/103/156 166/124/155 109/101/153
f 185/125/157 166/124/155 183/126/158
f 167/123/154 166/124/155 185/125/157
f 166/124/155 165/103/156 183/126/158
f 183/126/158 165/103/156 184/105/159
f 213/110/136 153/111/137 212/127/160
f 153/111/137 155/128/161 212/127/160
f 153/111/137 69/129/162 155/128/161
f 154/112/163 69/129/162 153/111/137
f 212/127/160 155/128/161 211/130/164
f 155/128/161 147/131/165 211/130/164
f 155/128/161 146/132/166 147/131/165
f 69/129/162 146/132/166 155/128/161
f 69/129/162 154/112/163 67/133/167
f 69/129/162 70/134/168 146/132/166
f 69/129/162 68/135/169 70/134/168
f 67/133/167 68/135/169 69/129/162
f 67/133/167 154/112/163 114/114/170
f 114/114/170 71/136/171 67/133/167
f 67/133/167 72/137/172 68/135/169
f 71/136/171 72/137/172 67/133/167
f 113/116/173 71/136/171 114/114/170
f 113/116/173 74/138/174 71/136/171
f 73/139/175 71/136/171 74/138/174
f 72/137/172 71/136/171 73/139/175
f 115/117/176 74/138/174 113/116/173
f 74/138/174 162/140/177 73/139/175
f 160/141/178 162/140/177 74/138/174
f 115/117/176 160/141/178 74/138/174
f 161/120/179 160/141/178 115/117/176
f 38/142/180 160/141/178 37/143/181
f 162/140/177 160/141/178 38/142/180
f 160/141/178 161/120/179 37/143/181
f 37/143/181 161/120/179 34/122/182
f 36/144/183 37/143/181 34/122/182
f 37/143/181 36/144/183 38/142/180
f 35/145/184 34/122/182 116/123/185
f 34/122/182 35/145/184 36/144/183
f 187/146/186 36/144/183 35/145/184
f 116/123/185 187/146/186 35/145/184
f 186/125/187 187/146/186 116/123/185
f 211/130/164 147/131/165 210/147/188
f 147/131/165 208/148/189 210/147/188
f 13/149/190 208/148/189 147/131/165
f 147/131/165 15/150/191 13/149/190
f 110/132/192 15/150/191 147/131/165
f 57/151/193 110/132/192 56/134/194
f 15/150/191 110/132/192 57/151/193
f 15/150/191 58/152/195 60/153/196
f 57/151/193 58/152/195 15/150/191
f 60/153/196 14/154/197 15/150/191
f 14/154/197 13/149/190 15/150/191
f 13/149/190 12/155/41 208/148/189
f 12/155/41 13/149/190 14/154/197
f 208/148/189 12/155/41 209/156/198
f 58/152/195 57/151/193 59/157/199
f 59/157/199 57/151/193 55/158/200
f 56/134/194 55/158/200 57/151/193
f 54/135/201 55/158/200 56/134/194
f 54/135/201 61/159/202 55/158/200
f 55/158/200 62/160/203 59/157/199
f 61/159/202 62/160/203 55/158/200
f 111/137/204 61/159/202 54/135/201
f 61/159/202 63/161/205 62/160/203
f 64/162/206 63/161/205 61/159/202
f 111/137/204 64/162/206 61/159/202
f 112/139/207 64/162/206 111/137/204
f 64/162/206 112/139/207 66/163/208
f 65/164/209 64/162/206 66/163/208
f 63/161/205 64/162/206 65/164/209
f 66/163/208 112/139/207 180/140/210
f 173/165/211 66/163/208 168/166/212
f 65/164/209 66/163/208 173/165/211
f 180/140/210 168/166/212 66/163/208
f 169/142/213 168/166/212 180/140/210
f 168/166/212 172/167/214 173/165/211
f 170/168/215 172/167/214 168/166/212
f 168/166/212 169/142/213 170/168/215
f 170/168/215 169/142/213 171/144/216
f 176/23/23 175/19/19 177/169/217
f 219/170/218 221/171/219 224/172/220
f 219/170/218 220/173/221 221/171/219
f 224/172/220 221/171/219 226/174/222
f 221/171/219 220/173/221 222/175/223
f 225/176/224 224/172/220 226/174/222
f 223/177/224 224/172/220 225/176/224
f 228/178/225 225/176/224 230/179/226
f 223/177/224 225/176/224 228/178/225
f 229/180/227 228/178/225 230/179/226
f 227/181/228 228/178/225 229/180/227
f 275/182/229 229/180/227 276/183/230
f 227/181/228 229/180/227 275/182/229
f 220/173/221 245/184/231 222/175/223
f 243/185/232 245/184/231 220/173/221
f 245/184/231 244/186/233 246/187/234
f 243/185/232 244/186/233 245/184/231
f 244/186/233 241/188/235 246/187/234
f 239/189/236 241/188/235 244/186/233
f 241/188/235 240/190/237 242/191/238
f 239/189/236 240/190/237 241/188/235
f 240/190/237 237/192/239 242/191/238
f 235/193/240 237/192/239 240/190/237
f 237/192/239 236/194/241 238/195/242
f 235/193/240 236/194/241 237/192/239
f 236/194/241 231/196/243 238/195/242
f 238/195/242 231/196/243 233/197/243
f 231/196/243 232/198/244 233/197/243
f 233/197/243 232/198/244 234/199/244
f 232/198/244 298/200/245 234/199/244
f 297/201/245 298/200/245 232/198/244
f 297/201/245 302/202/246 298/200/245
f 301/203/247 302/202/246 297/201/245
f 301/203/247 300/204/248 302/202/246
f 299/205/249 300/204/248 301/203/247
f 305/206/250 300/204/248 299/205/249
f 306/207/251 300/204/248 305/206/250
f 305/206/250 304/208/252 306/207/251
f 303/209/253 304/208/252 305/206/250
f 309/210/254 304/208/252 303/209/253
f 310/211/255 304/208/252 309/210/254
f 309/210/254 308/212/256 310/211/255
f 307/213/257 308/212/256 309/210/254
f 287/214/258 308/212/256 307/213/257
f 288/215/259 308/212/256 287/214/258
f 287/214/258 286/216/260 288/215/259
f 285/217/261 286/216/260 287/214/258
f 291/218/262 286/216/260 285/217/261
f 292/219/263 286/216/260 291/218/262
f 291/218/262 290/220/264 292/219/263
f 289/221/264 290/220/264 291/218/262
f 295/222/265 290/220/264 289/221/264
f 296/223/266 290/220/264 295/222/265
f 295/222/265 294/224/267 296/223/266
f 293/225/268 294/224/267 295/222/265
f 339/226/269 294/224/267 293/225/268
f 338/227/269 294/224/267 339/226/269
f 254/174/270 247/228/271 253/229/270
f 248/171/271 247/228/271 254/174/270
f 247/228/271 248/171/271 249/230/272
f 253/229/270 252/176/273 254/174/270
f 251/231/274 252/176/273 253/229/270
f 252/176/273 251/231/274 258/179/275
f 258/179/275 251/231/274 257/232/276
f 257/232/276 256/180/277 258/179/275
f 255/233/278 256/180/277 257/232/276
f 256/180/277 255/233/278 277/183/279
f 277/183/279 255/233/278 278/234/280
f 1325/235/281 277/183/279 278/234/280
f 283/236/282 277/183/279 1325/235/281
f 346/237/283 277/183/279 283/236/282
f 346/237/283 283/236/282 262/199/284
f 345/238/285 346/237/283 262/199/284
f 345/238/285 341/227/286 346/237/283
f 262/199/284 283/236/282 284/239/287
f 1329/240/288 262/199/284 324/241/289
f 1324/242/290 262/199/284 1328/243/291
f 1328/243/291 262/199/284 1329/240/288
f 262/199/284 1327/244/292 1326/245/293
f 262/199/284 284/239/287 1327/244/292
f 262/199/284 1326/245/293 261/246/294
f 345/238/285 262/199/284 1324/242/290
f 325/200/295 324/241/289 262/199/284
f 261/246/294 260/197/296 262/199/284
f 344/247/297 341/227/286 345/238/285
f 341/227/286 344/247/297 340/248/298
f 341/227/286 319/249/299 321/224/300
f 340/248/298 319/249/299 341/227/286
f 321/224/300 320/250/301 322/223/302
f 319/249/299 320/250/301 321/224/300
f 320/250/301 315/251/303 322/223/302
f 322/223/302 315/251/303 317/220/273
f 315/251/303 316/252/304 317/220/273
f 317/220/273 316/252/304 318/219/304
f 316/252/304 311/253/305 318/219/304
f 318/219/304 311/253/305 313/216/306
f 311/253/305 312/254/307 313/216/306
f 313/216/306 312/254/307 314/215/307
f 312/254/307 336/255/308 314/215/307
f 314/215/307 336/255/308 337/212/308
f 336/255/308 335/211/309 337/212/308
f 334/256/309 335/211/309 336/255/308
f 335/211/309 332/257/310 333/208/310
f 334/256/309 332/257/310 335/211/309
f 332/257/310 331/207/311 333/208/310
f 330/258/311 331/207/311 332/257/310
f 331/207/311 330/258/311 329/204/312
f 329/204/312 330/258/311 328/259/313
f 328/259/313 327/202/314 329/204/312
f 326/260/315 327/202/314 328/259/313
f 327/202/314 323/261/316 325/200/295
f 326/260/315 323/261/316 327/202/314
f 323/261/316 324/241/289 325/200/295
f 260/197/296 259/262/317 264/195/318
f 259/262/317 260/197/296 261/246/294
f 264/195/318 259/262/317 266/263/319
f 265/264/320 264/195/318 266/263/319
f 263/192/320 264/195/318 265/264/320
f 270/265/321 263/192/320 265/264/320
f 268/191/322 263/192/320 270/265/321
f 269/266/323 268/191/322 270/265/321
f 267/188/324 268/191/322 269/266/323
f 272/187/325 269/266/323 274/267/326
f 267/188/324 269/266/323 272/187/325
f 273/268/327 272/187/325 274/267/326
f 271/184/328 272/187/325 273/268/327
f 250/175/329 273/268/327 249/230/272
f 271/184/328 273/268/327 250/175/329
f 249/230/272 248/171/271 250/175/329
f 281/237/330 343/226/331 279/269/332
f 279/269/332 280/182/333 281/237/330
f 342/227/334 343/226/331 281/237/330
f 281/237/330 280/182/333 282/183/335
f 347/270/336 348/271/336 349/272/336
f 349/272/336 348/271/336 350/273/336
f 351/272/337 352/273/337 353/274/337
f 353/274/337 352/273/337 354/275/337
f 355/274/338 356/275/338 357/276/339
f 357/276/339 356/275/338 358/277/339
f 361/278/340 802/271/341 359/279/342
f 359/279/342 360/280/343 361/278/340
f 801/273/341 802/271/341 361/278/340
f 364/281/344 804/273/345 362/278/346
f 362/278/346 363/280/347 364/281/344
f 803/275/345 804/273/345 364/281/344
f 367/282/348 806/275/349 365/281/350
f 365/281/350 366/280/351 367/282/348
f 805/277/349 806/275/349 367/282/348
f 368/283/352 369/284/352 370/285/352
f 370/285/352 369/284/352 371/286/352
f 378/287/353 373/171/354 372/288/355
f 372/288/355 373/171/354 374/289/356
f 379/174/357 373/171/354 378/287/353
f 378/287/353 377/176/358 379/174/357
f 376/290/358 377/176/358 378/287/353
f 374/289/356 373/171/354 375/175/359
f 374/289/356 397/184/360 396/291/361
f 375/175/359 397/184/360 374/289/356
f 398/292/362 397/184/360 399/187/363
f 396/291/361 397/184/360 398/292/362
f 398/292/362 393/188/364 392/293/365
f 399/187/363 393/188/364 398/292/362
f 394/294/366 393/188/364 395/191/367
f 392/293/365 393/188/364 394/294/366
f 394/294/366 389/192/368 388/295/369
f 395/191/367 389/192/368 394/294/366
f 390/296/370 389/192/368 391/195/371
f 388/295/369 389/192/368 390/296/370
f 390/296/370 391/195/371 384/297/372
f 384/297/372 391/195/371 385/197/372
f 384/297/372 385/197/372 386/298/373
f 386/298/373 385/197/372 387/199/373
f 494/200/374 386/298/373 387/199/373
f 493/299/374 386/298/373 494/200/374
f 498/202/375 493/299/374 494/200/374
f 496/300/376 493/299/374 498/202/375
f 497/204/377 496/300/376 498/202/375
f 495/301/378 496/300/376 497/204/377
f 500/302/379 497/204/377 502/207/380
f 495/301/378 497/204/377 500/302/379
f 501/208/381 500/302/379 502/207/380
f 499/303/382 500/302/379 501/208/381
f 504/304/383 501/208/381 506/211/384
f 499/303/382 501/208/381 504/304/383
f 505/212/385 504/304/383 506/211/384
f 503/305/386 504/304/383 505/212/385
f 482/306/387 505/212/385 484/215/388
f 503/305/386 505/212/385 482/306/387
f 483/216/389 482/306/387 484/215/388
f 481/307/390 482/306/387 483/216/389
f 486/308/391 483/216/389 488/219/392
f 481/307/390 483/216/389 486/308/391
f 487/220/393 486/308/391 488/219/392
f 485/309/393 486/308/391 487/220/393
f 490/310/394 487/220/393 492/223/395
f 485/309/393 487/220/393 490/310/394
f 491/224/396 490/310/394 492/223/395
f 489/311/397 490/310/394 491/224/396
f 576/312/398 491/224/396 577/227/398
f 489/311/397 491/224/396 576/312/398
f 382/313/399 377/176/358 376/290/358
f 383/179/400 377/176/358 382/313/399
f 382/313/399 381/180/401 383/179/400
f 380/314/402 381/180/401 382/313/399
f 469/315/403 381/180/401 380/314/402
f 468/183/404 381/180/401 469/315/403
f 407/174/405 400/228/406 402/171/406
f 405/229/405 400/228/406 407/174/405
f 400/228/406 401/230/407 402/171/406
f 406/176/408 405/229/405 407/174/405
f 404/231/409 405/229/405 406/176/408
f 411/179/410 404/231/409 406/176/408
f 409/232/411 404/231/409 411/179/410
f 410/180/412 409/232/411 411/179/410
f 408/233/413 409/232/411 410/180/412
f 471/183/414 408/233/413 410/180/412
f 470/234/415 408/233/413 471/183/414
f 471/183/414 478/235/416 470/234/415
f 479/236/417 471/183/414 480/237/418
f 478/235/416 471/183/414 479/236/417
f 480/237/418 578/227/419 583/238/420
f 480/237/418 584/316/421 479/236/417
f 480/237/418 583/238/420 584/316/421
f 479/236/417 415/199/422 1317/239/423
f 479/236/417 589/317/421 587/318/421
f 588/319/421 589/317/421 479/236/417
f 586/320/421 479/236/417 587/318/421
f 584/316/421 588/319/421 479/236/417
f 585/321/421 479/236/417 586/320/421
f 582/322/424 479/236/417 585/321/421
f 415/199/422 479/236/417 582/322/424
f 584/316/421 583/238/420 588/319/421
f 583/238/420 578/227/419 1320/247/425
f 583/238/420 1321/242/426 415/199/422
f 583/238/420 589/317/421 588/319/421
f 587/318/421 589/317/421 583/238/420
f 586/320/421 587/318/421 583/238/420
f 585/321/421 586/320/421 583/238/420
f 582/322/424 585/321/421 583/238/420
f 415/199/422 582/322/424 583/238/420
f 1320/247/425 578/227/419 579/248/427
f 578/227/419 515/249/428 579/248/427
f 516/224/429 515/249/428 578/227/419
f 517/250/430 516/224/429 518/223/431
f 515/249/428 516/224/429 517/250/430
f 518/223/431 511/251/432 517/250/430
f 512/220/408 511/251/432 518/223/431
f 511/251/432 512/220/408 513/252/433
f 513/252/433 512/220/408 514/219/433
f 514/219/433 507/253/434 513/252/433
f 508/216/435 507/253/434 514/219/433
f 507/253/434 508/216/435 509/254/436
f 509/254/436 508/216/435 510/215/436
f 510/215/436 532/255/437 509/254/436
f 530/212/437 532/255/437 510/215/436
f 532/255/437 531/211/438 533/256/438
f 530/212/437 531/211/438 532/255/437
f 531/211/438 528/257/439 533/256/438
f 526/208/439 528/257/439 531/211/438
f 528/257/439 527/207/440 529/258/440
f 526/208/439 527/207/440 528/257/439
f 527/207/440 522/204/441 529/258/440
f 529/258/440 522/204/441 524/259/442
f 522/204/441 523/202/443 524/259/442
f 524/259/442 523/202/443 525/260/444
f 523/202/443 519/261/445 525/260/444
f 520/200/446 519/261/445 523/202/443
f 519/261/445 520/200/446 521/241/447
f 521/241/447 520/200/446 415/199/422
f 415/199/422 1323/240/448 521/241/447
f 415/199/422 1321/242/426 1322/243/449
f 415/199/422 1322/243/449 1323/240/448
f 1318/244/450 415/199/422 1319/245/451
f 1319/245/451 415/199/422 413/246/452
f 1317/239/423 415/199/422 1318/244/450
f 414/197/453 413/246/452 415/199/422
f 417/195/454 412/262/455 414/197/453
f 412/262/455 413/246/452 414/197/453
f 416/263/456 412/262/455 417/195/454
f 418/264/457 417/195/454 419/192/457
f 416/263/456 417/195/454 418/264/457
f 419/192/457 420/265/458 418/264/457
f 421/191/459 420/265/458 419/192/457
f 420/265/458 421/191/459 422/266/460
f 422/266/460 421/191/459 423/188/461
f 425/187/462 422/266/460 423/188/461
f 424/267/463 422/266/460 425/187/462
f 426/268/464 425/187/462 427/184/465
f 424/267/463 425/187/462 426/268/464
f 403/175/466 426/268/464 427/184/465
f 401/230/407 426/268/464 403/175/466
f 402/171/406 401/230/407 403/175/466
f 428/323/467 429/324/468 430/325/467
f 429/324/468 460/326/469 431/327/468
f 430/325/467 429/324/468 431/327/468
f 431/327/468 460/326/469 462/328/470
f 460/326/469 461/329/471 462/328/470
f 462/328/470 461/329/471 463/330/471
f 461/329/471 444/331/472 463/330/471
f 463/330/471 444/331/472 446/332/473
f 444/331/472 445/333/474 446/332/473
f 446/332/473 445/333/474 447/334/474
f 445/333/474 448/335/475 447/334/474
f 447/334/474 448/335/475 450/336/475
f 448/335/475 449/337/476 450/336/475
f 450/336/475 449/337/476 451/338/476
f 449/337/476 452/339/477 451/338/476
f 451/338/476 452/339/477 454/340/477
f 452/339/477 453/341/478 454/340/477
f 454/340/477 453/341/478 455/342/478
f 453/341/478 456/343/479 455/342/478
f 455/342/478 456/343/479 458/344/480
f 456/343/479 457/345/481 458/344/480
f 458/344/480 457/345/481 459/346/481
f 457/345/481 432/347/482 459/346/481
f 459/346/481 432/347/482 434/348/482
f 432/347/482 433/349/483 434/348/482
f 434/348/482 433/349/483 435/350/483
f 433/349/483 436/351/484 435/350/483
f 435/350/483 436/351/484 438/352/485
f 436/351/484 437/353/486 438/352/485
f 438/352/485 437/353/486 439/354/487
f 437/353/486 440/355/488 439/354/487
f 439/354/487 440/355/488 442/356/488
f 440/355/488 441/357/489 442/356/488
f 442/356/488 441/357/489 443/358/490
f 441/357/489 464/359/491 443/358/490
f 443/358/490 464/359/491 466/360/491
f 464/359/491 465/361/492 466/360/491
f 466/360/491 465/361/492 467/362/492
f 465/361/492 472/363/493 467/362/492
f 467/362/492 472/363/493 473/364/493
f 474/183/494 475/315/495 476/237/496
f 476/237/496 475/315/495 477/365/497
f 476/237/496 580/312/498 581/227/499
f 477/365/497 580/312/498 476/237/496
f 534/366/500 572/367/501 535/368/500
f 534/366/500 535/368/500 536/369/502
f 535/368/500 572/367/501 573/370/501
f 572/367/501 571/371/503 573/370/501
f 570/372/503 571/371/503 572/367/501
f 536/369/502 535/368/500 537/373/502
f 536/369/502 537/373/502 566/374/504
f 566/374/504 537/373/502 567/375/504
f 566/374/504 567/375/504 568/376/505
f 568/376/505 567/375/504 569/377/505
f 568/376/505 569/377/505 550/378/506
f 550/378/506 569/377/505 551/379/507
f 550/378/506 551/379/507 552/380/508
f 552/380/508 551/379/507 553/381/508
f 552/380/508 553/381/508 554/382/509
f 554/382/509 553/381/508 555/383/510
f 554/382/509 555/383/510 556/384/511
f 556/384/511 555/383/510 557/385/511
f 556/384/511 557/385/511 558/386/512
f 558/386/512 557/385/511 559/387/512
f 558/386/512 559/387/512 560/388/513
f 560/388/513 559/387/512 561/389/513
f 560/388/513 561/389/513 574/390/514
f 574/390/514 561/389/513 575/391/514
f 570/372/503 549/392/515 571/371/503
f 548/393/515 549/392/515 570/372/503
f 548/393/515 547/394/516 549/392/515
f 546/395/516 547/394/516 548/393/515
f 546/395/516 545/396/517 547/394/516
f 544/397/517 545/396/517 546/395/516
f 544/397/517 543/398/518 545/396/517
f 542/399/518 543/398/518 544/397/517
f 542/399/518 541/400/519 543/398/518
f 540/401/519 541/400/519 542/399/518
f 540/401/519 539/402/520 541/400/519
f 538/403/520 539/402/520 540/401/519
f 538/403/520 565/404/521 539/402/520
f 564/405/521 565/404/521 538/403/520
f 564/405/521 563/406/514 565/404/521
f 562/407/514 563/406/514 564/405/521
f 590/270/522 591/272/522 592/271/522
f 592/271/522 591/272/522 593/273/522
f 594/272/523 595/274/523 596/273/523
f 596/273/523 595/274/523 597/275/523
f 598/274/524 599/276/525 600/275/524
f 600/275/524 599/276/525 601/277/524
f 602/279/526 800/273/527 603/278/528
f 799/271/527 800/273/527 602/279/526
f 602/279/526 603/278/528 604/280/529
f 605/278/530 810/275/421 606/281/531
f 809/273/421 810/275/421 605/278/530
f 605/278/530 606/281/531 607/280/532
f 608/281/533 808/277/534 609/282/535
f 807/275/536 808/277/534 608/281/533
f 608/281/533 609/282/535 610/280/537
f 611/283/352 612/285/352 613/284/352
f 613/284/352 612/285/352 614/286/352
f 615/408/538 616/409/538 617/410/538
f 617/410/538 616/409/538 618/411/538
f 619/412/539 620/413/539 621/414/539
f 621/414/539 620/413/539 622/415/539
f 623/416/421 624/417/421 625/409/421
f 625/409/421 624/417/421 626/411/421
f 627/412/345 628/414/345 629/410/345
f 629/410/345 628/414/345 630/408/345
f 631/418/540 636/419/541 632/420/540
f 635/421/542 636/419/541 631/418/540
f 631/418/540 632/420/540 633/422/543
f 635/421/542 638/423/544 636/419/541
f 637/424/544 638/423/544 635/421/542
f 637/424/544 640/425/545 638/423/544
f 639/426/546 640/425/545 637/424/544
f 639/426/546 642/427/547 640/425/545
f 641/428/547 642/427/547 639/426/546
f 641/428/547 644/429/548 642/427/547
f 643/430/548 644/429/548 641/428/547
f 643/430/548 646/431/549 644/429/548
f 645/432/549 646/431/549 643/430/548
f 645/432/549 648/433/550 646/431/549
f 647/434/550 648/433/550 645/432/549
f 647/434/550 650/435/551 648/433/550
f 649/436/551 650/435/551 647/434/550
f 633/422/543 634/437/543 671/438/552
f 633/422/543 632/420/540 634/437/543
f 671/438/552 634/437/543 672/439/552
f 671/438/552 672/439/552 669/440/553
f 669/440/553 672/439/552 670/441/553
f 669/440/553 670/441/553 667/442/554
f 667/442/554 670/441/553 668/443/554
f 667/442/554 668/443/554 665/444/555
f 665/444/555 668/443/554 666/445/556
f 665/444/555 666/445/556 663/446/557
f 663/446/557 666/445/556 664/447/558
f 663/446/557 664/447/558 661/448/559
f 661/448/559 664/447/558 662/449/560
f 661/448/559 662/449/560 659/450/561
f 659/450/561 662/449/560 660/451/562
f 659/450/561 660/451/562 657/452/563
f 657/452/563 660/451/562 658/453/564
f 657/452/563 658/453/564 655/454/565
f 655/454/565 658/453/564 656/455/566
f 655/454/565 656/455/566 651/456/567
f 651/456/567 656/455/566 652/457/567
f 651/456/567 652/457/567 653/458/551
f 653/458/551 652/457/567 654/459/551
f 673/420/568 678/393/569 674/372/568
f 677/419/569 678/393/569 673/420/568
f 673/420/568 674/372/568 675/437/570
f 677/419/569 680/395/571 678/393/569
f 679/423/571 680/395/571 677/419/569
f 679/423/571 682/397/352 680/395/571
f 681/425/352 682/397/352 679/423/571
f 681/425/352 684/399/572 682/397/352
f 683/427/572 684/399/572 681/425/352
f 683/427/572 686/401/573 684/399/572
f 685/429/573 686/401/573 683/427/572
f 685/429/573 688/403/574 686/401/573
f 687/431/574 688/403/574 685/429/573
f 687/431/574 690/405/575 688/403/574
f 689/433/575 690/405/575 687/431/574
f 689/433/575 692/407/539 690/405/575
f 691/435/539 692/407/539 689/433/575
f 714/366/538 675/437/570 676/367/570
f 713/439/538 675/437/570 714/366/538
f 675/437/570 674/372/568 676/367/570
f 711/441/576 714/366/538 712/369/576
f 713/439/538 714/366/538 711/441/576
f 711/441/576 712/369/576 709/443/577
f 709/443/577 712/369/576 710/374/577
f 709/443/577 710/374/577 707/445/578
f 707/445/578 710/374/577 708/376/578
f 707/445/578 708/376/578 705/447/579
f 705/447/579 708/376/578 706/378/579
f 705/447/579 706/378/579 703/449/580
f 703/449/580 706/378/579 704/380/580
f 703/449/580 704/380/580 701/451/581
f 701/451/581 704/380/580 702/382/581
f 701/451/581 702/382/581 699/453/582
f 699/453/582 702/382/581 700/384/582
f 699/453/582 700/384/582 697/455/583
f 697/455/583 700/384/582 698/386/583
f 697/455/583 698/386/583 693/457/584
f 693/457/584 698/386/583 694/388/585
f 693/457/584 694/388/585 695/459/586
f 695/459/586 694/388/585 696/390/586
f 756/460/587 715/461/588 717/462/589
f 755/463/590 715/461/588 756/460/587
f 715/461/588 716/464/591 717/462/589
f 754/465/592 755/463/590 756/460/587
f 753/466/592 755/463/590 754/465/592
f 752/467/593 753/466/592 754/465/592
f 751/468/594 753/466/592 752/467/593
f 750/469/595 751/468/594 752/467/593
f 749/470/596 751/468/594 750/469/595
f 748/471/597 749/470/596 750/469/595
f 747/472/597 749/470/596 748/471/597
f 746/473/598 747/472/597 748/471/597
f 745/474/598 747/472/597 746/473/598
f 744/475/599 745/474/598 746/473/598
f 743/476/599 745/474/598 744/475/599
f 742/477/600 743/476/599 744/475/599
f 741/478/600 743/476/599 742/477/600
f 740/479/601 741/478/600 742/477/600
f 739/480/602 741/478/600 740/479/601
f 738/481/603 739/480/602 740/479/601
f 736/482/604 739/480/602 738/481/603
f 737/483/605 736/482/604 738/481/603
f 735/484/605 736/482/604 737/483/605
f 716/464/591 719/485/606 718/486/607
f 717/462/589 716/464/591 718/486/607
f 719/485/606 721/487/608 720/488/609
f 718/486/607 719/485/606 720/488/609
f 721/487/608 723/489/610 722/490/611
f 720/488/609 721/487/608 722/490/611
f 723/489/610 725/491/612 724/492/610
f 722/490/611 723/489/610 724/492/610
f 725/491/612 727/493/613 726/494/612
f 724/492/610 725/491/612 726/494/612
f 727/493/613 729/495/614 728/496/615
f 726/494/612 727/493/613 728/496/615
f 729/495/614 731/497/616 730/498/617
f 728/496/615 729/495/614 730/498/617
f 731/497/616 733/499/618 732/500/616
f 730/498/617 731/497/616 732/500/616
f 732/500/616 733/499/618 734/501/618
f 798/343/538 757/462/570 759/345/570
f 797/460/538 757/462/570 798/343/538
f 757/462/570 758/486/568 759/345/570
f 796/341/619 797/460/538 798/343/538
f 795/465/576 797/460/538 796/341/619
f 794/339/577 795/465/576 796/341/619
f 793/467/577 795/465/576 794/339/577
f 792/337/578 793/467/577 794/339/577
f 791/469/578 793/467/577 792/337/578
f 790/335/579 791/469/578 792/337/578
f 789/471/579 791/469/578 790/335/579
f 788/333/580 789/471/579 790/335/579
f 787/473/580 789/471/579 788/333/580
f 786/331/581 787/473/580 788/333/580
f 785/475/581 787/473/580 786/331/581
f 784/329/582 785/475/581 786/331/581
f 783/477/582 785/475/581 784/329/582
f 782/326/583 783/477/582 784/329/582
f 781/479/583 783/477/582 782/326/583
f 780/324/584 781/479/583 782/326/583
f 778/481/584 781/479/583 780/324/584
f 779/323/539 778/481/584 780/324/584
f 777/483/539 778/481/584 779/323/539
f 758/486/568 761/488/569 760/347/568
f 759/345/570 758/486/568 760/347/568
f 761/488/569 763/490/571 762/349/569
f 760/347/568 761/488/569 762/349/569
f 763/490/571 765/492/352 764/351/571
f 762/349/569 763/490/571 764/351/571
f 765/492/352 767/494/572 766/353/352
f 764/351/571 765/492/352 766/353/352
f 767/494/572 769/496/573 768/355/572
f 766/353/352 767/494/572 768/355/572
f 769/496/573 771/498/574 770/357/573
f 768/355/572 769/496/573 770/357/573
f 771/498/574 773/500/575 772/359/574
f 770/357/573 771/498/574 772/359/574
f 773/500/575 775/501/620 774/361/575
f 772/359/574 773/500/575 774/361/575
f 774/361/575 775/501/620 776/363/620
f 811/172/621 816/290/622 812/287/621
f 815/177/622 816/290/622 811/172/621
f 811/172/621 812/287/621 813/170/623
f 815/177/622 818/313/624 816/290/622
f 817/178/624 818/313/624 815/177/622
f 817/178/624 820/314/625 818/313/624
f 819/181/625 820/314/625 817/178/624
f 819/181/625 822/315/626 820/314/625
f 821/182/626 822/315/626 819/181/625
f 813/170/623 814/288/627 873/173/628
f 813/170/623 812/287/621 814/288/627
f 873/173/628 814/288/627 874/289/628
f 873/173/628 874/289/628 871/185/629
f 871/185/629 874/289/628 872/291/630
f 871/185/629 872/291/630 869/186/539
f 869/186/539 872/291/630 870/292/539
f 869/186/539 870/292/539 867/189/631
f 867/189/631 870/292/539 868/293/631
f 867/189/631 868/293/631 865/190/632
f 865/190/632 868/293/631 866/294/633
f 865/190/632 866/294/633 863/193/634
f 863/193/634 866/294/633 864/295/635
f 863/193/634 864/295/635 861/194/636
f 861/194/636 864/295/635 862/296/636
f 861/194/636 862/296/636 859/196/637
f 859/196/637 862/296/636 860/297/637
f 859/196/637 860/297/637 857/198/352
f 857/198/352 860/297/637 858/298/352
f 856/299/638 857/198/352 858/298/352
f 855/201/638 857/198/352 856/299/638
f 854/300/639 855/201/638 856/299/638
f 853/203/639 855/201/638 854/300/639
f 852/301/640 853/203/639 854/300/639
f 851/205/640 853/203/639 852/301/640
f 850/302/641 851/205/640 852/301/640
f 849/206/641 851/205/640 850/302/641
f 848/303/642 849/206/641 850/302/641
f 847/209/642 849/206/641 848/303/642
f 846/304/538 847/209/642 848/303/642
f 845/210/538 847/209/642 846/304/538
f 844/305/643 845/210/538 846/304/538
f 843/213/644 845/210/538 844/305/643
f 842/306/645 843/213/644 844/305/643
f 841/214/645 843/213/644 842/306/645
f 840/307/646 841/214/645 842/306/645
f 839/217/646 841/214/645 840/307/646
f 838/308/647 839/217/646 840/307/646
f 837/218/647 839/217/646 838/308/647
f 836/309/648 837/218/647 838/308/647
f 835/221/648 837/218/647 836/309/648
f 834/310/649 835/221/648 836/309/648
f 833/222/649 835/221/648 834/310/649
f 832/311/650 833/222/649 834/310/649
f 830/225/650 833/222/649 832/311/650
f 831/312/651 830/225/650 832/311/650
f 829/226/652 830/225/650 831/312/651
f 828/226/653 823/365/580 825/269/580
f 827/312/653 823/365/580 828/226/653
f 823/365/580 824/315/654 825/269/580
f 825/269/580 824/315/654 826/182/654
f 875/502/655 1049/503/656 1047/504/657
f 896/505/658 875/502/655 1002/506/659
f 875/502/655 1011/507/660 1002/506/659
f 875/502/655 1047/504/657 1036/508/661
f 875/502/655 1036/508/661 993/509/662
f 875/502/655 1068/510/663 1049/503/656
f 875/502/655 994/511/664 1011/507/660
f 875/502/655 993/509/662 994/511/664
f 875/502/655 941/512/665 942/513/666
f 896/505/658 894/514/667 875/502/655
f 875/502/655 894/514/667 905/515/668
f 875/502/655 930/516/669 941/512/665
f 875/502/655 877/517/670 930/516/669
f 875/502/655 942/513/666 962/518/671
f 875/502/655 905/515/668 876/519/672
f 875/502/655 876/519/672 877/517/670
f 1049/503/656 1067/520/673 1048/521/674
f 1068/510/663 1067/520/673 1049/503/656
f 1048/521/674 1047/504/657 1049/503/656
f 1047/504/657 1046/522/675 1036/508/661
f 1046/522/675 1047/504/657 1048/521/674
f 1036/508/661 1046/522/675 1037/523/676
f 1036/508/661 1037/523/676 993/509/662
f 993/509/662 1037/523/676 1029/524/677
f 1028/525/678 993/509/662 1029/524/677
f 994/511/664 993/509/662 1028/525/678
f 1012/526/679 994/511/664 1028/525/678
f 1011/507/660 994/511/664 1012/526/679
f 1003/527/680 1011/507/660 1012/526/679
f 1002/506/659 1011/507/660 1003/527/680
f 895/528/681 1002/506/659 1003/527/680
f 896/505/658 1002/506/659 895/528/681
f 895/528/681 894/514/667 896/505/658
f 893/529/682 905/515/668 894/514/667
f 893/529/682 894/514/667 895/528/681
f 904/530/683 876/519/672 905/515/668
f 904/530/683 905/515/668 893/529/682
f 922/531/684 876/519/672 904/530/683
f 922/531/684 877/517/670 876/519/672
f 877/517/670 929/532/685 930/516/669
f 921/533/686 929/532/685 877/517/670
f 921/533/686 877/517/670 922/531/684
f 930/516/669 939/534/687 941/512/665
f 929/532/685 939/534/687 930/516/669
f 941/512/665 940/535/688 942/513/666
f 939/534/687 940/535/688 941/512/665
f 942/513/666 961/536/673 962/518/671
f 940/535/688 961/536/673 942/513/666
f 940/535/688 960/537/689 961/536/673
f 938/538/690 960/537/689 940/535/688
f 939/534/687 938/538/690 940/535/688
f 939/534/687 929/532/685 937/539/691
f 937/539/691 938/538/690 939/534/687
f 937/539/691 929/532/685 927/540/692
f 929/532/685 921/533/686 927/540/692
f 927/540/692 921/533/686 918/541/693
f 920/542/694 921/533/686 922/531/684
f 918/541/693 921/533/686 920/542/694
f 903/543/695 922/531/684 904/530/683
f 920/542/694 922/531/684 903/543/695
f 890/544/696 904/530/683 893/529/682
f 903/543/695 904/530/683 890/544/696
f 892/545/697 893/529/682 895/528/681
f 890/544/696 893/529/682 892/545/697
f 895/528/681 1003/527/680 892/545/697
f 1003/527/680 1012/526/679 1000/546/698
f 892/545/697 1003/527/680 1000/546/698
f 1012/526/679 1028/525/678 1010/547/699
f 1000/546/698 1012/526/679 1010/547/699
f 1010/547/699 1028/525/678 1027/548/700
f 1028/525/678 1029/524/677 1027/548/700
f 1029/524/677 1035/549/701 1026/550/702
f 1037/523/676 1035/549/701 1029/524/677
f 1027/548/700 1029/524/677 1026/550/702
f 1037/523/676 1044/551/703 1035/549/701
f 1046/522/675 1044/551/703 1037/523/676
f 1045/552/704 1035/549/701 1044/551/703
f 1034/553/705 1035/549/701 1045/552/704
f 1034/553/705 1026/550/702 1035/549/701
f 1024/554/706 1026/550/702 1034/553/705
f 1026/550/702 1025/555/707 1027/548/700
f 1024/554/706 1025/555/707 1026/550/702
f 1027/548/700 1009/556/708 1010/547/699
f 1025/555/707 1009/556/708 1027/548/700
f 1010/547/699 1001/557/709 1000/546/698
f 1009/556/708 1001/557/709 1010/547/699
f 891/558/710 1000/546/698 1001/557/709
f 892/545/697 1000/546/698 891/558/710
f 891/558/710 890/544/696 892/545/697
f 889/559/711 903/543/695 890/544/696
f 889/559/711 890/544/696 891/558/710
f 902/560/712 920/542/694 903/543/695
f 902/560/712 903/543/695 889/559/711
f 919/561/713 920/542/694 902/560/712
f 919/561/713 918/541/693 920/542/694
f 928/562/714 918/541/693 917/563/715
f 927/540/692 918/541/693 928/562/714
f 917/563/715 918/541/693 919/561/713
f 935/564/716 927/540/692 928/562/714
f 937/539/691 927/540/692 935/564/716
f 937/539/691 936/565/717 938/538/690
f 935/564/716 936/565/717 937/539/691
f 938/538/690 958/566/718 960/537/689
f 936/565/717 958/566/718 938/538/690
f 959/567/719 936/565/717 949/568/720
f 958/566/718 936/565/717 959/567/719
f 936/565/717 935/564/716 949/568/720
f 935/564/716 928/562/714 950/569/721
f 949/568/720 935/564/716 950/569/721
f 950/569/721 928/562/714 948/570/722
f 928/562/714 917/563/715 948/570/722
f 948/570/722 917/563/715 946/571/723
f 947/572/724 917/563/715 919/561/713
f 946/571/723 917/563/715 947/572/724
f 945/573/725 919/561/713 902/560/712
f 947/572/724 919/561/713 945/573/725
f 943/574/726 902/560/712 889/559/711
f 945/573/725 902/560/712 943/574/726
f 944/575/727 889/559/711 891/558/710
f 943/574/726 889/559/711 944/575/727
f 891/558/710 1001/557/709 944/575/727
f 1009/556/708 1050/576/728 1001/557/709
f 944/575/727 1001/557/709 1050/576/728
f 1025/555/707 1051/577/729 1009/556/708
f 1051/577/729 1050/576/728 1009/556/708
f 1053/578/730 1051/577/729 1025/555/707
f 1024/554/706 1053/578/730 1025/555/707
f 1054/579/731 1024/554/706 1034/553/705
f 1052/580/732 1024/554/706 1054/579/731
f 1052/580/732 1053/578/730 1024/554/706
f 1056/581/733 1034/553/705 1045/552/704
f 1054/579/731 1034/553/705 1056/581/733
f 1033/582/734 1052/580/732 1054/579/731
f 1054/579/731 1070/583/735 1033/582/734
f 1056/581/733 1070/583/735 1054/579/731
f 1052/580/732 1022/584/736 1053/578/730
f 1022/584/736 1052/580/732 1033/582/734
f 1008/585/737 1053/578/730 1023/586/738
f 1051/577/729 1053/578/730 1008/585/737
f 1053/578/730 1022/584/736 1023/586/738
f 999/587/739 1051/577/729 1008/585/737
f 1050/576/728 1051/577/729 999/587/739
f 887/588/740 1050/576/728 999/587/739
f 944/575/727 1050/576/728 887/588/740
f 887/588/740 943/574/726 944/575/727
f 888/589/741 943/574/726 887/588/740
f 888/589/741 945/573/725 943/574/726
f 901/590/742 945/573/725 888/589/741
f 945/573/725 901/590/742 947/572/724
f 947/572/724 901/590/742 915/591/743
f 947/572/724 916/592/744 946/571/723
f 915/591/743 916/592/744 947/572/724
f 946/571/723 926/593/745 948/570/722
f 916/592/744 926/593/745 946/571/723
f 948/570/722 964/594/746 950/569/721
f 926/593/745 964/594/746 948/570/722
f 950/569/721 965/595/747 949/568/720
f 964/594/746 965/595/747 950/569/721
f 949/568/720 966/596/748 959/567/719
f 965/595/747 966/596/748 949/568/720
f 965/595/747 964/594/746 983/597/749
f 965/595/747 983/597/749 981/598/750
f 965/595/747 981/598/750 966/596/748
f 964/594/746 963/599/751 983/597/749
f 926/593/745 963/599/751 964/594/746
f 924/600/752 963/599/751 926/593/745
f 916/592/744 924/600/752 926/593/745
f 914/601/753 924/600/752 916/592/744
f 915/591/743 914/601/753 916/592/744
f 901/590/742 913/602/754 915/591/743
f 913/602/754 914/601/753 915/591/743
f 900/603/755 913/602/754 901/590/742
f 888/589/741 900/603/755 901/590/742
f 886/604/756 900/603/755 888/589/741
f 887/588/740 886/604/756 888/589/741
f 998/605/757 887/588/740 999/587/739
f 885/606/758 887/588/740 998/605/757
f 885/606/758 886/604/756 887/588/740
f 1007/607/759 999/587/739 1008/585/737
f 998/605/757 999/587/739 1007/607/759
f 1008/585/737 1019/608/760 1007/607/759
f 1023/586/738 1019/608/760 1008/585/737
f 1023/586/738 1021/609/761 1019/608/760
f 1022/584/736 1021/609/761 1023/586/738
f 1032/610/762 1022/584/736 1033/582/734
f 1021/609/761 1022/584/736 1032/610/762
f 1033/582/734 1069/611/763 1032/610/762
f 1070/583/735 1069/611/763 1033/582/734
f 1058/612/764 1032/610/762 1069/611/763
f 1031/613/765 1032/610/762 1058/612/764
f 1031/613/765 1021/609/761 1032/610/762
f 1020/614/766 1021/609/761 1031/613/765
f 1020/614/766 1019/608/760 1021/609/761
f 1018/615/767 1007/607/759 1019/608/760
f 1018/615/767 1019/608/760 1020/614/766
f 1006/616/768 1007/607/759 1018/615/767
f 1006/616/768 998/605/757 1007/607/759
f 997/617/769 998/605/757 1006/616/768
f 997/617/769 885/606/758 998/605/757
f 883/618/770 885/606/758 997/617/769
f 885/606/758 884/619/771 886/604/756
f 883/618/770 884/619/771 885/606/758
f 886/604/756 899/620/772 900/603/755
f 884/619/771 899/620/772 886/604/756
f 900/603/755 911/621/773 913/602/754
f 899/620/772 911/621/773 900/603/755
f 913/602/754 912/622/774 914/601/753
f 911/621/773 912/622/774 913/602/754
f 925/623/775 914/601/753 912/622/774
f 924/600/752 914/601/753 925/623/775
f 952/624/776 924/600/752 925/623/775
f 963/599/751 924/600/752 952/624/776
f 963/599/751 957/625/777 984/626/778
f 963/599/751 952/624/776 957/625/777
f 983/597/749 963/599/751 984/626/778
f 957/625/777 952/624/776 951/627/779
f 952/624/776 923/628/780 934/629/781
f 925/623/775 923/628/780 952/624/776
f 934/629/781 951/627/779 952/624/776
f 912/622/774 923/628/780 925/623/775
f 911/621/773 908/630/782 912/622/774
f 908/630/782 923/628/780 912/622/774
f 899/620/772 909/631/783 911/621/773
f 909/631/783 908/630/782 911/621/773
f 898/632/784 909/631/783 899/620/772
f 884/619/771 898/632/784 899/620/772
f 883/618/770 882/633/785 884/619/771
f 882/633/785 898/632/784 884/619/771
f 996/634/786 883/618/770 997/617/769
f 881/635/787 883/618/770 996/634/786
f 881/635/787 882/633/785 883/618/770
f 997/617/769 1005/636/788 996/634/786
f 1006/616/768 1005/636/788 997/617/769
f 1016/637/789 1006/616/768 1018/615/767
f 1005/636/788 1006/616/768 1016/637/789
f 1017/638/790 1018/615/767 1020/614/766
f 1016/637/789 1018/615/767 1017/638/790
f 1030/639/791 1020/614/766 1031/613/765
f 1017/638/790 1020/614/766 1030/639/791
f 1031/613/765 1058/612/764 1030/639/791
f 1030/639/791 1058/612/764 1041/640/792
f 1030/639/791 1041/640/792 1014/641/793
f 1013/642/794 1030/639/791 1014/641/793
f 1017/638/790 1030/639/791 1013/642/794
f 1013/642/794 1016/637/789 1017/638/790
f 1015/643/795 1005/636/788 1016/637/789
f 1015/643/795 1016/637/789 1013/642/794
f 1004/644/796 1005/636/788 1015/643/795
f 1005/636/788 1004/644/796 996/634/786
f 996/634/786 1004/644/796 995/645/797
f 995/645/797 881/635/787 996/634/786
f 878/646/798 881/635/787 995/645/797
f 881/635/787 880/647/799 882/633/785
f 878/646/798 880/647/799 881/635/787
f 882/633/785 897/648/800 898/632/784
f 880/647/799 897/648/800 882/633/785
f 910/649/801 898/632/784 897/648/800
f 909/631/783 898/632/784 910/649/801
f 906/650/802 909/631/783 910/649/801
f 908/630/782 909/631/783 906/650/802
f 906/650/802 923/628/780 908/630/782
f 907/651/803 934/629/781 923/628/780
f 907/651/803 923/628/780 906/650/802
f 933/652/804 934/629/781 907/651/803
f 932/653/805 951/627/779 934/629/781
f 933/652/804 932/653/805 934/629/781
f 951/627/779 955/654/806 956/655/807
f 956/655/807 957/625/777 951/627/779
f 932/653/805 955/654/806 951/627/779
f 954/656/808 955/654/806 932/653/805
f 931/657/809 954/656/808 932/653/805
f 931/657/809 932/653/805 933/652/804
f 907/651/803 879/658/810 933/652/804
f 879/658/810 931/657/809 933/652/804
f 906/650/802 879/658/810 907/651/803
f 906/650/802 910/649/801 879/658/810
f 879/658/810 910/649/801 897/648/800
f 897/648/800 880/647/799 879/658/810
f 878/646/798 879/658/810 880/647/799
f 878/646/798 995/645/797 879/658/810
f 1004/644/796 879/658/810 995/645/797
f 879/658/810 1004/644/796 1015/643/795
f 1013/642/794 879/658/810 1015/643/795
f 1013/642/794 1014/641/793 879/658/810
f 1014/641/793 1039/659/811 879/658/810
f 1014/641/793 1041/640/792 1039/659/811
f 1057/660/812 1041/640/792 1058/612/764
f 1040/661/813 1041/640/792 1057/660/812
f 1040/661/813 1039/659/811 1041/640/792
f 879/658/810 1039/659/811 1038/662/814
f 1038/662/814 1039/659/811 1040/661/813
f 879/658/810 1038/662/814 1059/663/815
f 879/658/810 953/664/816 931/657/809
f 953/664/816 954/656/808 931/657/809
f 1059/663/815 1038/662/814 1060/665/808
f 1060/665/808 1038/662/814 1040/661/813
f 1061/666/806 1040/661/813 1057/660/812
f 1060/665/808 1040/661/813 1061/666/806
f 1058/612/764 1063/667/817 1057/660/812
f 1062/668/818 1061/666/806 1057/660/812
f 1062/668/818 1057/660/812 1063/667/817
f 1069/611/763 1063/667/817 1058/612/764
f 1069/611/763 1087/669/819 1063/667/817
f 1088/670/820 1069/611/763 1070/583/735
f 1087/669/819 1069/611/763 1088/670/820
f 1072/671/821 1088/670/820 1070/583/735
f 1072/671/821 1085/672/822 1088/670/820
f 1070/583/735 1056/581/733 1072/671/821
f 1072/671/821 1071/673/748 1085/672/822
f 1072/671/821 1056/581/733 1055/674/823
f 1055/674/823 1071/673/748 1072/671/821
f 1085/672/822 1071/673/748 1086/675/824
f 1065/676/825 1071/673/748 1055/674/823
f 1043/677/826 1065/676/825 1055/674/823
f 1045/552/704 1055/674/823 1056/581/733
f 1043/677/826 1055/674/823 1045/552/704
f 1064/678/827 1065/676/825 1043/677/826
f 1042/679/828 1064/678/827 1043/677/826
f 1044/551/703 1043/677/826 1045/552/704
f 1042/679/828 1043/677/826 1044/551/703
f 1066/680/829 1064/678/827 1042/679/828
f 1048/521/674 1066/680/829 1042/679/828
f 1042/679/828 1046/522/675 1048/521/674
f 1044/551/703 1046/522/675 1042/679/828
f 1067/520/673 1066/680/829 1048/521/674
f 1089/681/830 1061/666/806 1062/668/818
f 956/655/807 955/654/806 992/682/831
f 966/596/748 981/598/750 982/683/832
f 991/684/833 967/685/834 990/686/835
f 968/687/836 967/685/834 991/684/833
f 967/685/834 989/688/837 990/686/835
f 971/689/838 989/688/837 967/685/834
f 967/685/834 969/690/839 971/689/838
f 967/685/834 968/687/836 969/690/839
f 971/689/838 969/690/839 972/691/840
f 969/690/839 968/687/836 970/692/841
f 971/689/838 988/693/842 989/688/837
f 973/694/843 988/693/842 971/689/838
f 971/689/838 972/691/840 973/694/843
f 973/694/843 972/691/840 974/695/421
f 973/694/843 987/696/749 988/693/842
f 975/697/844 987/696/749 973/694/843
f 973/694/843 974/695/421 975/697/844
f 975/697/844 974/695/421 976/698/845
f 975/697/844 986/699/846 987/696/749
f 977/700/847 986/699/846 975/697/844
f 975/697/844 976/698/845 977/700/847
f 977/700/847 976/698/845 978/701/848
f 977/700/847 985/702/849 986/699/846
f 979/703/850 985/702/849 977/700/847
f 977/700/847 978/701/848 979/703/850
f 979/703/850 978/701/848 980/704/352
f 1083/705/851 985/702/849 979/703/850
f 979/703/850 1081/706/852 1083/705/851
f 980/704/352 1081/706/852 979/703/850
f 1090/707/822 985/702/849 1083/705/851
f 1084/708/853 1090/707/822 1083/705/851
f 1083/705/851 1082/709/854 1084/708/853
f 1081/706/852 1082/709/854 1083/705/851
f 1091/710/820 1090/707/822 1084/708/853
f 1079/711/855 1091/710/820 1084/708/853
f 1084/708/853 1077/712/345 1079/711/855
f 1082/709/854 1077/712/345 1084/708/853
f 1092/713/819 1091/710/820 1079/711/855
f 1080/714/856 1092/713/819 1079/711/855
f 1079/711/855 1078/715/857 1080/714/856
f 1077/712/345 1078/715/857 1079/711/855
f 1093/716/858 1092/713/819 1080/714/856
f 1073/717/859 1093/716/858 1080/714/856
f 1080/714/856 1074/718/860 1073/717/859
f 1078/715/857 1074/718/860 1080/714/856
f 1094/719/861 1093/716/858 1073/717/859
f 1095/720/862 1073/717/859 1075/721/863
f 1094/719/861 1073/717/859 1095/720/862
f 1073/717/859 1074/718/860 1075/721/863
f 1075/721/863 1074/718/860 1076/722/580
f 1096/502/655 1269/504/665 1270/503/666
f 1114/505/658 1224/506/667 1096/502/655
f 1096/502/655 1224/506/667 1233/507/668
f 1096/502/655 1258/508/669 1269/504/665
f 1096/502/655 1215/509/670 1258/508/669
f 1096/502/655 1270/503/666 1289/510/671
f 1096/502/655 1233/507/668 1214/511/672
f 1096/502/655 1214/511/672 1215/509/670
f 1096/502/655 1163/513/656 1161/512/657
f 1114/505/658 1096/502/655 1115/514/659
f 1096/502/655 1125/515/660 1115/514/659
f 1096/502/655 1161/512/657 1150/516/661
f 1096/502/655 1150/516/661 1097/517/662
f 1096/502/655 1183/518/663 1163/513/656
f 1096/502/655 1098/519/664 1125/515/660
f 1096/502/655 1097/517/662 1098/519/664
f 1258/508/669 1267/522/687 1269/504/665
f 1269/504/665 1268/521/688 1270/503/666
f 1267/522/687 1268/521/688 1269/504/665
f 1270/503/666 1288/520/673 1289/510/671
f 1268/521/688 1288/520/673 1270/503/666
f 1268/521/688 1287/680/689 1288/520/673
f 1266/679/864 1287/680/689 1268/521/688
f 1267/522/687 1266/679/864 1268/521/688
f 1257/523/865 1267/522/687 1258/508/669
f 1267/522/687 1257/523/865 1265/551/866
f 1265/551/866 1266/679/864 1267/522/687
f 1215/509/670 1257/523/865 1258/508/669
f 1249/524/686 1257/523/865 1215/509/670
f 1250/525/867 1215/509/670 1214/511/672
f 1249/524/686 1215/509/670 1250/525/867
f 1232/526/683 1214/511/672 1233/507/668
f 1250/525/867 1214/511/672 1232/526/683
f 1223/527/868 1233/507/668 1224/506/667
f 1232/526/683 1233/507/668 1223/527/868
f 1116/528/681 1224/506/667 1114/505/658
f 1223/527/868 1224/506/667 1116/528/681
f 1114/505/658 1115/514/659 1116/528/681
f 1115/514/659 1125/515/660 1117/529/869
f 1116/528/681 1115/514/659 1117/529/869
f 1125/515/660 1098/519/664 1126/530/679
f 1117/529/869 1125/515/660 1126/530/679
f 1126/530/679 1098/519/664 1142/531/678
f 1098/519/664 1097/517/662 1142/531/678
f 1097/517/662 1151/532/870 1143/533/871
f 1150/516/661 1151/532/870 1097/517/662
f 1142/531/678 1097/517/662 1143/533/871
f 1150/516/661 1160/534/675 1151/532/870
f 1161/512/657 1160/534/675 1150/516/661
f 1162/535/674 1161/512/657 1163/513/656
f 1160/534/675 1161/512/657 1162/535/674
f 1163/513/656 1182/536/673 1162/535/674
f 1183/518/663 1182/536/673 1163/513/656
f 1162/535/674 1181/537/829 1156/538/872
f 1182/536/673 1181/537/829 1162/535/674
f 1156/538/872 1160/534/675 1162/535/674
f 1160/534/675 1158/539/703 1151/532/870
f 1158/539/703 1160/534/675 1156/538/872
f 1151/532/870 1158/539/703 1149/540/701
f 1151/532/870 1149/540/701 1143/533/871
f 1143/533/871 1149/540/701 1140/541/702
f 1141/542/700 1143/533/871 1140/541/702
f 1142/531/678 1143/533/871 1141/542/700
f 1124/543/873 1142/531/678 1141/542/700
f 1126/530/679 1142/531/678 1124/543/873
f 1111/544/874 1126/530/679 1124/543/873
f 1117/529/869 1126/530/679 1111/544/874
f 1110/545/697 1117/529/869 1111/544/874
f 1116/528/681 1117/529/869 1110/545/697
f 1110/545/697 1223/527/868 1116/528/681
f 1222/546/875 1232/526/683 1223/527/868
f 1222/546/875 1223/527/868 1110/545/697
f 1231/547/695 1250/525/867 1232/526/683
f 1231/547/695 1232/526/683 1222/546/875
f 1248/548/876 1250/525/867 1231/547/695
f 1248/548/876 1249/524/686 1250/525/867
f 1255/549/877 1249/524/686 1246/550/878
f 1257/523/865 1249/524/686 1255/549/877
f 1246/550/878 1249/524/686 1248/548/876
f 1265/551/866 1257/523/865 1255/549/877
f 1263/552/879 1255/549/877 1256/553/880
f 1265/551/866 1255/549/877 1263/552/879
f 1255/549/877 1246/550/878 1256/553/880
f 1265/551/866 1264/677/881 1266/679/864
f 1263/552/879 1264/677/881 1265/551/866
f 1263/552/879 1256/553/880 1277/581/882
f 1276/674/883 1263/552/879 1277/581/882
f 1264/677/881 1263/552/879 1276/674/883
f 1277/581/882 1256/553/880 1275/579/884
f 1256/553/880 1245/554/885 1275/579/884
f 1256/553/880 1246/550/878 1245/554/885
f 1247/555/886 1246/550/878 1248/548/876
f 1245/554/885 1246/550/878 1247/555/886
f 1230/556/712 1248/548/876 1231/547/695
f 1247/555/886 1248/548/876 1230/556/712
f 1221/557/887 1231/547/695 1222/546/875
f 1230/556/712 1231/547/695 1221/557/887
f 1112/558/710 1222/546/875 1110/545/697
f 1221/557/887 1222/546/875 1112/558/710
f 1110/545/697 1111/544/874 1112/558/710
f 1124/543/873 1113/559/888 1111/544/874
f 1112/558/710 1111/544/874 1113/559/888
f 1141/542/700 1123/560/708 1124/543/873
f 1123/560/708 1113/559/888 1124/543/873
f 1139/561/707 1123/560/708 1141/542/700
f 1140/541/702 1139/561/707 1141/542/700
f 1148/562/889 1140/541/702 1149/540/701
f 1138/563/890 1140/541/702 1148/562/889
f 1138/563/890 1139/561/707 1140/541/702
f 1159/564/704 1149/540/701 1158/539/703
f 1148/562/889 1149/540/701 1159/564/704
f 1171/569/733 1148/562/889 1159/564/704
f 1169/570/731 1148/562/889 1171/569/733
f 1169/570/731 1138/563/890 1148/562/889
f 1167/571/732 1138/563/890 1169/570/731
f 1138/563/890 1168/572/891 1139/561/707
f 1167/571/732 1168/572/891 1138/563/890
f 1139/561/707 1166/573/729 1123/560/708
f 1168/572/891 1166/573/729 1139/561/707
f 1123/560/708 1165/574/728 1113/559/888
f 1166/573/729 1165/574/728 1123/560/708
f 1164/575/727 1113/559/888 1165/574/728
f 1112/558/710 1113/559/888 1164/575/727
f 1164/575/727 1221/557/887 1112/558/710
f 1271/576/726 1230/556/712 1221/557/887
f 1271/576/726 1221/557/887 1164/575/727
f 1272/577/725 1247/555/886 1230/556/712
f 1272/577/725 1230/556/712 1271/576/726
f 1274/578/892 1247/555/886 1272/577/725
f 1274/578/892 1245/554/885 1247/555/886
f 1275/579/884 1245/554/885 1273/580/893
f 1273/580/893 1245/554/885 1274/578/892
f 1273/580/893 1254/582/745 1275/579/884
f 1275/579/884 1291/583/746 1277/581/882
f 1254/582/745 1291/583/746 1275/579/884
f 1277/581/882 1292/671/747 1276/674/883
f 1291/583/746 1292/671/747 1277/581/882
f 1276/674/883 1293/673/748 1286/676/719
f 1292/671/747 1293/673/748 1276/674/883
f 1286/676/719 1264/677/881 1276/674/883
f 1292/671/747 1291/583/746 1308/670/749
f 1292/671/747 1308/670/749 1306/672/750
f 1292/671/747 1306/672/750 1293/673/748
f 1291/583/746 1290/611/751 1308/670/749
f 1254/582/745 1290/611/751 1291/583/746
f 1244/584/894 1254/582/745 1273/580/893
f 1252/610/752 1290/611/751 1254/582/745
f 1244/584/894 1252/610/752 1254/582/745
f 1274/578/892 1244/584/894 1273/580/893
f 1274/578/892 1229/585/895 1243/586/743
f 1272/577/725 1229/585/895 1274/578/892
f 1243/586/743 1244/584/894 1274/578/892
f 1220/587/741 1272/577/725 1271/576/726
f 1229/585/895 1272/577/725 1220/587/741
f 1108/588/740 1271/576/726 1164/575/727
f 1220/587/741 1271/576/726 1108/588/740
f 1164/575/727 1165/574/728 1108/588/740
f 1108/588/740 1165/574/728 1109/589/739
f 1165/574/728 1166/573/729 1109/589/739
f 1109/589/739 1166/573/729 1122/590/896
f 1166/573/729 1168/572/891 1122/590/896
f 1122/590/896 1168/572/891 1137/591/738
f 1168/572/891 1136/592/897 1137/591/738
f 1167/571/732 1136/592/897 1168/572/891
f 1147/593/898 1167/571/732 1169/570/731
f 1136/592/897 1167/571/732 1147/593/898
f 1169/570/731 1185/594/735 1147/593/898
f 1171/569/733 1185/594/735 1169/570/731
f 1147/593/898 1184/599/763 1146/600/762
f 1185/594/735 1184/599/763 1147/593/898
f 1146/600/762 1136/592/897 1147/593/898
f 1135/601/761 1136/592/897 1146/600/762
f 1136/592/897 1135/601/761 1137/591/738
f 1137/591/738 1133/602/899 1122/590/896
f 1137/591/738 1135/601/761 1133/602/899
f 1122/590/896 1133/602/899 1121/603/759
f 1121/603/759 1109/589/739 1122/590/896
f 1107/604/757 1109/589/739 1121/603/759
f 1107/604/757 1108/588/740 1109/589/739
f 1108/588/740 1219/605/900 1220/587/741
f 1105/606/758 1219/605/900 1108/588/740
f 1105/606/758 1108/588/740 1107/604/757
f 1220/587/741 1228/607/755 1229/585/895
f 1219/605/900 1228/607/755 1220/587/741
f 1229/585/895 1241/608/754 1243/586/743
f 1228/607/755 1241/608/754 1229/585/895
f 1243/586/743 1242/609/753 1244/584/894
f 1241/608/754 1242/609/753 1243/586/743
f 1242/609/753 1252/610/752 1244/584/894
f 1279/612/776 1252/610/752 1253/613/775
f 1290/611/751 1252/610/752 1279/612/776
f 1252/610/752 1242/609/753 1253/613/775
f 1290/611/751 1284/667/777 1309/669/778
f 1290/611/751 1279/612/776 1284/667/777
f 1308/670/749 1290/611/751 1309/669/778
f 1284/667/777 1279/612/776 1278/660/779
f 1279/612/776 1251/639/780 1262/640/781
f 1253/613/775 1251/639/780 1279/612/776
f 1262/640/781 1278/660/779 1279/612/776
f 1240/614/774 1251/639/780 1253/613/775
f 1253/613/775 1242/609/753 1240/614/774
f 1241/608/754 1240/614/774 1242/609/753
f 1228/607/755 1239/615/901 1241/608/754
f 1239/615/901 1240/614/774 1241/608/754
f 1227/616/772 1239/615/901 1228/607/755
f 1219/605/900 1227/616/772 1228/607/755
f 1218/617/771 1227/616/772 1219/605/900
f 1105/606/758 1218/617/771 1219/605/900
f 1104/618/770 1218/617/771 1105/606/758
f 1106/619/902 1105/606/758 1107/604/757
f 1104/618/770 1105/606/758 1106/619/902
f 1120/620/768 1107/604/757 1121/603/759
f 1106/619/902 1107/604/757 1120/620/768
f 1132/621/903 1121/603/759 1133/602/899
f 1120/620/768 1121/603/759 1132/621/903
f 1134/622/766 1133/602/899 1135/601/761
f 1132/621/903 1133/602/899 1134/622/766
f 1145/623/765 1135/601/761 1146/600/762
f 1134/622/766 1135/601/761 1145/623/765
f 1173/624/764 1146/600/762 1184/599/763
f 1145/623/765 1146/600/762 1173/624/764
f 1145/623/765 1173/624/764 1144/628/904
f 1144/628/904 1134/622/766 1145/623/765
f 1131/630/790 1132/621/903 1134/622/766
f 1131/630/790 1134/622/766 1144/628/904
f 1130/631/789 1120/620/768 1132/621/903
f 1130/631/789 1132/621/903 1131/630/790
f 1119/632/788 1120/620/768 1130/631/789
f 1120/620/768 1119/632/788 1106/619/902
f 1103/633/786 1104/618/770 1106/619/902
f 1106/619/902 1119/632/788 1103/633/786
f 1104/618/770 1217/634/785 1218/617/771
f 1102/635/787 1217/634/785 1104/618/770
f 1102/635/787 1104/618/770 1103/633/786
f 1218/617/771 1226/636/784 1227/616/772
f 1217/634/785 1226/636/784 1218/617/771
f 1227/616/772 1237/637/783 1239/615/901
f 1226/636/784 1237/637/783 1227/616/772
f 1239/615/901 1236/638/782 1240/614/774
f 1237/637/783 1236/638/782 1239/615/901
f 1236/638/782 1251/639/780 1240/614/774
f 1235/641/803 1262/640/781 1251/639/780
f 1234/642/802 1251/639/780 1236/638/782
f 1235/641/803 1251/639/780 1234/642/802
f 1261/659/804 1262/640/781 1235/641/803
f 1260/661/805 1278/660/779 1262/640/781
f 1261/659/804 1260/661/805 1262/640/781
f 1278/660/779 1282/666/806 1283/668/807
f 1283/668/807 1284/667/777 1278/660/779
f 1260/661/805 1282/666/806 1278/660/779
f 1281/665/808 1282/666/806 1260/661/805
f 1259/662/809 1281/665/808 1260/661/805
f 1259/662/809 1260/661/805 1261/659/804
f 1235/641/803 1101/658/810 1261/659/804
f 1101/658/810 1259/662/809 1261/659/804
f 1234/642/802 1101/658/810 1235/641/803
f 1234/642/802 1238/643/801 1101/658/810
f 1234/642/802 1237/637/783 1238/643/801
f 1236/638/782 1237/637/783 1234/642/802
f 1237/637/783 1226/636/784 1238/643/801
f 1238/643/801 1226/636/784 1225/644/800
f 1217/634/785 1225/644/800 1226/636/784
f 1216/645/799 1225/644/800 1217/634/785
f 1102/635/787 1216/645/799 1217/634/785
f 1099/646/798 1216/645/799 1102/635/787
f 1100/647/797 1102/635/787 1103/633/786
f 1099/646/798 1102/635/787 1100/647/797
f 1103/633/786 1118/648/796 1100/647/797
f 1119/632/788 1118/648/796 1103/633/786
f 1129/649/795 1119/632/788 1130/631/789
f 1118/648/796 1119/632/788 1129/649/795
f 1127/650/794 1130/631/789 1131/630/790
f 1129/649/795 1130/631/789 1127/650/794
f 1131/630/790 1144/628/904 1127/650/794
f 1127/650/794 1101/658/810 1129/649/795
f 1127/650/794 1144/628/904 1128/651/793
f 1127/650/794 1128/651/793 1101/658/810
f 1144/628/904 1173/624/764 1155/629/792
f 1144/628/904 1155/629/792 1128/651/793
f 1128/651/793 1153/652/811 1101/658/810
f 1128/651/793 1155/629/792 1153/652/811
f 1101/658/810 1238/643/801 1225/644/800
f 1101/658/810 1280/663/816 1259/662/809
f 1225/644/800 1216/645/799 1101/658/810
f 1099/646/798 1101/658/810 1216/645/799
f 1101/658/810 1118/648/796 1129/649/795
f 1101/658/810 1153/652/811 1152/657/814
f 1101/658/810 1152/657/814 1174/664/815
f 1118/648/796 1101/658/810 1100/647/797
f 1099/646/798 1100/647/797 1101/658/810
f 1280/663/816 1281/665/808 1259/662/809
f 1174/664/815 1152/657/814 1175/656/808
f 1175/656/808 1152/657/814 1154/653/813
f 1152/657/814 1153/652/811 1154/653/813
f 1154/653/813 1153/652/811 1155/629/792
f 1172/627/812 1155/629/792 1173/624/764
f 1154/653/813 1155/629/792 1172/627/812
f 1176/654/806 1154/653/813 1172/627/812
f 1175/656/808 1154/653/813 1176/654/806
f 1173/624/764 1178/625/817 1172/627/812
f 1177/655/818 1176/654/806 1172/627/812
f 1177/655/818 1172/627/812 1178/625/817
f 1184/599/763 1178/625/817 1173/624/764
f 1184/599/763 1204/626/819 1178/625/817
f 1205/597/820 1184/599/763 1185/594/735
f 1204/626/819 1184/599/763 1205/597/820
f 1187/595/821 1205/597/820 1185/594/735
f 1187/595/821 1202/598/822 1205/597/820
f 1185/594/735 1171/569/733 1187/595/821
f 1187/595/821 1186/596/748 1202/598/822
f 1187/595/821 1171/569/733 1170/568/823
f 1170/568/823 1186/596/748 1187/595/821
f 1202/598/822 1186/596/748 1203/683/824
f 1180/567/825 1186/596/748 1170/568/823
f 1157/565/826 1180/567/825 1170/568/823
f 1159/564/704 1170/568/823 1171/569/733
f 1157/565/826 1170/568/823 1159/564/704
f 1179/566/827 1180/567/825 1157/565/826
f 1156/538/872 1179/566/827 1157/565/826
f 1158/539/703 1157/565/826 1159/564/704
f 1156/538/872 1157/565/826 1158/539/703
f 1181/537/829 1179/566/827 1156/538/872
f 1206/682/830 1176/654/806 1177/655/818
f 1283/668/807 1282/666/806 1316/681/831
f 1293/673/748 1306/672/750 1307/675/832
f 1285/678/718 1264/677/881 1286/676/719
f 1266/679/864 1285/678/718 1287/680/689
f 1264/677/881 1285/678/718 1266/679/864
f 1213/684/862 1188/685/859 1190/687/863
f 1212/686/861 1188/685/859 1213/684/862
f 1188/685/859 1211/688/817 1195/689/856
f 1212/686/861 1211/688/817 1188/685/859
f 1195/689/856 1189/690/860 1188/685/859
f 1188/685/859 1189/690/860 1190/687/863
f 1193/691/857 1189/690/860 1195/689/856
f 1190/687/863 1189/690/860 1191/692/580
f 1195/689/856 1210/693/905 1194/694/906
f 1211/688/817 1210/693/905 1195/689/856
f 1194/694/906 1193/691/857 1195/689/856
f 1192/695/345 1193/691/857 1194/694/906
f 1194/694/906 1209/696/820 1199/697/907
f 1210/693/905 1209/696/820 1194/694/906
f 1199/697/907 1192/695/345 1194/694/906
f 1197/698/854 1192/695/345 1199/697/907
f 1199/697/907 1207/699/822 1198/700/851
f 1209/696/820 1207/699/822 1199/697/907
f 1198/700/851 1197/698/854 1199/697/907
f 1196/701/852 1197/698/854 1198/700/851
f 1198/700/851 1208/702/849 1201/703/908
f 1207/699/822 1208/702/849 1198/700/851
f 1201/703/908 1196/701/852 1198/700/851
f 1200/704/352 1196/701/852 1201/703/908
f 1201/703/908 1208/702/849 1304/705/847
f 1201/703/908 1305/706/848 1200/704/352
f 1304/705/847 1305/706/848 1201/703/908
f 1304/705/847 1208/702/849 1310/707/846
f 1304/705/847 1310/707/846 1302/708/909
f 1304/705/847 1303/709/845 1305/706/848
f 1302/708/909 1303/709/845 1304/705/847
f 1302/708/909 1310/707/846 1311/710/749
f 1302/708/909 1311/710/749 1300/711/910
f 1302/708/909 1301/712/421 1303/709/845
f 1300/711/910 1301/712/421 1302/708/909
f 1300/711/910 1311/710/749 1312/713/842
f 1300/711/910 1312/713/842 1298/714/838
f 1300/711/910 1299/715/840 1301/712/421
f 1298/714/838 1299/715/840 1300/711/910
f 1298/714/838 1312/713/842 1313/716/837
f 1298/714/838 1313/716/837 1294/717/834
f 1298/714/838 1296/718/839 1299/715/840
f 1294/717/834 1296/718/839 1298/714/838
f 1294/717/834 1313/716/837 1314/719/835
f 1315/720/833 1294/717/834 1314/719/835
f 1295/721/836 1294/717/834 1315/720/833
f 1294/717/834 1295/721/836 1296/718/839
f 1296/718/839 1295/721/836 1297/722/841
f 1337/723/911 1330/724/839 1332/725/839
f 1335/726/911 1330/724/839 1337/723/911
f 1330/724/839 1331/727/912 1332/725/839
f 1336/728/840 1335/726/911 1337/723/911
f 1334/729/840 1335/726/911 1336/728/840
f 1339/730/913 1334/729/840 1336/728/840
f 1338/731/913 1334/729/840 1339/730/913
f 1347/732/421 1338/731/913 1339/730/913
f 1345/733/421 1338/731/913 1347/732/421
f 1346/734/914 1345/733/421 1347/732/421
f 1344/735/914 1345/733/421 1346/734/914
f 1351/736/845 1344/735/914 1346/734/914
f 1349/737/845 1344/735/914 1351/736/845
f 1350/738/915 1349/737/845 1351/736/845
f 1348/739/915 1349/737/845 1350/738/915
f 1343/740/848 1348/739/915 1350/738/915
f 1341/741/848 1348/739/915 1343/740/848
f 1342/742/916 1341/741/848 1343/740/848
f 1340/743/916 1341/741/848 1342/742/916
f 1359/744/917 1340/743/916 1342/742/916
f 1358/745/918 1340/743/916 1359/744/917
f 1331/727/912 1352/746/841 1333/747/912
f 1332/725/839 1331/727/912 1333/747/912
f 1333/747/912 1352/746/841 1353/748/841
f 1354/749/538 1355/750/538 1356/751/538
f 1548/752/538 1355/750/538 1549/753/538
f 1357/754/538 1355/750/538 1548/752/538
f 1356/751/538 1355/750/538 1357/754/538
f 1548/752/538 1549/753/538 1550/755/538
f 1362/756/919 1560/757/920 1360/758/921
f 1360/758/921 1361/759/922 1362/756/919
f 1559/760/923 1362/756/919 1361/759/922
f 1364/761/924 1559/760/923 1361/759/922
f 1361/759/922 1363/762/925 1364/761/924
f 1558/763/926 1364/761/924 1363/762/925
f 1365/764/927 1558/763/926 1363/762/925
f 1365/764/927 1363/762/925 1366/765/928
f 1557/766/929 1365/764/927 1366/765/928
f 1367/767/930 1557/766/929 1366/765/928
f 1367/767/930 1366/765/928 1368/768/931
f 1367/767/930 1368/768/931 1556/769/932
f 1369/770/933 1556/769/932 1368/768/931
f 1369/770/933 1368/768/931 1370/771/934
f 1555/772/935 1369/770/933 1370/771/934
f 1371/773/936 1555/772/935 1370/771/934
f 1371/773/936 1370/771/934 1372/774/937
f 1554/775/938 1371/773/936 1372/774/937
f 1373/744/939 1374/742/940 1375/776/939
f 1374/742/940 1377/740/941 1376/777/940
f 1375/776/939 1374/742/940 1376/777/940
f 1377/740/941 1379/738/942 1378/778/943
f 1376/777/940 1377/740/941 1378/778/943
f 1379/738/942 1381/736/944 1380/779/942
f 1378/778/943 1379/738/942 1380/779/942
f 1381/736/944 1383/734/945 1382/780/944
f 1380/779/942 1381/736/944 1382/780/944
f 1383/734/945 1385/732/946 1384/781/945
f 1382/780/944 1383/734/945 1384/781/945
f 1385/732/946 1387/730/947 1386/782/946
f 1384/781/945 1385/732/946 1386/782/946
f 1387/730/947 1389/728/948 1388/783/947
f 1386/782/946 1387/730/947 1388/783/947
f 1389/728/948 1391/723/949 1390/784/948
f 1388/783/947 1389/728/948 1390/784/948
f 1391/723/949 1393/725/950 1392/785/949
f 1390/784/948 1391/723/949 1392/785/949
f 1393/725/950 1395/747/951 1394/786/950
f 1392/785/949 1393/725/950 1394/786/950
f 1395/747/951 1397/748/952 1396/787/951
f 1394/786/950 1395/747/951 1396/787/951
f 1396/787/951 1397/748/952 1398/788/953
f 1399/789/954 1400/790/955 1401/791/956
f 1400/790/955 1403/792/957 1402/793/955
f 1401/791/956 1400/790/955 1402/793/955
f 1403/792/957 1405/794/958 1404/795/957
f 1402/793/955 1403/792/957 1404/795/957
f 1405/794/958 1407/796/959 1406/797/958
f 1404/795/957 1405/794/958 1406/797/958
f 1407/796/959 1409/798/960 1408/799/961
f 1406/797/958 1407/796/959 1408/799/961
f 1409/798/960 1411/800/962 1410/801/963
f 1408/799/961 1409/798/960 1410/801/963
f 1411/800/962 1413/802/964 1412/803/962
f 1410/801/963 1411/800/962 1412/803/962
f 1413/802/964 1415/804/965 1414/805/966
f 1412/803/962 1413/802/964 1414/805/966
f 1415/804/965 1417/806/967 1416/807/965
f 1414/805/966 1415/804/965 1416/807/965
f 1417/806/967 1419/808/968 1418/809/967
f 1416/807/965 1417/806/967 1418/809/967
f 1419/808/968 1421/810/969 1420/811/968
f 1418/809/967 1419/808/968 1420/811/968
f 1421/810/969 1423/812/970 1422/813/969
f 1420/811/968 1421/810/969 1422/813/969
f 1422/813/969 1423/812/970 1424/814/971
f 1425/751/972 1426/754/973 1427/758/974
f 1426/754/973 1429/752/975 1428/759/976
f 1427/758/974 1426/754/973 1428/759/976
f 1431/765/977 1429/752/975 1432/755/977
f 1430/762/975 1429/752/975 1431/765/977
f 1428/759/976 1429/752/975 1430/762/975
f 1431/765/977 1432/755/977 1433/768/978
f 1433/768/978 1432/755/977 1434/753/979
f 1433/768/978 1434/753/979 1435/771/980
f 1435/771/980 1434/753/979 1436/750/981
f 1435/771/980 1436/750/981 1437/774/982
f 1437/774/982 1436/750/981 1438/749/982
f 1439/724/860 1446/723/983 1440/725/860
f 1445/726/983 1446/723/983 1439/724/860
f 1439/724/860 1440/725/860 1441/727/984
f 1445/726/983 1444/728/857 1446/723/983
f 1443/729/857 1444/728/857 1445/726/983
f 1443/729/857 1448/730/985 1444/728/857
f 1447/731/985 1448/730/985 1443/729/857
f 1447/731/985 1456/732/345 1448/730/985
f 1455/733/345 1456/732/345 1447/731/985
f 1455/733/345 1454/734/986 1456/732/345
f 1453/735/986 1454/734/986 1455/733/345
f 1453/735/986 1460/736/854 1454/734/986
f 1459/737/854 1460/736/854 1453/735/986
f 1459/737/854 1458/738/987 1460/736/854
f 1457/739/987 1458/738/987 1459/737/854
f 1457/739/987 1452/740/852 1458/738/987
f 1451/741/852 1452/740/852 1457/739/987
f 1451/741/852 1450/742/988 1452/740/852
f 1449/743/988 1450/742/988 1451/741/852
f 1449/743/988 1468/744/352 1450/742/988
f 1467/745/352 1468/744/352 1449/743/988
f 1441/727/984 1442/747/984 1461/746/580
f 1441/727/984 1440/725/860 1442/747/984
f 1461/746/580 1442/747/984 1462/748/580
f 1463/749/538 1464/751/538 1465/750/538
f 1465/750/538 1464/751/538 1466/754/538
f 1552/752/538 1465/750/538 1466/754/538
f 1551/753/538 1465/750/538 1552/752/538
f 1552/752/538 1553/755/538 1551/753/538
f 1470/756/989 1469/758/990 1561/757/920
f 1469/758/990 1470/756/989 1471/759/991
f 1562/760/992 1471/759/991 1470/756/989
f 1472/761/993 1471/759/991 1562/760/992
f 1471/759/991 1472/761/993 1473/762/994
f 1563/763/995 1473/762/994 1472/761/993
f 1474/764/996 1473/762/994 1563/763/995
f 1474/764/996 1475/765/997 1473/762/994
f 1564/766/998 1475/765/997 1474/764/996
f 1476/767/999 1475/765/997 1564/766/998
f 1476/767/999 1477/768/1000 1475/765/997
f 1565/769/1001 1477/768/1000 1476/767/999
f 1478/770/1002 1477/768/1000 1565/769/1001
f 1478/770/1002 1479/771/1003 1477/768/1000
f 1566/772/1004 1479/771/1003 1478/770/1002
f 1480/773/1005 1479/771/1003 1566/772/1004
f 1480/773/1005 1481/774/1006 1479/771/1003
f 1567/775/938 1481/774/1006 1480/773/1005
f 1482/744/1007 1483/776/1007 1484/742/1008
f 1484/742/1008 1483/776/1007 1485/777/1008
f 1484/742/1008 1485/777/1008 1486/740/1009
f 1486/740/1009 1485/777/1008 1487/778/1009
f 1486/740/1009 1487/778/1009 1488/738/1010
f 1488/738/1010 1487/778/1009 1489/779/1010
f 1488/738/1010 1489/779/1010 1490/736/1011
f 1490/736/1011 1489/779/1010 1491/780/1011
f 1490/736/1011 1491/780/1011 1492/734/1012
f 1492/734/1012 1491/780/1011 1493/781/1012
f 1492/734/1012 1493/781/1012 1494/732/1013
f 1494/732/1013 1493/781/1012 1495/782/1013
f 1494/732/1013 1495/782/1013 1496/730/1014
f 1496/730/1014 1495/782/1013 1497/783/1014
f 1496/730/1014 1497/783/1014 1498/728/1015
f 1498/728/1015 1497/783/1014 1499/784/1016
f 1498/728/1015 1499/784/1016 1500/723/1017
f 1500/723/1017 1499/784/1016 1501/785/1017
f 1500/723/1017 1501/785/1017 1502/725/1018
f 1502/725/1018 1501/785/1017 1503/786/1019
f 1502/725/1018 1503/786/1019 1504/747/1020
f 1504/747/1020 1503/786/1019 1505/787/1020
f 1504/747/1020 1505/787/1020 1506/748/1021
f 1506/748/1021 1505/787/1020 1507/788/1021
f 1508/789/956 1509/791/954 1510/790/1022
f 1510/790/1022 1509/791/954 1511/793/1022
f 1510/790/1022 1511/793/1022 1512/792/1023
f 1512/792/1023 1511/793/1022 1513/795/1023
f 1512/792/1023 1513/795/1023 1514/794/1024
f 1514/794/1024 1513/795/1023 1515/797/1024
f 1514/794/1024 1515/797/1024 1516/796/1025
f 1516/796/1025 1515/797/1024 1517/799/1026
f 1516/796/1025 1517/799/1026 1518/798/1027
f 1518/798/1027 1517/799/1026 1519/801/1028
f 1518/798/1027 1519/801/1028 1520/800/1029
f 1520/800/1029 1519/801/1028 1521/803/1029
f 1520/800/1029 1521/803/1029 1522/802/1030
f 1522/802/1030 1521/803/1029 1523/805/1030
f 1522/802/1030 1523/805/1030 1524/804/1031
f 1524/804/1031 1523/805/1030 1525/807/1032
f 1524/804/1031 1525/807/1032 1526/806/1033
f 1526/806/1033 1525/807/1032 1527/809/1033
f 1526/806/1033 1527/809/1033 1528/808/1034
f 1528/808/1034 1527/809/1033 1529/811/1034
f 1528/808/1034 1529/811/1034 1530/810/1035
f 1530/810/1035 1529/811/1034 1531/813/1035
f 1530/810/1035 1531/813/1035 1532/812/971
f 1532/812/971 1531/813/1035 1533/814/970
f 1534/751/1036 1535/758/1036 1536/754/1037
f 1536/754/1037 1535/758/1036 1537/759/1038
f 1536/754/1037 1537/759/1038 1538/752/1039
f 1538/752/1039 1537/759/1038 1539/762/1039
f 1538/752/1039 1540/765/1040 1541/755/1040
f 1539/762/1039 1540/765/1040 1538/752/1039
f 1540/765/1040 1542/768/1041 1541/755/1040
f 1541/755/1040 1542/768/1041 1543/753/1042
f 1542/768/1041 1544/771/1043 1543/753/1042
f 1543/753/1042 1544/771/1043 1545/750/1044
f 1544/771/1043 1546/774/1045 1545/750/1044
f 1545/750/1044 1546/774/1045 1547/749/1045
f 1568/815/1046 1576/816/1047 1569/817/1048
f 1593/818/1049 1576/816/1047 1568/815/1046
f 1568/815/1046 1569/817/1048 1570/819/1050
f 1576/816/1047 1593/818/1049 1578/820/1051
f 1588/821/1052 1576/816/1047 1573/822/1053
f 1577/823/1054 1576/816/1047 1588/821/1052
f 1576/816/1047 1578/820/1051 1573/822/1053
f 1569/817/1048 1576/816/1047 1577/823/1054
f 1570/819/1050 1569/817/1048 1571/824/1046
f 1571/824/1046 1595/825/1046 1570/819/1050
f 1594/826/1055 1595/825/1046 1571/824/1046
f 1580/827/1056 1573/822/1053 1579/828/1057
f 1575/829/1058 1573/822/1053 1580/827/1056
f 1572/830/1059 1588/821/1052 1573/822/1053
f 1573/822/1053 1578/820/1051 1579/828/1057
f 1574/831/1060 1573/822/1053 1575/829/1058
f 1572/830/1059 1573/822/1053 1574/831/1060
f 1575/829/1058 1580/827/1056 1581/832/1061
f 1583/833/1062 1575/829/1058 1581/832/1061
f 1582/834/1063 1575/829/1058 1583/833/1062
f 1575/829/1058 1582/834/1063 1587/835/1064
f 1574/831/1060 1575/829/1058 1587/835/1064
f 1582/834/1063 1583/833/1062 1584/836/1065
f 1587/835/1064 1582/834/1063 1586/837/1066
f 1586/837/1066 1582/834/1063 1585/838/1067
f 1585/838/1067 1582/834/1063 1584/836/1065
f 1585/838/1067 1584/836/1065 1591/839/1068
f 1584/836/1065 1589/840/1068 1591/839/1068
f 1591/839/1068 1590/841/1069 1592/842/1070
f 1589/840/1068 1590/841/1069 1591/839/1068
f 1623/825/1071 1596/824/1071 1598/819/1072
f 1622/826/1073 1596/824/1071 1623/825/1071
f 1596/824/1071 1597/817/1074 1598/819/1072
f 1597/817/1074 1605/816/1075 1599/815/1071
f 1597/817/1074 1604/823/1076 1605/816/1075
f 1598/819/1072 1597/817/1074 1599/815/1071
f 1599/815/1071 1605/816/1075 1621/818/1077
f 1605/816/1075 1607/820/1078 1621/818/1077
f 1616/821/1079 1601/822/1080 1605/816/1075
f 1604/823/1076 1616/821/1079 1605/816/1075
f 1601/822/1080 1607/820/1078 1605/816/1075
f 1601/822/1080 1609/827/1081 1606/828/1082
f 1600/829/1083 1609/827/1081 1601/822/1080
f 1603/830/1084 1601/822/1080 1616/821/1079
f 1606/828/1082 1607/820/1078 1601/822/1080
f 1602/831/1085 1601/822/1080 1603/830/1084
f 1600/829/1083 1601/822/1080 1602/831/1085
f 1600/829/1083 1608/832/1086 1609/827/1081
f 1600/829/1083 1612/833/1087 1608/832/1086
f 1610/834/1088 1612/833/1087 1600/829/1083
f 1600/829/1083 1615/835/1089 1610/834/1088
f 1602/831/1085 1615/835/1089 1600/829/1083
f 1610/834/1088 1611/836/1090 1612/833/1087
f 1610/834/1088 1615/835/1089 1614/837/1091
f 1614/837/1091 1613/838/1092 1610/834/1088
f 1613/838/1092 1611/836/1090 1610/834/1088
f 1613/838/1092 1618/839/1093 1611/836/1090
f 1611/836/1090 1618/839/1093 1617/840/1093
f 1619/841/1094 1618/839/1093 1620/842/1095
f 1617/840/1093 1618/839/1093 1619/841/1094
o GamemodelShape.001
v 0.017252 -0.004623 0.066657 0.5019 0.5019 0.5019
v 0.007801 -0.004504 0.068418 0.5019 0.5019 0.5019
v 0.015468 -0.008930 0.066657 0.5019 0.5019 0.5019
v 0.012629 -0.012629 0.066657 0.5019 0.5019 0.5019
v 0.004504 -0.007801 0.068418 0.5019 0.5019 0.5019
v 0.008930 -0.015468 0.066657 0.5019 0.5019 0.5019
v 0.004623 -0.017252 0.066657 0.5019 0.5019 0.5019
v 0.000000 -0.009007 0.068418 0.5019 0.5019 0.5019
v 0.000000 0.009007 0.068418 0.5019 0.5019 0.5019
v 0.004623 0.017252 0.066657 0.5019 0.5019 0.5019
v -0.000000 0.017861 0.066657 0.5019 0.5019 0.5019
v 0.004504 0.007801 0.068418 0.5019 0.5019 0.5019
v 0.008930 0.015468 0.066657 0.5019 0.5019 0.5019
v 0.012630 0.012630 0.066657 0.5019 0.5019 0.5019
v 0.007801 0.004504 0.068418 0.5019 0.5019 0.5019
v 0.015468 0.008930 0.066657 0.5019 0.5019 0.5019
v 0.017252 0.004623 0.066657 0.5019 0.5019 0.5019
v 0.009007 0.000000 0.068418 0.5019 0.5019 0.5019
v 0.017861 0.000000 0.066657 0.5019 0.5019 0.5019
v 0.025509 -0.006835 0.063756 0.5019 0.5019 0.5019
v 0.022870 -0.013204 0.063756 0.5019 0.5019 0.5019
v 0.018674 -0.018674 0.063756 0.5019 0.5019 0.5019
v 0.013204 -0.022870 0.063756 0.5019 0.5019 0.5019
v 0.006835 -0.025509 0.063756 0.5019 0.5019 0.5019
v 0.000000 -0.017861 0.066657 0.5019 0.5019 0.5019
v 0.000000 -0.026409 0.063756 0.5019 0.5019 0.5019
v -0.000000 0.026409 0.063756 0.5019 0.5019 0.5019
v 0.006835 0.025509 0.063756 0.5019 0.5019 0.5019
v 0.013204 0.022871 0.063756 0.5019 0.5019 0.5019
v 0.018674 0.018674 0.063756 0.5019 0.5019 0.5019
v 0.022870 0.013204 0.063756 0.5019 0.5019 0.5019
v 0.025509 0.006835 0.063756 0.5019 0.5019 0.5019
v 0.026409 0.000000 0.063756 0.5019 0.5019 0.5019
v 0.033329 -0.008930 0.059763 0.5019 0.5019 0.5019
v 0.029882 -0.017252 0.059763 0.5019 0.5019 0.5019
v 0.024398 -0.024398 0.059763 0.5019 0.5019 0.5019
v 0.017252 -0.029882 0.059763 0.5019 0.5019 0.5019
v 0.008930 -0.033329 0.059763 0.5019 0.5019 0.5019
v 0.000000 -0.034504 0.059763 0.5019 0.5019 0.5019
v -0.000000 0.034504 0.059763 0.5019 0.5019 0.5019
v 0.008930 0.033329 0.059763 0.5019 0.5019 0.5019
v 0.017252 0.029882 0.059763 0.5019 0.5019 0.5019
v 0.024398 0.024398 0.059763 0.5019 0.5019 0.5019
v 0.029882 0.017252 0.059763 0.5019 0.5019 0.5019
v 0.033329 0.008930 0.059763 0.5019 0.5019 0.5019
v 0.034504 0.000000 0.059763 0.5019 0.5019 0.5019
v 0.040579 -0.010873 0.054748 0.5019 0.5019 0.5019
v 0.036382 -0.021005 0.054748 0.5019 0.5019 0.5019
v 0.029706 -0.029706 0.054748 0.5019 0.5019 0.5019
v 0.021005 -0.036382 0.054748 0.5019 0.5019 0.5019
v 0.010873 -0.040579 0.054748 0.5019 0.5019 0.5019
v 0.000000 -0.042010 0.054748 0.5019 0.5019 0.5019
v -0.000000 0.042010 0.054748 0.5019 0.5019 0.5019
v 0.010873 0.040579 0.054748 0.5019 0.5019 0.5019
v 0.021005 0.036382 0.054748 0.5019 0.5019 0.5019
v 0.029706 0.029706 0.054748 0.5019 0.5019 0.5019
v 0.036382 0.021005 0.054748 0.5019 0.5019 0.5019
v 0.040579 0.010873 0.054748 0.5019 0.5019 0.5019
v 0.042010 0.000000 0.054748 0.5019 0.5019 0.5019
v 0.047134 -0.012629 0.048797 0.5019 0.5019 0.5019
v 0.042259 -0.024398 0.048797 0.5019 0.5019 0.5019
v 0.034504 -0.034504 0.048797 0.5019 0.5019 0.5019
v 0.024398 -0.042259 0.048797 0.5019 0.5019 0.5019
v 0.012630 -0.047134 0.048797 0.5019 0.5019 0.5019
v 0.000000 -0.048797 0.048797 0.5019 0.5019 0.5019
v -0.000000 0.048797 0.048797 0.5019 0.5019 0.5019
v 0.012630 0.047134 0.048797 0.5019 0.5019 0.5019
v 0.024398 0.042259 0.048797 0.5019 0.5019 0.5019
v 0.034504 0.034504 0.048797 0.5019 0.5019 0.5019
v 0.042259 0.024398 0.048797 0.5019 0.5019 0.5019
v 0.047134 0.012630 0.048797 0.5019 0.5019 0.5019
v 0.048797 0.000000 0.048797 0.5019 0.5019 0.5019
v 0.052883 -0.014170 0.042010 0.5019 0.5019 0.5019
v 0.047413 -0.027374 0.042010 0.5019 0.5019 0.5019
v 0.038713 -0.038713 0.042010 0.5019 0.5019 0.5019
v 0.027374 -0.047413 0.042010 0.5019 0.5019 0.5019
v 0.014170 -0.052883 0.042010 0.5019 0.5019 0.5019
v 0.000000 -0.054748 0.042010 0.5019 0.5019 0.5019
v -0.000000 0.054748 0.042010 0.5019 0.5019 0.5019
v 0.014170 0.052883 0.042010 0.5019 0.5019 0.5019
v 0.027374 0.047413 0.042010 0.5019 0.5019 0.5019
v 0.038713 0.038713 0.042010 0.5019 0.5019 0.5019
v 0.047413 0.027374 0.042010 0.5019 0.5019 0.5019
v 0.052883 0.014170 0.042010 0.5019 0.5019 0.5019
v 0.054748 0.000000 0.042010 0.5019 0.5019 0.5019
v 0.057727 -0.015468 0.034504 0.5019 0.5019 0.5019
v 0.051757 -0.029882 0.034504 0.5019 0.5019 0.5019
v 0.042259 -0.042259 0.034504 0.5019 0.5019 0.5019
v 0.029882 -0.051757 0.034504 0.5019 0.5019 0.5019
v 0.015468 -0.057727 0.034504 0.5019 0.5019 0.5019
v 0.000000 -0.059763 0.034504 0.5019 0.5019 0.5019
v -0.000000 0.059763 0.034504 0.5019 0.5019 0.5019
v 0.015468 0.057727 0.034504 0.5019 0.5019 0.5019
v 0.029882 0.051757 0.034504 0.5019 0.5019 0.5019
v 0.042259 0.042259 0.034504 0.5019 0.5019 0.5019
v 0.051757 0.029882 0.034504 0.5019 0.5019 0.5019
v 0.057727 0.015468 0.034504 0.5019 0.5019 0.5019
v 0.059763 0.000000 0.034504 0.5019 0.5019 0.5019
v 0.061584 -0.016501 0.026409 0.5019 0.5019 0.5019
v 0.055214 -0.031878 0.026409 0.5019 0.5019 0.5019
v 0.045082 -0.045082 0.026409 0.5019 0.5019 0.5019
v 0.031878 -0.055214 0.026409 0.5019 0.5019 0.5019
v 0.016501 -0.061584 0.026409 0.5019 0.5019 0.5019
v 0.000000 -0.063756 0.026409 0.5019 0.5019 0.5019
v -0.000000 0.063756 0.026409 0.5019 0.5019 0.5019
v 0.016501 0.061584 0.026409 0.5019 0.5019 0.5019
v 0.031878 0.055214 0.026409 0.5019 0.5019 0.5019
v 0.045082 0.045082 0.026409 0.5019 0.5019 0.5019
v 0.055214 0.031878 0.026409 0.5019 0.5019 0.5019
v 0.061584 0.016501 0.026409 0.5019 0.5019 0.5019
v 0.063756 0.000000 0.026409 0.5019 0.5019 0.5019
v 0.064386 -0.017252 0.017861 0.5019 0.5019 0.5019
v 0.057727 -0.033329 0.017861 0.5019 0.5019 0.5019
v 0.047134 -0.047134 0.017861 0.5019 0.5019 0.5019
v 0.033329 -0.057727 0.017861 0.5019 0.5019 0.5019
v 0.017252 -0.064386 0.017861 0.5019 0.5019 0.5019
v 0.000000 -0.066657 0.017861 0.5019 0.5019 0.5019
v -0.000000 0.066657 0.017861 0.5019 0.5019 0.5019
v 0.017252 0.064386 0.017861 0.5019 0.5019 0.5019
v 0.033329 0.057727 0.017861 0.5019 0.5019 0.5019
v 0.047134 0.047134 0.017861 0.5019 0.5019 0.5019
v 0.057727 0.033329 0.017861 0.5019 0.5019 0.5019
v 0.064386 0.017252 0.017861 0.5019 0.5019 0.5019
v 0.066657 0.000000 0.017861 0.5019 0.5019 0.5019
v 0.066087 -0.017708 0.009007 0.5019 0.5019 0.5019
v 0.059252 -0.034209 0.009007 0.5019 0.5019 0.5019
v 0.048379 -0.048379 0.009007 0.5019 0.5019 0.5019
v 0.034209 -0.059252 0.009007 0.5019 0.5019 0.5019
v 0.017708 -0.066087 0.009007 0.5019 0.5019 0.5019
v 0.000000 -0.068418 0.009007 0.5019 0.5019 0.5019
v -0.000000 0.068418 0.009007 0.5019 0.5019 0.5019
v 0.017708 0.066087 0.009007 0.5019 0.5019 0.5019
v 0.034209 0.059252 0.009007 0.5019 0.5019 0.5019
v 0.048379 0.048379 0.009007 0.5019 0.5019 0.5019
v 0.059252 0.034209 0.009007 0.5019 0.5019 0.5019
v 0.066087 0.017708 0.009007 0.5019 0.5019 0.5019
v 0.068418 0.000000 0.009007 0.5019 0.5019 0.5019
v 0.066657 -0.017861 -0.000000 0.5019 0.5019 0.5019
v 0.059763 -0.034504 -0.000000 0.5019 0.5019 0.5019
v 0.048797 -0.048797 -0.000000 0.5019 0.5019 0.5019
v 0.034504 -0.059763 -0.000000 0.5019 0.5019 0.5019
v 0.017861 -0.066657 -0.000000 0.5019 0.5019 0.5019
v 0.000000 -0.069009 0.000000 0.5019 0.5019 0.5019
v -0.000000 0.069009 -0.000000 0.5019 0.5019 0.5019
v 0.017861 0.066657 -0.000000 0.5019 0.5019 0.5019
v 0.034504 0.059763 -0.000000 0.5019 0.5019 0.5019
v 0.048797 0.048797 -0.000000 0.5019 0.5019 0.5019
v 0.059763 0.034504 -0.000000 0.5019 0.5019 0.5019
v 0.066657 0.017861 -0.000000 0.5019 0.5019 0.5019
v 0.069009 0.000000 -0.000000 0.5019 0.5019 0.5019
v 0.066087 -0.017708 -0.009008 0.5019 0.5019 0.5019
v 0.059252 -0.034209 -0.009008 0.5019 0.5019 0.5019
v 0.048379 -0.048379 -0.009008 0.5019 0.5019 0.5019
v 0.034209 -0.059252 -0.009008 0.5019 0.5019 0.5019
v 0.017708 -0.066087 -0.009008 0.5019 0.5019 0.5019
v 0.000000 -0.068418 -0.009007 0.5019 0.5019 0.5019
v -0.000000 0.068418 -0.009008 0.5019 0.5019 0.5019
v 0.017708 0.066087 -0.009008 0.5019 0.5019 0.5019
v 0.034209 0.059252 -0.009008 0.5019 0.5019 0.5019
v 0.048379 0.048379 -0.009008 0.5019 0.5019 0.5019
v 0.059252 0.034209 -0.009008 0.5019 0.5019 0.5019
v 0.066087 0.017708 -0.009008 0.5019 0.5019 0.5019
v 0.068418 0.000000 -0.009008 0.5019 0.5019 0.5019
v 0.064386 -0.017252 -0.017861 0.5019 0.5019 0.5019
v 0.057727 -0.033329 -0.017861 0.5019 0.5019 0.5019
v 0.047134 -0.047134 -0.017861 0.5019 0.5019 0.5019
v 0.033329 -0.057727 -0.017861 0.5019 0.5019 0.5019
v 0.017252 -0.064386 -0.017861 0.5019 0.5019 0.5019
v 0.000000 -0.066657 -0.017861 0.5019 0.5019 0.5019
v -0.000000 0.066657 -0.017861 0.5019 0.5019 0.5019
v 0.017252 0.064386 -0.017861 0.5019 0.5019 0.5019
v 0.033329 0.057727 -0.017861 0.5019 0.5019 0.5019
v 0.047134 0.047134 -0.017861 0.5019 0.5019 0.5019
v 0.057727 0.033329 -0.017861 0.5019 0.5019 0.5019
v 0.064386 0.017252 -0.017861 0.5019 0.5019 0.5019
v 0.066657 0.000000 -0.017861 0.5019 0.5019 0.5019
v 0.061584 -0.016501 -0.026409 0.5019 0.5019 0.5019
v 0.055214 -0.031878 -0.026409 0.5019 0.5019 0.5019
v 0.045082 -0.045082 -0.026409 0.5019 0.5019 0.5019
v 0.031878 -0.055214 -0.026409 0.5019 0.5019 0.5019
v 0.016501 -0.061584 -0.026409 0.5019 0.5019 0.5019
v 0.000000 -0.063756 -0.026409 0.5019 0.5019 0.5019
v -0.000000 0.063756 -0.026409 0.5019 0.5019 0.5019
v 0.016501 0.061584 -0.026409 0.5019 0.5019 0.5019
v 0.031878 0.055214 -0.026409 0.5019 0.5019 0.5019
v 0.045082 0.045082 -0.026409 0.5019 0.5019 0.5019
v 0.055214 0.031878 -0.026409 0.5019 0.5019 0.5019
v 0.061584 0.016501 -0.026409 0.5019 0.5019 0.5019
v 0.063756 0.000000 -0.026409 0.5019 0.5019 0.5019
v 0.057727 -0.015468 -0.034504 0.5019 0.5019 0.5019
v 0.051757 -0.029882 -0.034504 0.5019 0.5019 0.5019
v 0.042259 -0.042259 -0.034504 0.5019 0.5019 0.5019
v 0.029882 -0.051757 -0.034504 0.5019 0.5019 0.5019
v 0.015468 -0.057727 -0.034504 0.5019 0.5019 0.5019
v 0.000000 -0.059763 -0.034504 0.5019 0.5019 0.5019
v -0.000000 0.059763 -0.034504 0.5019 0.5019 0.5019
v 0.015468 0.057727 -0.034504 0.5019 0.5019 0.5019
v 0.029882 0.051757 -0.034504 0.5019 0.5019 0.5019
v 0.042259 0.042259 -0.034504 0.5019 0.5019 0.5019
v 0.051757 0.029882 -0.034504 0.5019 0.5019 0.5019
v 0.057727 0.015468 -0.034504 0.5019 0.5019 0.5019
v 0.059763 0.000000 -0.034504 0.5019 0.5019 0.5019
v 0.052883 -0.014170 -0.042010 0.5019 0.5019 0.5019
v 0.047413 -0.027374 -0.042010 0.5019 0.5019 0.5019
v 0.038713 -0.038713 -0.042010 0.5019 0.5019 0.5019
v 0.027374 -0.047413 -0.042010 0.5019 0.5019 0.5019
v 0.014170 -0.052883 -0.042010 0.5019 0.5019 0.5019
v 0.000000 -0.054748 -0.042010 0.5019 0.5019 0.5019
v -0.000000 0.054748 -0.042010 0.5019 0.5019 0.5019
v 0.014170 0.052883 -0.042010 0.5019 0.5019 0.5019
v 0.027374 0.047413 -0.042010 0.5019 0.5019 0.5019
v 0.038713 0.038713 -0.042010 0.5019 0.5019 0.5019
v 0.047413 0.027374 -0.042010 0.5019 0.5019 0.5019
v 0.052883 0.014170 -0.042010 0.5019 0.5019 0.5019
v 0.054748 0.000000 -0.042010 0.5019 0.5019 0.5019
v 0.047134 -0.012629 -0.048797 0.5019 0.5019 0.5019
v 0.042259 -0.024398 -0.048797 0.5019 0.5019 0.5019
v 0.034504 -0.034504 -0.048797 0.5019 0.5019 0.5019
v 0.024398 -0.042259 -0.048797 0.5019 0.5019 0.5019
v 0.012630 -0.047134 -0.048797 0.5019 0.5019 0.5019
v 0.000000 -0.048797 -0.048797 0.5019 0.5019 0.5019
v -0.000000 0.048797 -0.048797 0.5019 0.5019 0.5019
v 0.012629 0.047134 -0.048797 0.5019 0.5019 0.5019
v 0.024398 0.042259 -0.048797 0.5019 0.5019 0.5019
v 0.034504 0.034504 -0.048797 0.5019 0.5019 0.5019
v 0.042259 0.024398 -0.048797 0.5019 0.5019 0.5019
v 0.047134 0.012630 -0.048797 0.5019 0.5019 0.5019
v 0.048797 0.000000 -0.048797 0.5019 0.5019 0.5019
v 0.040579 -0.010873 -0.054748 0.5019 0.5019 0.5019
v 0.036382 -0.021005 -0.054748 0.5019 0.5019 0.5019
v 0.029706 -0.029706 -0.054748 0.5019 0.5019 0.5019
v 0.021005 -0.036382 -0.054748 0.5019 0.5019 0.5019
v 0.010873 -0.040579 -0.054748 0.5019 0.5019 0.5019
v 0.000000 -0.042010 -0.054748 0.5019 0.5019 0.5019
v -0.000000 0.042010 -0.054748 0.5019 0.5019 0.5019
v 0.010873 0.040579 -0.054748 0.5019 0.5019 0.5019
v 0.021005 0.036382 -0.054748 0.5019 0.5019 0.5019
v 0.029706 0.029706 -0.054748 0.5019 0.5019 0.5019
v 0.036382 0.021005 -0.054748 0.5019 0.5019 0.5019
v 0.040579 0.010873 -0.054748 0.5019 0.5019 0.5019
v 0.042010 -0.000000 -0.054748 0.5019 0.5019 0.5019
v 0.033329 -0.008930 -0.059763 0.5019 0.5019 0.5019
v 0.029882 -0.017252 -0.059763 0.5019 0.5019 0.5019
v 0.024398 -0.024398 -0.059763 0.5019 0.5019 0.5019
v 0.017252 -0.029882 -0.059763 0.5019 0.5019 0.5019
v 0.008930 -0.033329 -0.059763 0.5019 0.5019 0.5019
v 0.000000 -0.034504 -0.059763 0.5019 0.5019 0.5019
v -0.000000 0.034504 -0.059763 0.5019 0.5019 0.5019
v 0.008930 0.033329 -0.059763 0.5019 0.5019 0.5019
v 0.017252 0.029882 -0.059763 0.5019 0.5019 0.5019
v 0.024398 0.024398 -0.059763 0.5019 0.5019 0.5019
v 0.029882 0.017252 -0.059763 0.5019 0.5019 0.5019
v 0.033329 0.008930 -0.059763 0.5019 0.5019 0.5019
v 0.034504 -0.000000 -0.059763 0.5019 0.5019 0.5019
v 0.022180 -0.012806 -0.064027 0.5019 0.5019 0.5019
v 0.024739 -0.006629 -0.064027 0.5019 0.5019 0.5019
v 0.018110 -0.018110 -0.064027 0.5019 0.5019 0.5019
v 0.012806 -0.022180 -0.064027 0.5019 0.5019 0.5019
v 0.006629 -0.024739 -0.064027 0.5019 0.5019 0.5019
v -0.000000 -0.025612 -0.064027 0.5019 0.5019 0.5019
v 0.006629 0.024739 -0.064027 0.5019 0.5019 0.5019
v -0.000000 0.025612 -0.064027 0.5019 0.5019 0.5019
v 0.012806 0.022180 -0.064027 0.5019 0.5019 0.5019
v 0.018110 0.018110 -0.064027 0.5019 0.5019 0.5019
v 0.022180 0.012806 -0.064027 0.5019 0.5019 0.5019
v 0.024739 0.006629 -0.064027 0.5019 0.5019 0.5019
v 0.025612 -0.000000 -0.064027 0.5019 0.5019 0.5019
v 0.000000 0.000000 0.069009 0.5019 0.5019 0.5019
v 0.000000 0.000000 0.069009 0.5019 0.5019 0.5019
v 0.000000 0.000000 0.069009 0.5019 0.5019 0.5019
v 0.000000 0.000000 0.069009 0.5019 0.5019 0.5019
v 0.000000 0.000000 0.069009 0.5019 0.5019 0.5019
v 0.000000 0.000000 0.069009 0.5019 0.5019 0.5019
v -0.017252 -0.004623 0.066657 0.5019 0.5019 0.5019
v -0.007801 -0.004504 0.068418 0.5019 0.5019 0.5019
v -0.009007 0.000000 0.068418 0.5019 0.5019 0.5019
v -0.012629 -0.012629 0.066657 0.5019 0.5019 0.5019
v -0.004504 -0.007801 0.068418 0.5019 0.5019 0.5019
v -0.004623 -0.017252 0.066657 0.5019 0.5019 0.5019
v 0.000000 -0.009007 0.068418 0.5019 0.5019 0.5019
v 0.000000 0.009007 0.068418 0.5019 0.5019 0.5019
v -0.000000 0.017861 0.066657 0.5019 0.5019 0.5019
v -0.004623 0.017252 0.066657 0.5019 0.5019 0.5019
v -0.004504 0.007801 0.068418 0.5019 0.5019 0.5019
v -0.008930 0.015468 0.066657 0.5019 0.5019 0.5019
v -0.012630 0.012630 0.066657 0.5019 0.5019 0.5019
v -0.007801 0.004504 0.068418 0.5019 0.5019 0.5019
v -0.017252 0.004623 0.066657 0.5019 0.5019 0.5019
v -0.025509 -0.006835 0.063756 0.5019 0.5019 0.5019
v -0.015468 -0.008930 0.066657 0.5019 0.5019 0.5019
v -0.022870 -0.013204 0.063756 0.5019 0.5019 0.5019
v -0.018674 -0.018674 0.063756 0.5019 0.5019 0.5019
v -0.008930 -0.015468 0.066657 0.5019 0.5019 0.5019
v -0.013204 -0.022870 0.063756 0.5019 0.5019 0.5019
v -0.006835 -0.025509 0.063756 0.5019 0.5019 0.5019
v 0.000000 -0.017861 0.066657 0.5019 0.5019 0.5019
v 0.000000 -0.026409 0.063756 0.5019 0.5019 0.5019
v -0.000000 0.026409 0.063756 0.5019 0.5019 0.5019
v -0.006835 0.025509 0.063756 0.5019 0.5019 0.5019
v -0.013204 0.022870 0.063756 0.5019 0.5019 0.5019
v -0.018674 0.018674 0.063756 0.5019 0.5019 0.5019
v -0.015468 0.008930 0.066657 0.5019 0.5019 0.5019
v -0.022870 0.013204 0.063756 0.5019 0.5019 0.5019
v -0.025509 0.006835 0.063756 0.5019 0.5019 0.5019
v -0.017861 0.000000 0.066657 0.5019 0.5019 0.5019
v -0.026409 0.000000 0.063756 0.5019 0.5019 0.5019
v -0.033329 -0.008930 0.059763 0.5019 0.5019 0.5019
v -0.029882 -0.017252 0.059763 0.5019 0.5019 0.5019
v -0.024398 -0.024398 0.059763 0.5019 0.5019 0.5019
v -0.017252 -0.029882 0.059763 0.5019 0.5019 0.5019
v -0.008930 -0.033329 0.059763 0.5019 0.5019 0.5019
v 0.000000 -0.034504 0.059763 0.5019 0.5019 0.5019
v -0.000000 0.034504 0.059763 0.5019 0.5019 0.5019
v -0.008930 0.033329 0.059763 0.5019 0.5019 0.5019
v -0.017252 0.029882 0.059763 0.5019 0.5019 0.5019
v -0.024398 0.024398 0.059763 0.5019 0.5019 0.5019
v -0.029882 0.017252 0.059763 0.5019 0.5019 0.5019
v -0.033329 0.008930 0.059763 0.5019 0.5019 0.5019
v -0.034504 -0.000000 0.059763 0.5019 0.5019 0.5019
v -0.040579 -0.010873 0.054748 0.5019 0.5019 0.5019
v -0.036382 -0.021005 0.054748 0.5019 0.5019 0.5019
v -0.029706 -0.029706 0.054748 0.5019 0.5019 0.5019
v -0.021005 -0.036382 0.054748 0.5019 0.5019 0.5019
v -0.010873 -0.040579 0.054748 0.5019 0.5019 0.5019
v 0.000000 -0.042010 0.054748 0.5019 0.5019 0.5019
v -0.000000 0.042010 0.054748 0.5019 0.5019 0.5019
v -0.010873 0.040579 0.054748 0.5019 0.5019 0.5019
v -0.021005 0.036382 0.054748 0.5019 0.5019 0.5019
v -0.029706 0.029706 0.054748 0.5019 0.5019 0.5019
v -0.036382 0.021005 0.054748 0.5019 0.5019 0.5019
v -0.040579 0.010873 0.054748 0.5019 0.5019 0.5019
v -0.042010 -0.000000 0.054748 0.5019 0.5019 0.5019
v -0.047134 -0.012629 0.048797 0.5019 0.5019 0.5019
v -0.042259 -0.024398 0.048797 0.5019 0.5019 0.5019
v -0.034504 -0.034504 0.048797 0.5019 0.5019 0.5019
v -0.024398 -0.042259 0.048797 0.5019 0.5019 0.5019
v -0.012630 -0.047134 0.048797 0.5019 0.5019 0.5019
v 0.000000 -0.048797 0.048797 0.5019 0.5019 0.5019
v -0.000000 0.048797 0.048797 0.5019 0.5019 0.5019
v -0.012630 0.047134 0.048797 0.5019 0.5019 0.5019
v -0.024398 0.042259 0.048797 0.5019 0.5019 0.5019
v -0.034504 0.034504 0.048797 0.5019 0.5019 0.5019
v -0.042259 0.024398 0.048797 0.5019 0.5019 0.5019
v -0.047134 0.012630 0.048797 0.5019 0.5019 0.5019
v -0.048797 -0.000000 0.048797 0.5019 0.5019 0.5019
v -0.052883 -0.014170 0.042010 0.5019 0.5019 0.5019
v -0.047413 -0.027374 0.042010 0.5019 0.5019 0.5019
v -0.038713 -0.038713 0.042010 0.5019 0.5019 0.5019
v -0.027374 -0.047413 0.042010 0.5019 0.5019 0.5019
v -0.014170 -0.052883 0.042010 0.5019 0.5019 0.5019
v 0.000000 -0.054748 0.042010 0.5019 0.5019 0.5019
v -0.000000 0.054748 0.042010 0.5019 0.5019 0.5019
v -0.014170 0.052883 0.042010 0.5019 0.5019 0.5019
v -0.027374 0.047413 0.042010 0.5019 0.5019 0.5019
v -0.038713 0.038713 0.042010 0.5019 0.5019 0.5019
v -0.047413 0.027374 0.042010 0.5019 0.5019 0.5019
v -0.052883 0.014170 0.042010 0.5019 0.5019 0.5019
v -0.054748 -0.000000 0.042010 0.5019 0.5019 0.5019
v -0.057727 -0.015468 0.034504 0.5019 0.5019 0.5019
v -0.051757 -0.029882 0.034504 0.5019 0.5019 0.5019
v -0.042259 -0.042259 0.034504 0.5019 0.5019 0.5019
v -0.029882 -0.051757 0.034504 0.5019 0.5019 0.5019
v -0.015468 -0.057727 0.034504 0.5019 0.5019 0.5019
v 0.000000 -0.059763 0.034504 0.5019 0.5019 0.5019
v -0.000000 0.059763 0.034504 0.5019 0.5019 0.5019
v -0.015468 0.057727 0.034504 0.5019 0.5019 0.5019
v -0.029882 0.051757 0.034504 0.5019 0.5019 0.5019
v -0.042259 0.042259 0.034504 0.5019 0.5019 0.5019
v -0.051757 0.029882 0.034504 0.5019 0.5019 0.5019
v -0.057727 0.015468 0.034504 0.5019 0.5019 0.5019
v -0.059763 -0.000000 0.034504 0.5019 0.5019 0.5019
v -0.061584 -0.016501 0.026409 0.5019 0.5019 0.5019
v -0.055214 -0.031878 0.026409 0.5019 0.5019 0.5019
v -0.045082 -0.045082 0.026409 0.5019 0.5019 0.5019
v -0.031878 -0.055214 0.026409 0.5019 0.5019 0.5019
v -0.016501 -0.061584 0.026409 0.5019 0.5019 0.5019
v 0.000000 -0.063756 0.026409 0.5019 0.5019 0.5019
v -0.000000 0.063756 0.026409 0.5019 0.5019 0.5019
v -0.016501 0.061584 0.026409 0.5019 0.5019 0.5019
v -0.031878 0.055214 0.026409 0.5019 0.5019 0.5019
v -0.045082 0.045082 0.026409 0.5019 0.5019 0.5019
v -0.055214 0.031878 0.026409 0.5019 0.5019 0.5019
v -0.061584 0.016501 0.026409 0.5019 0.5019 0.5019
v -0.063756 -0.000000 0.026409 0.5019 0.5019 0.5019
v -0.064386 -0.017252 0.017861 0.5019 0.5019 0.5019
v -0.057727 -0.033329 0.017861 0.5019 0.5019 0.5019
v -0.047134 -0.047134 0.017861 0.5019 0.5019 0.5019
v -0.033329 -0.057727 0.017861 0.5019 0.5019 0.5019
v -0.017252 -0.064386 0.017861 0.5019 0.5019 0.5019
v 0.000000 -0.066657 0.017861 0.5019 0.5019 0.5019
v -0.000000 0.066657 0.017861 0.5019 0.5019 0.5019
v -0.017252 0.064386 0.017861 0.5019 0.5019 0.5019
v -0.033329 0.057727 0.017861 0.5019 0.5019 0.5019
v -0.047134 0.047134 0.017861 0.5019 0.5019 0.5019
v -0.057727 0.033329 0.017861 0.5019 0.5019 0.5019
v -0.064386 0.017252 0.017861 0.5019 0.5019 0.5019
v -0.066657 -0.000000 0.017861 0.5019 0.5019 0.5019
v -0.066087 -0.017708 0.009007 0.5019 0.5019 0.5019
v -0.059252 -0.034209 0.009007 0.5019 0.5019 0.5019
v -0.048379 -0.048379 0.009007 0.5019 0.5019 0.5019
v -0.034209 -0.059252 0.009007 0.5019 0.5019 0.5019
v -0.017708 -0.066087 0.009007 0.5019 0.5019 0.5019
v 0.000000 -0.068418 0.009007 0.5019 0.5019 0.5019
v -0.000000 0.068418 0.009007 0.5019 0.5019 0.5019
v -0.017708 0.066087 0.009007 0.5019 0.5019 0.5019
v -0.034209 0.059252 0.009007 0.5019 0.5019 0.5019
v -0.048379 0.048379 0.009007 0.5019 0.5019 0.5019
v -0.059252 0.034209 0.009007 0.5019 0.5019 0.5019
v -0.066087 0.017708 0.009007 0.5019 0.5019 0.5019
v -0.068418 -0.000000 0.009007 0.5019 0.5019 0.5019
v -0.066657 -0.017861 -0.000000 0.5019 0.5019 0.5019
v -0.059763 -0.034504 0.000000 0.5019 0.5019 0.5019
v -0.048797 -0.048797 0.000000 0.5019 0.5019 0.5019
v -0.034504 -0.059763 0.000000 0.5019 0.5019 0.5019
v -0.017861 -0.066657 0.000000 0.5019 0.5019 0.5019
v 0.000000 -0.069009 0.000000 0.5019 0.5019 0.5019
v -0.000000 0.069009 -0.000000 0.5019 0.5019 0.5019
v -0.017861 0.066657 -0.000000 0.5019 0.5019 0.5019
v -0.034504 0.059763 -0.000000 0.5019 0.5019 0.5019
v -0.048797 0.048797 -0.000000 0.5019 0.5019 0.5019
v -0.059763 0.034504 -0.000000 0.5019 0.5019 0.5019
v -0.066657 0.017861 -0.000000 0.5019 0.5019 0.5019
v -0.069009 -0.000000 -0.000000 0.5019 0.5019 0.5019
v -0.066087 -0.017708 -0.009008 0.5019 0.5019 0.5019
v -0.059252 -0.034209 -0.009007 0.5019 0.5019 0.5019
v -0.048379 -0.048379 -0.009007 0.5019 0.5019 0.5019
v -0.034209 -0.059252 -0.009007 0.5019 0.5019 0.5019
v -0.017708 -0.066087 -0.009007 0.5019 0.5019 0.5019
v 0.000000 -0.068418 -0.009007 0.5019 0.5019 0.5019
v -0.000000 0.068418 -0.009008 0.5019 0.5019 0.5019
v -0.017708 0.066087 -0.009008 0.5019 0.5019 0.5019
v -0.034209 0.059252 -0.009008 0.5019 0.5019 0.5019
v -0.048379 0.048379 -0.009008 0.5019 0.5019 0.5019
v -0.059252 0.034209 -0.009008 0.5019 0.5019 0.5019
v -0.066087 0.017708 -0.009008 0.5019 0.5019 0.5019
v -0.068418 -0.000000 -0.009008 0.5019 0.5019 0.5019
v -0.064386 -0.017252 -0.017861 0.5019 0.5019 0.5019
v -0.057727 -0.033329 -0.017861 0.5019 0.5019 0.5019
v -0.047134 -0.047134 -0.017861 0.5019 0.5019 0.5019
v -0.033329 -0.057727 -0.017861 0.5019 0.5019 0.5019
v -0.017252 -0.064386 -0.017861 0.5019 0.5019 0.5019
v 0.000000 -0.066657 -0.017861 0.5019 0.5019 0.5019
v -0.000000 0.066657 -0.017861 0.5019 0.5019 0.5019
v -0.017252 0.064386 -0.017861 0.5019 0.5019 0.5019
v -0.033329 0.057727 -0.017861 0.5019 0.5019 0.5019
v -0.047134 0.047134 -0.017861 0.5019 0.5019 0.5019
v -0.057727 0.033329 -0.017861 0.5019 0.5019 0.5019
v -0.064386 0.017252 -0.017861 0.5019 0.5019 0.5019
v -0.066657 -0.000000 -0.017861 0.5019 0.5019 0.5019
v -0.061584 -0.016501 -0.026409 0.5019 0.5019 0.5019
v -0.055214 -0.031878 -0.026409 0.5019 0.5019 0.5019
v -0.045082 -0.045082 -0.026409 0.5019 0.5019 0.5019
v -0.031878 -0.055214 -0.026409 0.5019 0.5019 0.5019
v -0.016501 -0.061584 -0.026409 0.5019 0.5019 0.5019
v 0.000000 -0.063756 -0.026409 0.5019 0.5019 0.5019
v -0.000000 0.063756 -0.026409 0.5019 0.5019 0.5019
v -0.016501 0.061584 -0.026409 0.5019 0.5019 0.5019
v -0.031878 0.055214 -0.026409 0.5019 0.5019 0.5019
v -0.045082 0.045082 -0.026409 0.5019 0.5019 0.5019
v -0.055214 0.031878 -0.026409 0.5019 0.5019 0.5019
v -0.061584 0.016501 -0.026409 0.5019 0.5019 0.5019
v -0.063756 -0.000000 -0.026409 0.5019 0.5019 0.5019
v -0.057727 -0.015468 -0.034504 0.5019 0.5019 0.5019
v -0.051757 -0.029882 -0.034504 0.5019 0.5019 0.5019
v -0.042259 -0.042259 -0.034504 0.5019 0.5019 0.5019
v -0.029882 -0.051757 -0.034504 0.5019 0.5019 0.5019
v -0.015468 -0.057727 -0.034504 0.5019 0.5019 0.5019
v 0.000000 -0.059763 -0.034504 0.5019 0.5019 0.5019
v -0.000000 0.059763 -0.034504 0.5019 0.5019 0.5019
v -0.015468 0.057727 -0.034504 0.5019 0.5019 0.5019
v -0.029882 0.051757 -0.034504 0.5019 0.5019 0.5019
v -0.042259 0.042259 -0.034504 0.5019 0.5019 0.5019
v -0.051757 0.029882 -0.034504 0.5019 0.5019 0.5019
v -0.057727 0.015468 -0.034504 0.5019 0.5019 0.5019
v -0.059763 -0.000000 -0.034504 0.5019 0.5019 0.5019
v -0.052883 -0.014170 -0.042010 0.5019 0.5019 0.5019
v -0.047413 -0.027374 -0.042010 0.5019 0.5019 0.5019
v -0.038713 -0.038713 -0.042010 0.5019 0.5019 0.5019
v -0.027374 -0.047413 -0.042010 0.5019 0.5019 0.5019
v -0.014170 -0.052883 -0.042010 0.5019 0.5019 0.5019
v 0.000000 -0.054748 -0.042010 0.5019 0.5019 0.5019
v -0.000000 0.054748 -0.042010 0.5019 0.5019 0.5019
v -0.014170 0.052883 -0.042010 0.5019 0.5019 0.5019
v -0.027374 0.047413 -0.042010 0.5019 0.5019 0.5019
v -0.038713 0.038713 -0.042010 0.5019 0.5019 0.5019
v -0.047413 0.027374 -0.042010 0.5019 0.5019 0.5019
v -0.052883 0.014170 -0.042010 0.5019 0.5019 0.5019
v -0.054748 -0.000000 -0.042010 0.5019 0.5019 0.5019
v -0.047134 -0.012630 -0.048797 0.5019 0.5019 0.5019
v -0.042259 -0.024398 -0.048797 0.5019 0.5019 0.5019
v -0.034504 -0.034504 -0.048797 0.5019 0.5019 0.5019
v -0.024398 -0.042259 -0.048797 0.5019 0.5019 0.5019
v -0.012630 -0.047134 -0.048797 0.5019 0.5019 0.5019
v 0.000000 -0.048797 -0.048797 0.5019 0.5019 0.5019
v -0.000000 0.048797 -0.048797 0.5019 0.5019 0.5019
v -0.012630 0.047134 -0.048797 0.5019 0.5019 0.5019
v -0.024398 0.042259 -0.048797 0.5019 0.5019 0.5019
v -0.034504 0.034504 -0.048797 0.5019 0.5019 0.5019
v -0.042259 0.024398 -0.048797 0.5019 0.5019 0.5019
v -0.047134 0.012629 -0.048797 0.5019 0.5019 0.5019
v -0.048797 -0.000000 -0.048797 0.5019 0.5019 0.5019
v -0.040579 -0.010873 -0.054748 0.5019 0.5019 0.5019
v -0.036382 -0.021005 -0.054748 0.5019 0.5019 0.5019
v -0.029706 -0.029706 -0.054748 0.5019 0.5019 0.5019
v -0.021005 -0.036382 -0.054748 0.5019 0.5019 0.5019
v -0.010873 -0.040579 -0.054748 0.5019 0.5019 0.5019
v 0.000000 -0.042010 -0.054748 0.5019 0.5019 0.5019
v -0.000000 0.042010 -0.054748 0.5019 0.5019 0.5019
v -0.010873 0.040579 -0.054748 0.5019 0.5019 0.5019
v -0.021005 0.036382 -0.054748 0.5019 0.5019 0.5019
v -0.029706 0.029706 -0.054748 0.5019 0.5019 0.5019
v -0.036382 0.021005 -0.054748 0.5019 0.5019 0.5019
v -0.040579 0.010873 -0.054748 0.5019 0.5019 0.5019
v -0.042010 -0.000000 -0.054748 0.5019 0.5019 0.5019
v -0.033329 -0.008930 -0.059763 0.5019 0.5019 0.5019
v -0.029882 -0.017252 -0.059763 0.5019 0.5019 0.5019
v -0.024398 -0.024398 -0.059763 0.5019 0.5019 0.5019
v -0.017252 -0.029882 -0.059763 0.5019 0.5019 0.5019
v -0.008930 -0.033329 -0.059763 0.5019 0.5019 0.5019
v 0.000000 -0.034504 -0.059763 0.5019 0.5019 0.5019
v -0.000000 0.034504 -0.059763 0.5019 0.5019 0.5019
v -0.008930 0.033329 -0.059763 0.5019 0.5019 0.5019
v -0.017252 0.029882 -0.059763 0.5019 0.5019 0.5019
v -0.024398 0.024398 -0.059763 0.5019 0.5019 0.5019
v -0.029882 0.017252 -0.059763 0.5019 0.5019 0.5019
v -0.033329 0.008930 -0.059763 0.5019 0.5019 0.5019
v -0.034504 -0.000000 -0.059763 0.5019 0.5019 0.5019
v -0.022180 -0.012806 -0.064027 0.5019 0.5019 0.5019
v -0.024739 -0.006629 -0.064027 0.5019 0.5019 0.5019
v -0.018110 -0.018110 -0.064027 0.5019 0.5019 0.5019
v -0.012806 -0.022180 -0.064027 0.5019 0.5019 0.5019
v -0.006629 -0.024739 -0.064027 0.5019 0.5019 0.5019
v -0.000000 -0.025612 -0.064027 0.5019 0.5019 0.5019
v -0.006629 0.024739 -0.064027 0.5019 0.5019 0.5019
v -0.000000 0.025612 -0.064027 0.5019 0.5019 0.5019
v -0.012806 0.022180 -0.064027 0.5019 0.5019 0.5019
v -0.018110 0.018110 -0.064027 0.5019 0.5019 0.5019
v -0.022180 0.012806 -0.064027 0.5019 0.5019 0.5019
v -0.024739 0.006629 -0.064027 0.5019 0.5019 0.5019
v -0.025612 -0.000000 -0.064027 0.5019 0.5019 0.5019
v 0.000000 0.000000 0.069009 0.5019 0.5019 0.5019
v 0.000000 0.000000 0.069009 0.5019 0.5019 0.5019
v 0.000000 0.000000 0.069009 0.5019 0.5019 0.5019
v 0.000000 0.000000 0.069009 0.5019 0.5019 0.5019
v 0.000000 0.000000 0.069009 0.5019 0.5019 0.5019
v 0.000000 0.000000 0.069009 0.5019 0.5019 0.5019
vn 0.2794 -0.0748 0.9573
vn 0.1374 -0.0000 0.9905
vn 0.1190 -0.0687 0.9905
vn 0.3967 -0.0000 0.9180
vn 0.3833 -0.1027 0.9179
vn 0.2896 -0.0000 0.9572
vn 0.2507 -0.1448 0.9572
vn 0.2794 0.0748 0.9573
vn 0.1189 0.0687 0.9905
vn -0.0000 -0.0000 1.0000
vn 0.2045 -0.2045 0.9573
vn 0.0687 -0.1190 0.9905
vn 0.0001 -0.0000 1.0000
vn 0.3437 -0.1983 0.9179
vn 0.5103 -0.0000 0.8600
vn 0.4930 -0.1321 0.8600
vn 0.4930 0.1321 0.8600
vn 0.3832 0.1027 0.9179
vn 0.3437 0.1983 0.9179
vn 0.2507 0.1448 0.9572
vn 0.2045 0.2045 0.9573
vn 0.0687 0.1190 0.9905
vn 0.0001 0.0001 1.0000
vn 0.2804 0.2804 0.9180
vn 0.4420 0.2552 0.8600
vn 0.3609 0.3609 0.8600
vn 0.5954 0.1596 0.7874
vn 0.5338 0.3082 0.7874
vn 0.6164 -0.0000 0.7874
vn 0.5954 -0.1596 0.7874
vn 0.4420 -0.2552 0.8600
vn 0.2804 -0.2804 0.9180
vn 0.1448 -0.2507 0.9572
vn 0.0748 -0.2794 0.9573
vn 0.0001 -0.1375 0.9905
vn 0.1983 -0.3437 0.9179
vn 0.3609 -0.3609 0.8600
vn 0.5339 -0.3082 0.7874
vn 0.7127 -0.0000 0.7015
vn 0.6886 -0.1845 0.7013
vn 0.6886 0.1845 0.7013
vn 0.6174 0.3563 0.7014
vn 0.5040 0.5040 0.7014
vn 0.4359 0.4359 0.7874
vn 0.3082 0.5338 0.7874
vn 0.2552 0.4420 0.8600
vn 0.1983 0.3437 0.9179
vn 0.1448 0.2507 0.9572
vn 0.1321 0.4930 0.8600
vn 0.1027 0.3833 0.9179
vn 0.1596 0.5954 0.7874
vn 0.3563 0.6173 0.7014
vn 0.1845 0.6886 0.7013
vn 0.5638 0.5638 0.6035
vn 0.3986 0.6907 0.6033
vn 0.6907 0.3986 0.6033
vn 0.7704 0.2064 0.6033
vn 0.7974 -0.0000 0.6035
vn 0.7704 -0.2064 0.6033
vn 0.6173 -0.3563 0.7014
vn 0.4359 -0.4359 0.7874
vn 0.2552 -0.4420 0.8600
vn 0.1027 -0.3832 0.9179
vn 0.1321 -0.4930 0.8600
vn 0.3082 -0.5338 0.7874
vn 0.5040 -0.5040 0.7014
vn 0.6907 -0.3986 0.6033
vn 0.8686 -0.0000 0.4955
vn 0.8391 -0.2248 0.4954
vn 0.8390 0.2248 0.4954
vn 0.7522 0.4342 0.4956
vn 0.6141 0.6141 0.4956
vn 0.4342 0.7522 0.4956
vn 0.2248 0.8390 0.4955
vn 0.2064 0.7703 0.6033
vn -0.0000 0.7974 0.6034
vn -0.0000 0.7127 0.7015
vn 0.0001 0.6164 0.7874
vn 0.0001 0.5103 0.8600
vn 0.0001 0.3967 0.9180
vn 0.0749 0.2794 0.9573
vn -0.0000 0.2896 0.9572
vn 0.0001 0.1375 0.9905
vn 0.0001 0.8686 0.4956
vn 0.2395 0.8939 0.3790
vn 0.0001 0.9254 0.3790
vn 0.4627 0.8014 0.3790
vn 0.6544 0.6544 0.3790
vn 0.8014 0.4627 0.3790
vn 0.8939 0.2395 0.3790
vn 0.9254 -0.0000 0.3790
vn 0.8939 -0.2395 0.3790
vn 0.7522 -0.4342 0.4956
vn 0.9666 -0.0000 0.2563
vn 0.9337 0.2500 0.2561
vn 0.8371 0.4833 0.2562
vn 0.6835 0.6835 0.2563
vn 0.4833 0.8371 0.2562
vn 0.2500 0.9337 0.2561
vn 0.0001 0.9666 0.2562
vn 0.2567 0.9578 0.1294
vn 0.0001 0.9916 0.1292
vn 0.4958 0.8587 0.1294
vn 0.7012 0.7012 0.1294
vn 0.8588 0.4958 0.1292
vn 0.9578 0.2567 0.1294
vn 0.9337 -0.2500 0.2562
vn 0.9916 -0.0000 0.1292
vn 0.8014 -0.4627 0.3790
vn 0.6141 -0.6141 0.4957
vn 0.5639 -0.5639 0.6034
vn 0.6544 -0.6544 0.3790
vn 0.8371 -0.4833 0.2562
vn 0.9578 -0.2567 0.1294
vn 1.0000 -0.0000 -0.0000
vn 0.9659 0.2588 -0.0000
vn 0.8660 0.5000 -0.0000
vn 0.7071 0.7071 -0.0000
vn 0.5000 0.8660 -0.0000
vn 0.2588 0.9659 -0.0000
vn 0.0001 1.0000 -0.0000
vn 0.2567 0.9578 -0.1295
vn 0.0001 0.9916 -0.1292
vn 0.4958 0.8587 -0.1294
vn 0.7012 0.7012 -0.1294
vn 0.8587 0.4958 -0.1294
vn 0.9578 0.2567 -0.1292
vn 0.9659 -0.2588 -0.0000
vn 0.9916 -0.0000 -0.1292
vn 0.8587 -0.4958 0.1294
vn 0.6835 -0.6835 0.2563
vn 0.4627 -0.8014 0.3790
vn 0.4342 -0.7522 0.4956
vn 0.3986 -0.6907 0.6033
vn 0.3563 -0.6173 0.7014
vn 0.2064 -0.7703 0.6033
vn 0.1845 -0.6886 0.7013
vn 0.2248 -0.8390 0.4955
vn 0.2395 -0.8939 0.3790
vn 0.4833 -0.8371 0.2562
vn 0.7012 -0.7012 0.1292
vn 0.8660 -0.5000 -0.0000
vn 0.9578 -0.2567 -0.1294
vn 0.9666 -0.0000 -0.2562
vn 0.9337 0.2500 -0.2561
vn 0.8371 0.4833 -0.2562
vn 0.6835 0.6835 -0.2563
vn 0.4833 0.8371 -0.2562
vn 0.2500 0.9337 -0.2561
vn 0.0001 0.9666 -0.2562
vn 0.2395 0.8939 -0.3790
vn 0.0001 0.9254 -0.3790
vn 0.4627 0.8014 -0.3790
vn 0.6544 0.6544 -0.3790
vn 0.8014 0.4627 -0.3790
vn 0.8939 0.2395 -0.3790
vn 0.9337 -0.2500 -0.2562
vn 0.9254 -0.0000 -0.3790
vn 0.8588 -0.4958 -0.1292
vn 0.7071 -0.7071 -0.0000
vn 0.4958 -0.8588 0.1292
vn 0.2500 -0.9337 0.2562
vn 0.0001 -0.9254 0.3790
vn 0.0001 -0.8686 0.4956
vn -0.0000 -0.7974 0.6034
vn -0.0000 -0.7127 0.7015
vn -0.0000 -0.6164 0.7874
vn 0.1596 -0.5954 0.7874
vn -0.0000 -0.5103 0.8600
vn 0.0001 -0.3967 0.9180
vn -0.0000 -0.2896 0.9572
vn 0.0001 -0.9666 0.2562
vn 0.2567 -0.9578 0.1292
vn 0.5000 -0.8660 -0.0000
vn 0.7012 -0.7012 -0.1294
vn 0.8371 -0.4833 -0.2563
vn 0.8939 -0.2395 -0.3790
vn 0.6835 -0.6835 -0.2564
vn 0.8014 -0.4627 -0.3790
vn 0.4958 -0.8588 -0.1292
vn 0.2588 -0.9659 -0.0000
vn 0.0001 -0.9916 0.1292
vn 0.0001 -1.0000 -0.0000
vn 0.2567 -0.9578 -0.1294
vn 0.4833 -0.8371 -0.2562
vn 0.6544 -0.6544 -0.3790
vn 0.7522 -0.4342 -0.4956
vn 0.8390 -0.2248 -0.4955
vn 0.8686 -0.0000 -0.4956
vn 0.7974 -0.0000 -0.6035
vn 0.7704 -0.2064 -0.6033
vn 0.6141 -0.6141 -0.4957
vn 0.6907 -0.3986 -0.6033
vn 0.4627 -0.8014 -0.3790
vn 0.2500 -0.9337 -0.2561
vn 0.0001 -0.9916 -0.1292
vn 0.0001 -0.9666 -0.2562
vn 0.2395 -0.8939 -0.3790
vn 0.4342 -0.7522 -0.4956
vn 0.5638 -0.5638 -0.6035
vn 0.6174 -0.3563 -0.7014
vn 0.6886 -0.1845 -0.7013
vn 0.7127 -0.0000 -0.7015
vn 0.6886 0.1845 -0.7013
vn 0.7704 0.2064 -0.6033
vn 0.8391 0.2248 -0.4954
vn 0.6907 0.3986 -0.6033
vn 0.7522 0.4342 -0.4956
vn 0.6174 0.3563 -0.7014
vn 0.5955 0.1596 -0.7874
vn 0.5338 0.3082 -0.7874
vn 0.6164 -0.0000 -0.7874
vn 0.5954 -0.1596 -0.7874
vn 0.5040 -0.5040 -0.7014
vn 0.5339 -0.3082 -0.7874
vn 0.3986 -0.6907 -0.6033
vn 0.2248 -0.8391 -0.4954
vn 0.0001 -0.9254 -0.3790
vn 0.0001 -0.8686 -0.4956
vn 0.2064 -0.7703 -0.6033
vn 0.3563 -0.6173 -0.7014
vn 0.4359 -0.4359 -0.7874
vn 0.4366 -0.2521 -0.8636
vn 0.4872 -0.1305 -0.8635
vn 0.5041 -0.0000 -0.8636
vn 0.4872 0.1305 -0.8635
vn 0.4367 0.2520 -0.8636
vn 0.3566 0.3566 -0.8636
vn 0.4359 0.4359 -0.7874
vn 0.5040 0.5040 -0.7014
vn 0.5638 0.5638 -0.6035
vn 0.6141 0.6141 -0.4957
vn 0.3563 0.6174 -0.7014
vn 0.3986 0.6907 -0.6033
vn 0.3082 0.5338 -0.7874
vn 0.2520 0.4367 -0.8636
vn 0.3744 0.2161 -0.9017
vn 0.3055 0.3055 -0.9019
vn 0.4176 0.1119 -0.9017
vn 0.4323 -0.0000 -0.9017
vn 0.4176 -0.1119 -0.9017
vn 0.3744 -0.2161 -0.9017
vn 0.3057 -0.3057 -0.9017
vn 0.3566 -0.3566 -0.8636
vn 0.3082 -0.5338 -0.7874
vn 0.1845 -0.6886 -0.7013
vn -0.0000 -0.7974 -0.6034
vn -0.0000 -0.7127 -0.7015
vn 0.1595 -0.5955 -0.7874
vn 0.2521 -0.4366 -0.8636
vn 0.2161 -0.3744 -0.9017
vn 0.1119 -0.4176 -0.9017
vn 0.1305 -0.4872 -0.8635
vn 0.0001 -0.6164 -0.7874
vn -0.0000 -0.4323 -0.9017
vn 0.0001 -0.5041 -0.8636
vn 0.2161 0.3744 -0.9017
vn 0.1305 0.4872 -0.8635
vn 0.1596 0.5954 -0.7874
vn 0.1845 0.6886 -0.7013
vn 0.2064 0.7703 -0.6033
vn 0.4342 0.7522 -0.4956
vn -0.0000 0.6164 -0.7874
vn 0.0001 0.7127 -0.7015
vn -0.0000 0.5041 -0.8636
vn 0.1119 0.4176 -0.9017
vn -0.0000 0.4323 -0.9017
vn -0.0000 0.7974 -0.6034
vn 0.2248 0.8390 -0.4955
vn 0.0001 0.8686 -0.4956
vn -0.2794 -0.0748 0.9573
vn -0.2507 -0.1448 0.9572
vn -0.1190 -0.0687 0.9905
vn -0.1374 -0.0000 0.9905
vn -0.2896 -0.0000 0.9572
vn -0.3967 -0.0000 0.9180
vn -0.3832 -0.1027 0.9179
vn -0.2045 -0.2045 0.9573
vn -0.3437 -0.1983 0.9179
vn -0.0687 -0.1190 0.9905
vn -0.2794 0.0748 0.9573
vn -0.1190 0.0687 0.9905
vn -0.3833 0.1027 0.9179
vn -0.5103 -0.0000 0.8600
vn -0.4930 0.1321 0.8600
vn -0.4930 -0.1321 0.8600
vn -0.4420 -0.2552 0.8600
vn -0.2804 -0.2804 0.9180
vn -0.1448 -0.2508 0.9572
vn -0.0748 -0.2794 0.9573
vn -0.0000 -0.1375 0.9905
vn -0.1983 -0.3437 0.9179
vn -0.3609 -0.3609 0.8600
vn -0.5339 -0.3082 0.7874
vn -0.5954 -0.1596 0.7874
vn -0.6164 -0.0000 0.7874
vn -0.5954 0.1596 0.7874
vn -0.5338 0.3082 0.7874
vn -0.4420 0.2552 0.8600
vn -0.3436 0.1984 0.9179
vn -0.2507 0.1448 0.9572
vn -0.2045 0.2045 0.9573
vn -0.0687 0.1190 0.9905
vn -0.0000 0.0001 1.0000
vn -0.2804 0.2804 0.9180
vn -0.3609 0.3609 0.8600
vn -0.4359 0.4359 0.7874
vn -0.6173 0.3563 0.7014
vn -0.5040 0.5040 0.7014
vn -0.6886 0.1845 0.7013
vn -0.7127 -0.0000 0.7015
vn -0.6886 -0.1845 0.7013
vn -0.6173 -0.3563 0.7014
vn -0.4359 -0.4359 0.7874
vn -0.2552 -0.4420 0.8600
vn -0.1027 -0.3832 0.9179
vn -0.1321 -0.4930 0.8600
vn -0.0000 -0.3967 0.9180
vn -0.3082 -0.5338 0.7874
vn -0.5040 -0.5040 0.7014
vn -0.6907 -0.3986 0.6033
vn -0.7703 -0.2064 0.6033
vn -0.7974 -0.0000 0.6035
vn -0.7703 0.2064 0.6033
vn -0.6907 0.3986 0.6033
vn -0.5638 0.5638 0.6035
vn -0.3986 0.6907 0.6033
vn -0.3563 0.6173 0.7014
vn -0.3082 0.5339 0.7874
vn -0.2552 0.4420 0.8600
vn -0.1984 0.3436 0.9179
vn -0.1596 0.5954 0.7874
vn -0.1321 0.4929 0.8600
vn -0.1845 0.6886 0.7013
vn -0.2064 0.7703 0.6033
vn -0.4342 0.7522 0.4956
vn -0.2248 0.8391 0.4954
vn -0.6141 0.6141 0.4957
vn -0.7522 0.4342 0.4956
vn -0.8390 0.2248 0.4955
vn -0.8686 -0.0000 0.4955
vn -0.8390 -0.2248 0.4955
vn -0.7522 -0.4342 0.4955
vn -0.5638 -0.5638 0.6035
vn -0.3563 -0.6173 0.7014
vn -0.1596 -0.5954 0.7874
vn -0.3986 -0.6907 0.6033
vn -0.1845 -0.6886 0.7013
vn -0.6141 -0.6141 0.4957
vn -0.8014 -0.4627 0.3790
vn -0.8939 -0.2395 0.3790
vn -0.9254 -0.0000 0.3790
vn -0.8939 0.2395 0.3790
vn -0.8014 0.4627 0.3790
vn -0.6544 0.6544 0.3790
vn -0.4627 0.8014 0.3790
vn -0.2395 0.8939 0.3790
vn -0.0000 0.9254 0.3790
vn -0.0000 0.8686 0.4956
vn -0.0000 0.6164 0.7874
vn -0.0000 0.5103 0.8600
vn -0.1027 0.3833 0.9179
vn -0.0000 0.3967 0.9180
vn -0.1448 0.2507 0.9572
vn -0.0749 0.2794 0.9573
vn -0.0000 0.1375 0.9905
vn -0.0000 0.9666 0.2562
vn -0.2500 0.9337 0.2562
vn -0.4833 0.8371 0.2562
vn -0.6835 0.6835 0.2563
vn -0.8371 0.4833 0.2562
vn -0.9337 0.2500 0.2562
vn -0.9666 -0.0000 0.2562
vn -0.9578 0.2567 0.1294
vn -0.8588 0.4958 0.1292
vn -0.7012 0.7012 0.1294
vn -0.4958 0.8587 0.1294
vn -0.2567 0.9578 0.1294
vn -0.0000 0.9916 0.1292
vn -0.2588 0.9659 -0.0000
vn -0.0000 1.0000 -0.0000
vn -0.5000 0.8660 -0.0000
vn -0.7071 0.7071 -0.0000
vn -0.8660 0.5000 -0.0000
vn -0.9659 0.2588 -0.0000
vn -0.9916 -0.0000 0.1292
vn -0.9337 -0.2500 0.2562
vn -1.0000 -0.0000 -0.0000
vn -0.9578 -0.2567 0.1294
vn -0.9578 0.2567 -0.1295
vn -0.8587 0.4958 -0.1294
vn -0.7012 0.7012 -0.1294
vn -0.4958 0.8587 -0.1294
vn -0.2567 0.9578 -0.1295
vn -0.0000 0.9916 -0.1292
vn -0.2500 0.9337 -0.2561
vn -0.0000 0.9666 -0.2562
vn -0.4833 0.8371 -0.2562
vn -0.6835 0.6835 -0.2563
vn -0.8371 0.4833 -0.2562
vn -0.9337 0.2500 -0.2561
vn -0.9916 -0.0000 -0.1292
vn -0.9659 -0.2588 -0.0000
vn -0.8588 -0.4958 0.1292
vn -0.8371 -0.4833 0.2562
vn -0.6835 -0.6835 0.2563
vn -0.6544 -0.6544 0.3790
vn -0.8660 -0.5000 -0.0000
vn -0.7012 -0.7012 0.1292
vn -0.9578 -0.2567 -0.1294
vn -0.9666 -0.0000 -0.2562
vn -0.8938 0.2395 -0.3791
vn -0.8014 0.4627 -0.3790
vn -0.6544 0.6544 -0.3790
vn -0.4627 0.8014 -0.3790
vn -0.2395 0.8939 -0.3790
vn -0.0000 0.9254 -0.3790
vn -0.2248 0.8391 -0.4954
vn -0.0000 0.8686 -0.4956
vn -0.4342 0.7522 -0.4956
vn -0.6142 0.6141 -0.4956
vn -0.7522 0.4342 -0.4956
vn -0.8391 0.2248 -0.4954
vn -0.9254 -0.0000 -0.3790
vn -0.9337 -0.2500 -0.2562
vn -0.8588 -0.4958 -0.1292
vn -0.7071 -0.7071 -0.0000
vn -0.4958 -0.8588 0.1292
vn -0.4833 -0.8371 0.2563
vn -0.4627 -0.8014 0.3790
vn -0.4342 -0.7522 0.4955
vn -0.2395 -0.8939 0.3790
vn -0.2248 -0.8390 0.4955
vn -0.2500 -0.9337 0.2561
vn -0.5000 -0.8660 -0.0000
vn -0.2567 -0.9578 0.1292
vn -0.7012 -0.7012 -0.1294
vn -0.8371 -0.4833 -0.2563
vn -0.8939 -0.2395 -0.3790
vn -0.8686 -0.0000 -0.4956
vn -0.7704 0.2064 -0.6033
vn -0.6907 0.3986 -0.6033
vn -0.5639 0.5639 -0.6034
vn -0.3986 0.6907 -0.6034
vn -0.2064 0.7703 -0.6033
vn -0.1845 0.6886 -0.7013
vn -0.0000 0.7127 -0.7015
vn -0.3563 0.6174 -0.7014
vn -0.5040 0.5040 -0.7014
vn -0.6174 0.3563 -0.7014
vn -0.6886 0.1845 -0.7013
vn -0.7974 -0.0000 -0.6035
vn -0.8390 -0.2248 -0.4954
vn -0.8014 -0.4627 -0.3790
vn -0.6835 -0.6835 -0.2564
vn -0.4958 -0.8588 -0.1292
vn -0.2588 -0.9659 -0.0000
vn -0.0000 -0.9916 0.1292
vn -0.0000 -0.9666 0.2562
vn -0.0000 -0.9254 0.3790
vn -0.0000 -0.8686 0.4956
vn -0.2064 -0.7704 0.6033
vn -0.0000 -1.0000 -0.0000
vn -0.2567 -0.9578 -0.1294
vn -0.4833 -0.8371 -0.2562
vn -0.6544 -0.6544 -0.3790
vn -0.7522 -0.4342 -0.4956
vn -0.7704 -0.2064 -0.6033
vn -0.7127 -0.0000 -0.7015
vn -0.6886 -0.1845 -0.7013
vn -0.6907 -0.3986 -0.6033
vn -0.6141 -0.6141 -0.4956
vn -0.4627 -0.8014 -0.3790
vn -0.2500 -0.9337 -0.2561
vn -0.0000 -0.9916 -0.1292
vn -0.2395 -0.8939 -0.3790
vn -0.0000 -0.9666 -0.2562
vn -0.4342 -0.7522 -0.4956
vn -0.5638 -0.5638 -0.6035
vn -0.6173 -0.3563 -0.7014
vn -0.6164 -0.0000 -0.7874
vn -0.5955 -0.1596 -0.7874
vn -0.5954 0.1596 -0.7874
vn -0.5041 -0.0000 -0.8636
vn -0.4872 0.1305 -0.8635
vn -0.4872 -0.1305 -0.8635
vn -0.5338 -0.3082 -0.7874
vn -0.5040 -0.5040 -0.7014
vn -0.3986 -0.6907 -0.6033
vn -0.2248 -0.8390 -0.4954
vn -0.0000 -0.9254 -0.3790
vn -0.2064 -0.7703 -0.6033
vn -0.0000 -0.8686 -0.4956
vn -0.3563 -0.6173 -0.7014
vn -0.4359 -0.4359 -0.7874
vn -0.4367 -0.2520 -0.8636
vn -0.4176 -0.1119 -0.9017
vn -0.3744 -0.2161 -0.9017
vn -0.4323 -0.0000 -0.9017
vn -0.4176 0.1119 -0.9017
vn -0.4367 0.2520 -0.8636
vn -0.5338 0.3082 -0.7874
vn -0.3566 0.3566 -0.8636
vn -0.4359 0.4359 -0.7874
vn -0.3744 0.2161 -0.9017
vn -0.3057 0.3057 -0.9017
vn -0.2520 0.4367 -0.8636
vn -0.3082 0.5338 -0.7874
vn -0.2161 0.3744 -0.9017
vn -0.1305 0.4872 -0.8635
vn -0.1596 0.5954 -0.7874
vn -0.1119 0.4176 -0.9017
vn -0.3055 -0.3055 -0.9019
vn -0.3566 -0.3566 -0.8636
vn -0.3082 -0.5339 -0.7874
vn -0.2161 -0.3744 -0.9017
vn -0.2520 -0.4367 -0.8636
vn -0.1596 -0.5954 -0.7874
vn -0.1845 -0.6886 -0.7013
vn -0.1119 -0.4176 -0.9017
vn -0.1305 -0.4872 -0.8635
vn -0.0000 -0.6164 -0.7874
vn -0.0000 -0.5041 -0.8636
vt 0.761230 0.065430
vt 0.723633 0.046875
vt 0.798340 0.046875
vt 0.723633 0.083984
vt 0.761230 0.083984
vt 0.723633 0.065430
vt 0.798340 0.065430
vt 0.686523 0.065430
vt 0.648926 0.046875
vt 0.761230 0.028320
vt 0.686523 0.028320
vt 0.835938 0.065430
vt 0.873047 0.046875
vt 0.835938 0.028320
vt 0.798340 0.083984
vt 0.723633 0.102539
vt 0.761230 0.102539
vt 0.686523 0.102539
vt 0.686523 0.083984
vt 0.648926 0.083984
vt 0.648926 0.065430
vt 0.611816 0.065430
vt 0.574219 0.046875
vt 0.611816 0.028320
vt 0.611816 0.083984
vt 0.648926 0.102539
vt 0.611816 0.102539
vt 0.686523 0.120605
vt 0.648926 0.120605
vt 0.723633 0.120605
vt 0.761230 0.120605
vt 0.798340 0.102539
vt 0.835938 0.083984
vt 0.873047 0.065430
vt 0.910645 0.065430
vt 0.910645 0.028320
vt 0.947754 0.046875
vt 0.873047 0.083984
vt 0.835938 0.102539
vt 0.798340 0.120605
vt 0.723633 0.139160
vt 0.761230 0.139160
vt 0.686523 0.139160
vt 0.648926 0.139160
vt 0.611816 0.139160
vt 0.611816 0.120605
vt 0.574219 0.120605
vt 0.574219 0.102539
vt 0.574219 0.083984
vt 0.574219 0.065430
vt 0.537109 0.102539
vt 0.537109 0.083984
vt 0.537109 0.120605
vt 0.574219 0.139160
vt 0.537109 0.139160
vt 0.611816 0.157715
vt 0.574219 0.157715
vt 0.648926 0.157715
vt 0.686523 0.157715
vt 0.723633 0.157715
vt 0.761230 0.157715
vt 0.798340 0.139160
vt 0.835938 0.120605
vt 0.873047 0.102539
vt 0.910645 0.083984
vt 0.910645 0.102539
vt 0.873047 0.120605
vt 0.835938 0.139160
vt 0.798340 0.157715
vt 0.723633 0.176270
vt 0.761230 0.176270
vt 0.686523 0.176270
vt 0.648926 0.176270
vt 0.611816 0.176270
vt 0.574219 0.176270
vt 0.537109 0.176270
vt 0.537109 0.157715
vt 0.500000 0.157715
vt 0.500000 0.139160
vt 0.500000 0.120605
vt 0.500000 0.102539
vt 0.500000 0.083984
vt 0.537109 0.065430
vt 0.500000 0.065430
vt 0.500000 0.046875
vt 0.537109 0.028320
vt 0.500000 0.176270
vt 0.537109 0.194824
vt 0.500000 0.194824
vt 0.574219 0.194824
vt 0.611816 0.194824
vt 0.648926 0.194824
vt 0.686523 0.194824
vt 0.723633 0.194824
vt 0.761230 0.194824
vt 0.798340 0.176270
vt 0.723633 0.213379
vt 0.686523 0.213379
vt 0.648926 0.213379
vt 0.611816 0.213379
vt 0.574219 0.213379
vt 0.537109 0.213379
vt 0.500000 0.213379
vt 0.537109 0.231445
vt 0.500000 0.231445
vt 0.574219 0.231445
vt 0.611816 0.231445
vt 0.648926 0.231445
vt 0.686523 0.231445
vt 0.761230 0.213379
vt 0.723633 0.231445
vt 0.798340 0.194824
vt 0.835938 0.176270
vt 0.835938 0.157715
vt 0.835938 0.194824
vt 0.798340 0.213379
vt 0.761230 0.231445
vt 0.723633 0.250000
vt 0.686523 0.250000
vt 0.648926 0.250000
vt 0.611816 0.250000
vt 0.574219 0.250000
vt 0.537109 0.250000
vt 0.500000 0.250000
vt 0.537109 0.268555
vt 0.500000 0.268555
vt 0.574219 0.268555
vt 0.611816 0.268555
vt 0.648926 0.268555
vt 0.686523 0.268555
vt 0.761230 0.250000
vt 0.723633 0.268555
vt 0.798340 0.231445
vt 0.835938 0.213379
vt 0.873047 0.194824
vt 0.873047 0.176270
vt 0.873047 0.157715
vt 0.873047 0.139160
vt 0.910645 0.157715
vt 0.910645 0.139160
vt 0.910645 0.176270
vt 0.910645 0.194824
vt 0.873047 0.213379
vt 0.835938 0.231445
vt 0.798340 0.250000
vt 0.761230 0.268555
vt 0.723633 0.287109
vt 0.686523 0.287109
vt 0.648926 0.287109
vt 0.611816 0.287109
vt 0.574219 0.287109
vt 0.537109 0.287109
vt 0.500000 0.287109
vt 0.537109 0.305664
vt 0.500000 0.305664
vt 0.574219 0.305664
vt 0.611816 0.305664
vt 0.648926 0.305664
vt 0.686523 0.305664
vt 0.761230 0.287109
vt 0.723633 0.305664
vt 0.798340 0.268555
vt 0.835938 0.250000
vt 0.873047 0.231445
vt 0.910645 0.213379
vt 0.947754 0.194824
vt 0.947754 0.176270
vt 0.947754 0.157715
vt 0.947754 0.139160
vt 0.947754 0.120605
vt 0.910645 0.120605
vt 0.947754 0.102539
vt 0.947754 0.083984
vt 0.947754 0.065430
vt 0.947754 0.213379
vt 0.910645 0.231445
vt 0.873047 0.250000
vt 0.835938 0.268555
vt 0.798340 0.287109
vt 0.761230 0.305664
vt 0.835938 0.287109
vt 0.798340 0.305664
vt 0.873047 0.268555
vt 0.910645 0.250000
vt 0.947754 0.231445
vt 0.947754 0.250000
vt 0.910645 0.268555
vt 0.873047 0.287109
vt 0.835938 0.305664
vt 0.798340 0.324219
vt 0.761230 0.324219
vt 0.723633 0.324219
vt 0.723633 0.342285
vt 0.761230 0.342285
vt 0.835938 0.324219
vt 0.798340 0.342285
vt 0.873047 0.305664
vt 0.910645 0.287109
vt 0.947754 0.268555
vt 0.947754 0.287109
vt 0.910645 0.305664
vt 0.873047 0.324219
vt 0.835938 0.342285
vt 0.798340 0.360840
vt 0.761230 0.360840
vt 0.723633 0.360840
vt 0.686523 0.360840
vt 0.686523 0.342285
vt 0.686523 0.324219
vt 0.648926 0.342285
vt 0.648926 0.324219
vt 0.648926 0.360840
vt 0.686523 0.379395
vt 0.648926 0.379395
vt 0.723633 0.379395
vt 0.761230 0.379395
vt 0.835938 0.360840
vt 0.798340 0.379395
vt 0.873047 0.342285
vt 0.910645 0.324219
vt 0.947754 0.305664
vt 0.947754 0.324219
vt 0.910645 0.342285
vt 0.873047 0.360840
vt 0.835938 0.379395
vt 0.798340 0.397949
vt 0.761230 0.397949
vt 0.723633 0.397949
vt 0.686523 0.397949
vt 0.648926 0.397949
vt 0.611816 0.397949
vt 0.611816 0.379395
vt 0.611816 0.360840
vt 0.611816 0.342285
vt 0.611816 0.324219
vt 0.574219 0.360840
vt 0.574219 0.342285
vt 0.574219 0.379395
vt 0.574219 0.397949
vt 0.648926 0.417969
vt 0.611816 0.417969
vt 0.686523 0.417969
vt 0.723633 0.417969
vt 0.761230 0.417969
vt 0.798340 0.417969
vt 0.835938 0.417969
vt 0.835938 0.397949
vt 0.873047 0.379395
vt 0.910645 0.360840
vt 0.947754 0.342285
vt 0.947754 0.360840
vt 0.910645 0.379395
vt 0.873047 0.397949
vt 0.873047 0.417969
vt 0.910645 0.417969
vt 0.910645 0.397949
vt 0.947754 0.379395
vt 0.947754 0.417969
vt 0.947754 0.397949
vt 0.574219 0.417969
vt 0.537109 0.397949
vt 0.537109 0.379395
vt 0.537109 0.360840
vt 0.537109 0.342285
vt 0.574219 0.324219
vt 0.500000 0.379395
vt 0.500000 0.360840
vt 0.500000 0.397949
vt 0.537109 0.417969
vt 0.500000 0.417969
vt 0.500000 0.342285
vt 0.537109 0.324219
vt 0.500000 0.324219
s 1
usemtl ShaderfxShader_bodyM00
f 1624/843/1096 1641/844/1097 1625/845/1098
f 1656/846/1099 1624/843/1096 1643/847/1100
f 1642/848/1101 1624/843/1096 1656/846/1099
f 1624/843/1096 1626/849/1102 1643/847/1100
f 1641/844/1097 1624/843/1096 1642/848/1101
f 1624/843/1096 1625/845/1098 1626/849/1102
f 1640/850/1103 1638/851/1104 1641/844/1097
f 1625/845/1098 1641/844/1097 1896/852/1105
f 1638/851/1104 1895/853/1105 1641/844/1097
f 1640/850/1103 1641/844/1097 1642/848/1101
f 1627/854/1106 1625/845/1098 1628/855/1107
f 1625/845/1098 1891/856/1108 1628/855/1107
f 1625/845/1098 1627/854/1106 1626/849/1102
f 1626/849/1102 1627/854/1106 1644/857/1109
f 1643/847/1100 1626/849/1102 1644/857/1109
f 1669/858/1110 1643/847/1100 1657/859/1111
f 1656/846/1099 1643/847/1100 1669/858/1110
f 1643/847/1100 1644/857/1109 1657/859/1111
f 1668/860/1112 1656/846/1099 1669/858/1110
f 1655/861/1113 1656/846/1099 1668/860/1112
f 1655/861/1113 1642/848/1101 1656/846/1099
f 1640/850/1103 1642/848/1101 1655/861/1113
f 1654/862/1114 1640/850/1103 1655/861/1113
f 1639/863/1115 1640/850/1103 1654/862/1114
f 1638/851/1104 1640/850/1103 1639/863/1115
f 1637/864/1116 1635/865/1117 1638/851/1104
f 1635/865/1117 1894/866/1118 1638/851/1104
f 1637/864/1116 1638/851/1104 1639/863/1115
f 1653/867/1119 1639/863/1115 1654/862/1114
f 1637/864/1116 1639/863/1115 1653/867/1119
f 1654/862/1114 1655/861/1113 1667/868/1120
f 1666/869/1121 1654/862/1114 1667/868/1120
f 1653/867/1119 1654/862/1114 1666/869/1121
f 1667/868/1120 1655/861/1113 1668/860/1112
f 1668/860/1112 1669/858/1110 1681/870/1122
f 1680/871/1123 1668/860/1112 1681/870/1122
f 1667/868/1120 1668/860/1112 1680/871/1123
f 1669/858/1110 1657/859/1111 1682/872/1124
f 1681/870/1122 1669/858/1110 1682/872/1124
f 1682/872/1124 1657/859/1111 1670/873/1125
f 1657/859/1111 1658/874/1126 1670/873/1125
f 1657/859/1111 1644/857/1109 1658/874/1126
f 1644/857/1109 1645/875/1127 1658/874/1126
f 1644/857/1109 1627/854/1106 1645/875/1127
f 1627/854/1106 1629/876/1128 1645/875/1127
f 1627/854/1106 1628/855/1107 1629/876/1128
f 1628/855/1107 1630/877/1129 1629/876/1128
f 1628/855/1107 1892/878/1105 1631/879/1130
f 1630/877/1129 1628/855/1107 1631/879/1130
f 1629/876/1128 1630/877/1129 1646/880/1131
f 1645/875/1127 1629/876/1128 1646/880/1131
f 1645/875/1127 1646/880/1131 1659/881/1132
f 1658/874/1126 1645/875/1127 1659/881/1132
f 1658/874/1126 1659/881/1132 1671/882/1133
f 1670/873/1125 1658/874/1126 1671/882/1133
f 1695/883/1134 1670/873/1125 1683/884/1135
f 1682/872/1124 1670/873/1125 1695/883/1134
f 1670/873/1125 1671/882/1133 1683/884/1135
f 1694/885/1136 1682/872/1124 1695/883/1134
f 1681/870/1122 1682/872/1124 1694/885/1136
f 1693/886/1137 1681/870/1122 1694/885/1136
f 1680/871/1123 1681/870/1122 1693/886/1137
f 1692/887/1138 1680/871/1123 1693/886/1137
f 1679/888/1139 1680/871/1123 1692/887/1138
f 1679/888/1139 1667/868/1120 1680/871/1123
f 1666/869/1121 1667/868/1120 1679/888/1139
f 1678/889/1140 1666/869/1121 1679/888/1139
f 1665/890/1141 1666/869/1121 1678/889/1140
f 1665/890/1141 1653/867/1119 1666/869/1121
f 1652/891/1142 1653/867/1119 1665/890/1141
f 1652/891/1142 1637/864/1116 1653/867/1119
f 1636/892/1143 1637/864/1116 1652/891/1142
f 1635/865/1117 1637/864/1116 1636/892/1143
f 1664/893/1144 1652/891/1142 1665/890/1141
f 1651/894/1145 1652/891/1142 1664/893/1144
f 1651/894/1145 1636/892/1143 1652/891/1142
f 1677/895/1146 1665/890/1141 1678/889/1140
f 1664/893/1144 1665/890/1141 1677/895/1146
f 1678/889/1140 1679/888/1139 1691/896/1147
f 1690/897/1148 1678/889/1140 1691/896/1147
f 1677/895/1146 1678/889/1140 1690/897/1148
f 1691/896/1147 1679/888/1139 1692/887/1138
f 1692/887/1138 1693/886/1137 1705/898/1149
f 1704/899/1150 1692/887/1138 1705/898/1149
f 1691/896/1147 1692/887/1138 1704/899/1150
f 1693/886/1137 1694/885/1136 1706/900/1151
f 1705/898/1149 1693/886/1137 1706/900/1151
f 1694/885/1136 1695/883/1134 1707/901/1152
f 1706/900/1151 1694/885/1136 1707/901/1152
f 1695/883/1134 1683/884/1135 1708/902/1153
f 1707/901/1152 1695/883/1134 1708/902/1153
f 1708/902/1153 1683/884/1135 1696/903/1154
f 1683/884/1135 1684/904/1155 1696/903/1154
f 1683/884/1135 1671/882/1133 1684/904/1155
f 1671/882/1133 1672/905/1156 1684/904/1155
f 1671/882/1133 1659/881/1132 1672/905/1156
f 1659/881/1132 1660/906/1157 1672/905/1156
f 1659/881/1132 1646/880/1131 1660/906/1157
f 1646/880/1131 1647/907/1158 1660/906/1157
f 1646/880/1131 1630/877/1129 1647/907/1158
f 1660/906/1157 1661/908/1159 1673/909/1160
f 1672/905/1156 1660/906/1157 1673/909/1160
f 1660/906/1157 1647/907/1158 1661/908/1159
f 1672/905/1156 1673/909/1160 1685/910/1161
f 1684/904/1155 1672/905/1156 1685/910/1161
f 1684/904/1155 1685/910/1161 1697/911/1162
f 1696/903/1154 1684/904/1155 1697/911/1162
f 1721/912/1163 1696/903/1154 1709/913/1164
f 1708/902/1153 1696/903/1154 1721/912/1163
f 1696/903/1154 1697/911/1162 1709/913/1164
f 1720/914/1165 1708/902/1153 1721/912/1163
f 1707/901/1152 1708/902/1153 1720/914/1165
f 1719/915/1166 1707/901/1152 1720/914/1165
f 1706/900/1151 1707/901/1152 1719/915/1166
f 1718/916/1167 1706/900/1151 1719/915/1166
f 1705/898/1149 1706/900/1151 1718/916/1167
f 1717/917/1168 1705/898/1149 1718/916/1167
f 1704/899/1150 1705/898/1149 1717/917/1168
f 1716/918/1169 1704/899/1150 1717/917/1168
f 1703/919/1170 1704/899/1150 1716/918/1169
f 1703/919/1170 1691/896/1147 1704/899/1150
f 1690/897/1148 1691/896/1147 1703/919/1170
f 1702/920/1171 1690/897/1148 1703/919/1170
f 1689/921/1172 1690/897/1148 1702/920/1171
f 1689/921/1172 1677/895/1146 1690/897/1148
f 1676/922/1173 1677/895/1146 1689/921/1172
f 1676/922/1173 1664/893/1144 1677/895/1146
f 1663/923/1174 1664/893/1144 1676/922/1173
f 1663/923/1174 1651/894/1145 1664/893/1144
f 1650/924/1175 1651/894/1145 1663/923/1174
f 1650/924/1175 1633/925/1176 1651/894/1145
f 1634/926/1177 1633/925/1176 1650/924/1175
f 1633/925/1176 1632/927/1178 1635/865/1117
f 1633/925/1176 1636/892/1143 1651/894/1145
f 1633/925/1176 1635/865/1117 1636/892/1143
f 1632/927/1178 1633/925/1176 1634/926/1177
f 1632/927/1178 1893/928/1105 1635/865/1117
f 1702/920/1171 1703/919/1170 1715/929/1179
f 1715/929/1179 1703/919/1170 1716/918/1169
f 1716/918/1169 1717/917/1168 1729/930/1180
f 1728/931/1181 1716/918/1169 1729/930/1180
f 1715/929/1179 1716/918/1169 1728/931/1181
f 1717/917/1168 1718/916/1167 1730/932/1182
f 1729/930/1180 1717/917/1168 1730/932/1182
f 1718/916/1167 1719/915/1166 1731/933/1183
f 1730/932/1182 1718/916/1167 1731/933/1183
f 1719/915/1166 1720/914/1165 1732/934/1184
f 1731/933/1183 1719/915/1166 1732/934/1184
f 1720/914/1165 1721/912/1163 1733/935/1185
f 1732/934/1184 1720/914/1165 1733/935/1185
f 1721/912/1163 1709/913/1164 1734/936/1186
f 1733/935/1185 1721/912/1163 1734/936/1186
f 1734/936/1186 1709/913/1164 1722/937/1187
f 1709/913/1164 1710/938/1188 1722/937/1187
f 1709/913/1164 1697/911/1162 1710/938/1188
f 1734/936/1186 1722/937/1187 1747/939/1189
f 1746/940/1190 1734/936/1186 1747/939/1189
f 1733/935/1185 1734/936/1186 1746/940/1190
f 1745/941/1191 1733/935/1185 1746/940/1190
f 1732/934/1184 1733/935/1185 1745/941/1191
f 1744/942/1192 1732/934/1184 1745/941/1191
f 1731/933/1183 1732/934/1184 1744/942/1192
f 1743/943/1193 1731/933/1183 1744/942/1192
f 1730/932/1182 1731/933/1183 1743/943/1193
f 1742/944/1194 1730/932/1182 1743/943/1193
f 1729/930/1180 1730/932/1182 1742/944/1194
f 1741/945/1195 1729/930/1180 1742/944/1194
f 1728/931/1181 1729/930/1180 1741/945/1195
f 1742/944/1194 1743/943/1193 1755/946/1196
f 1754/947/1197 1742/944/1194 1755/946/1196
f 1741/945/1195 1742/944/1194 1754/947/1197
f 1743/943/1193 1744/942/1192 1756/948/1198
f 1755/946/1196 1743/943/1193 1756/948/1198
f 1744/942/1192 1745/941/1191 1757/949/1199
f 1756/948/1198 1744/942/1192 1757/949/1199
f 1745/941/1191 1746/940/1190 1758/950/1200
f 1757/949/1199 1745/941/1191 1758/950/1200
f 1746/940/1190 1747/939/1189 1759/951/1201
f 1758/950/1200 1746/940/1190 1759/951/1201
f 1747/939/1189 1735/952/1202 1760/953/1203
f 1759/951/1201 1747/939/1189 1760/953/1203
f 1747/939/1189 1722/937/1187 1735/952/1202
f 1722/937/1187 1723/954/1204 1735/952/1202
f 1722/937/1187 1710/938/1188 1723/954/1204
f 1710/938/1188 1711/955/1205 1723/954/1204
f 1710/938/1188 1698/956/1206 1711/955/1205
f 1697/911/1162 1698/956/1206 1710/938/1188
f 1723/954/1204 1724/957/1207 1736/958/1208
f 1735/952/1202 1723/954/1204 1736/958/1208
f 1723/954/1204 1711/955/1205 1724/957/1207
f 1760/953/1203 1735/952/1202 1748/959/1209
f 1735/952/1202 1736/958/1208 1748/959/1209
f 1760/953/1203 1748/959/1209 1773/960/1210
f 1772/961/1211 1760/953/1203 1773/960/1210
f 1759/951/1201 1760/953/1203 1772/961/1211
f 1771/962/1212 1759/951/1201 1772/961/1211
f 1758/950/1200 1759/951/1201 1771/962/1212
f 1770/963/1213 1758/950/1200 1771/962/1212
f 1757/949/1199 1758/950/1200 1770/963/1213
f 1769/964/1214 1757/949/1199 1770/963/1213
f 1756/948/1198 1757/949/1199 1769/964/1214
f 1768/965/1215 1756/948/1198 1769/964/1214
f 1755/946/1196 1756/948/1198 1768/965/1215
f 1767/966/1216 1755/946/1196 1768/965/1215
f 1754/947/1197 1755/946/1196 1767/966/1216
f 1768/965/1215 1769/964/1214 1781/967/1217
f 1780/968/1218 1768/965/1215 1781/967/1217
f 1767/966/1216 1768/965/1215 1780/968/1218
f 1769/964/1214 1770/963/1213 1782/969/1219
f 1781/967/1217 1769/964/1214 1782/969/1219
f 1770/963/1213 1771/962/1212 1783/970/1220
f 1782/969/1219 1770/963/1213 1783/970/1220
f 1771/962/1212 1772/961/1211 1784/971/1221
f 1783/970/1220 1771/962/1212 1784/971/1221
f 1772/961/1211 1773/960/1210 1785/972/1222
f 1784/971/1221 1772/961/1211 1785/972/1222
f 1773/960/1210 1761/973/1223 1786/974/1224
f 1785/972/1222 1773/960/1210 1786/974/1224
f 1773/960/1210 1748/959/1209 1761/973/1223
f 1748/959/1209 1749/975/1225 1761/973/1223
f 1748/959/1209 1736/958/1208 1749/975/1225
f 1736/958/1208 1737/976/1226 1749/975/1225
f 1736/958/1208 1724/957/1207 1737/976/1226
f 1724/957/1207 1725/977/1227 1737/976/1226
f 1724/957/1207 1712/978/1228 1725/977/1227
f 1711/955/1205 1712/978/1228 1724/957/1207
f 1711/955/1205 1699/979/1229 1712/978/1228
f 1698/956/1206 1699/979/1229 1711/955/1205
f 1698/956/1206 1686/980/1230 1699/979/1229
f 1685/910/1161 1686/980/1230 1698/956/1206
f 1697/911/1162 1685/910/1161 1698/956/1206
f 1699/979/1229 1700/981/1231 1712/978/1228
f 1699/979/1229 1687/982/1232 1700/981/1231
f 1686/980/1230 1687/982/1232 1699/979/1229
f 1712/978/1228 1713/983/1233 1725/977/1227
f 1712/978/1228 1700/981/1231 1713/983/1233
f 1725/977/1227 1726/984/1234 1738/985/1235
f 1737/976/1226 1725/977/1227 1738/985/1235
f 1725/977/1227 1713/983/1233 1726/984/1234
f 1737/976/1226 1738/985/1235 1750/986/1236
f 1749/975/1225 1737/976/1226 1750/986/1236
f 1749/975/1225 1750/986/1236 1762/987/1237
f 1761/973/1223 1749/975/1225 1762/987/1237
f 1786/974/1224 1761/973/1223 1774/988/1238
f 1761/973/1223 1762/987/1237 1774/988/1238
f 1786/974/1224 1774/988/1238 1799/989/1239
f 1798/990/1240 1786/974/1224 1799/989/1239
f 1785/972/1222 1786/974/1224 1798/990/1240
f 1797/991/1241 1785/972/1222 1798/990/1240
f 1784/971/1221 1785/972/1222 1797/991/1241
f 1796/992/1242 1784/971/1221 1797/991/1241
f 1783/970/1220 1784/971/1221 1796/992/1242
f 1795/993/1243 1783/970/1220 1796/992/1242
f 1782/969/1219 1783/970/1220 1795/993/1243
f 1794/994/1244 1782/969/1219 1795/993/1243
f 1781/967/1217 1782/969/1219 1794/994/1244
f 1793/995/1245 1781/967/1217 1794/994/1244
f 1780/968/1218 1781/967/1217 1793/995/1245
f 1794/994/1244 1795/993/1243 1807/996/1246
f 1806/997/1247 1794/994/1244 1807/996/1246
f 1793/995/1245 1794/994/1244 1806/997/1247
f 1795/993/1243 1796/992/1242 1808/998/1248
f 1807/996/1246 1795/993/1243 1808/998/1248
f 1796/992/1242 1797/991/1241 1809/999/1249
f 1808/998/1248 1796/992/1242 1809/999/1249
f 1797/991/1241 1798/990/1240 1810/1000/1250
f 1809/999/1249 1797/991/1241 1810/1000/1250
f 1798/990/1240 1799/989/1239 1811/1001/1251
f 1810/1000/1250 1798/990/1240 1811/1001/1251
f 1799/989/1239 1787/1002/1252 1812/1003/1253
f 1811/1001/1251 1799/989/1239 1812/1003/1253
f 1799/989/1239 1774/988/1238 1787/1002/1252
f 1774/988/1238 1775/1004/1254 1787/1002/1252
f 1774/988/1238 1762/987/1237 1775/1004/1254
f 1762/987/1237 1763/1005/1255 1775/1004/1254
f 1762/987/1237 1750/986/1236 1763/1005/1255
f 1750/986/1236 1751/1006/1256 1763/1005/1255
f 1750/986/1236 1738/985/1235 1751/1006/1256
f 1738/985/1235 1739/1007/1257 1751/1006/1256
f 1738/985/1235 1726/984/1234 1739/1007/1257
f 1726/984/1234 1727/1008/1258 1739/1007/1257
f 1726/984/1234 1714/1009/1259 1727/1008/1258
f 1713/983/1233 1714/1009/1259 1726/984/1234
f 1713/983/1233 1701/1010/1260 1714/1009/1259
f 1700/981/1231 1701/1010/1260 1713/983/1233
f 1700/981/1231 1688/1011/1261 1701/1010/1260
f 1687/982/1232 1688/1011/1261 1700/981/1231
f 1687/982/1232 1675/1012/1262 1688/1011/1261
f 1674/1013/1263 1675/1012/1262 1687/982/1232
f 1686/980/1230 1674/1013/1263 1687/982/1232
f 1674/1013/1263 1662/1014/1264 1675/1012/1262
f 1673/909/1160 1674/1013/1263 1686/980/1230
f 1661/908/1159 1662/1014/1264 1674/1013/1263
f 1673/909/1160 1661/908/1159 1674/1013/1263
f 1685/910/1161 1673/909/1160 1686/980/1230
f 1661/908/1159 1649/1015/1265 1662/1014/1264
f 1647/907/1158 1649/1015/1265 1661/908/1159
f 1647/907/1158 1648/1016/1266 1649/1015/1265
f 1630/877/1129 1648/1016/1266 1647/907/1158
f 1630/877/1129 1631/879/1130 1648/1016/1266
f 1739/1007/1257 1727/1008/1258 1740/1017/1267
f 1739/1007/1257 1740/1017/1267 1752/1018/1268
f 1751/1006/1256 1739/1007/1257 1752/1018/1268
f 1751/1006/1256 1752/1018/1268 1764/1019/1269
f 1763/1005/1255 1751/1006/1256 1764/1019/1269
f 1763/1005/1255 1764/1019/1269 1776/1020/1270
f 1775/1004/1254 1763/1005/1255 1776/1020/1270
f 1775/1004/1254 1776/1020/1270 1788/1021/1271
f 1787/1002/1252 1775/1004/1254 1788/1021/1271
f 1812/1003/1253 1787/1002/1252 1800/1022/1272
f 1787/1002/1252 1788/1021/1271 1800/1022/1272
f 1788/1021/1271 1789/1023/1273 1801/1024/1274
f 1800/1022/1272 1788/1021/1271 1801/1024/1274
f 1788/1021/1271 1776/1020/1270 1789/1023/1273
f 1776/1020/1270 1777/1025/1275 1789/1023/1273
f 1776/1020/1270 1764/1019/1269 1777/1025/1275
f 1764/1019/1269 1765/1026/1276 1777/1025/1275
f 1764/1019/1269 1752/1018/1268 1765/1026/1276
f 1752/1018/1268 1753/1027/1277 1765/1026/1276
f 1752/1018/1268 1740/1017/1267 1753/1027/1277
f 1765/1026/1276 1766/1028/1278 1778/1029/1279
f 1777/1025/1275 1765/1026/1276 1778/1029/1279
f 1765/1026/1276 1753/1027/1277 1766/1028/1278
f 1777/1025/1275 1778/1029/1279 1790/1030/1280
f 1789/1023/1273 1777/1025/1275 1790/1030/1280
f 1789/1023/1273 1790/1030/1280 1802/1031/1281
f 1801/1024/1274 1789/1023/1273 1802/1031/1281
f 1801/1024/1274 1802/1031/1281 1814/1032/1282
f 1813/1033/1283 1801/1024/1274 1814/1032/1282
f 1800/1022/1272 1801/1024/1274 1813/1033/1283
f 1825/1034/1284 1800/1022/1272 1813/1033/1283
f 1812/1003/1253 1800/1022/1272 1825/1034/1284
f 1838/1035/1285 1813/1033/1283 1826/1036/1286
f 1825/1034/1284 1813/1033/1283 1838/1035/1285
f 1813/1033/1283 1814/1032/1282 1826/1036/1286
f 1814/1032/1282 1815/1037/1287 1827/1038/1288
f 1826/1036/1286 1814/1032/1282 1827/1038/1288
f 1814/1032/1282 1802/1031/1281 1815/1037/1287
f 1802/1031/1281 1803/1039/1289 1815/1037/1287
f 1802/1031/1281 1790/1030/1280 1803/1039/1289
f 1790/1030/1280 1791/1040/1290 1803/1039/1289
f 1790/1030/1280 1778/1029/1279 1791/1040/1290
f 1778/1029/1279 1779/1041/1291 1791/1040/1290
f 1778/1029/1279 1766/1028/1278 1779/1041/1291
f 1791/1040/1290 1792/1042/1292 1804/1043/1293
f 1803/1039/1289 1791/1040/1290 1804/1043/1293
f 1791/1040/1290 1779/1041/1291 1792/1042/1292
f 1803/1039/1289 1804/1043/1293 1816/1044/1294
f 1815/1037/1287 1803/1039/1289 1816/1044/1294
f 1815/1037/1287 1816/1044/1294 1828/1045/1295
f 1827/1038/1288 1815/1037/1287 1828/1045/1295
f 1827/1038/1288 1828/1045/1295 1840/1046/1296
f 1839/1047/1297 1827/1038/1288 1840/1046/1296
f 1826/1036/1286 1827/1038/1288 1839/1047/1297
f 1851/1048/1298 1826/1036/1286 1839/1047/1297
f 1838/1035/1285 1826/1036/1286 1851/1048/1298
f 1850/1049/1299 1838/1035/1285 1851/1048/1298
f 1837/1050/1300 1838/1035/1285 1850/1049/1299
f 1837/1050/1300 1825/1034/1284 1838/1035/1285
f 1824/1051/1301 1825/1034/1284 1837/1050/1300
f 1824/1051/1301 1812/1003/1253 1825/1034/1284
f 1811/1001/1251 1812/1003/1253 1824/1051/1301
f 1836/1052/1302 1824/1051/1301 1837/1050/1300
f 1823/1053/1303 1824/1051/1301 1836/1052/1302
f 1823/1053/1303 1811/1001/1251 1824/1051/1301
f 1849/1054/1304 1837/1050/1300 1850/1049/1299
f 1836/1052/1302 1837/1050/1300 1849/1054/1304
f 1850/1049/1299 1851/1048/1298 1863/1055/1305
f 1862/1056/1306 1850/1049/1299 1863/1055/1305
f 1849/1054/1304 1850/1049/1299 1862/1056/1306
f 1851/1048/1298 1839/1047/1297 1864/1057/1307
f 1863/1055/1305 1851/1048/1298 1864/1057/1307
f 1864/1057/1307 1839/1047/1297 1852/1058/1308
f 1839/1047/1297 1840/1046/1296 1852/1058/1308
f 1840/1046/1296 1841/1059/1309 1853/1060/1310
f 1852/1058/1308 1840/1046/1296 1853/1060/1310
f 1840/1046/1296 1828/1045/1295 1841/1059/1309
f 1828/1045/1295 1829/1061/1311 1841/1059/1309
f 1828/1045/1295 1816/1044/1294 1829/1061/1311
f 1816/1044/1294 1817/1062/1312 1829/1061/1311
f 1816/1044/1294 1804/1043/1293 1817/1062/1312
f 1804/1043/1293 1805/1063/1313 1817/1062/1312
f 1804/1043/1293 1792/1042/1292 1805/1063/1313
f 1817/1062/1312 1818/1064/1314 1830/1065/1315
f 1829/1061/1311 1817/1062/1312 1830/1065/1315
f 1817/1062/1312 1805/1063/1313 1818/1064/1314
f 1829/1061/1311 1830/1065/1315 1842/1066/1316
f 1841/1059/1309 1829/1061/1311 1842/1066/1316
f 1841/1059/1309 1842/1066/1316 1854/1067/1317
f 1853/1060/1310 1841/1059/1309 1854/1067/1317
f 1853/1060/1310 1854/1067/1317 1866/1068/1318
f 1865/1069/1319 1853/1060/1310 1866/1068/1318
f 1852/1058/1308 1853/1060/1310 1865/1069/1319
f 1877/1070/1320 1852/1058/1308 1865/1069/1319
f 1864/1057/1307 1852/1058/1308 1877/1070/1320
f 1876/1071/1321 1864/1057/1307 1877/1070/1320
f 1863/1055/1305 1864/1057/1307 1876/1071/1321
f 1875/1072/1322 1863/1055/1305 1876/1071/1321
f 1862/1056/1306 1863/1055/1305 1875/1072/1322
f 1874/1073/1323 1862/1056/1306 1875/1072/1322
f 1861/1074/1324 1862/1056/1306 1874/1073/1323
f 1861/1074/1324 1849/1054/1304 1862/1056/1306
f 1848/1075/1325 1849/1054/1304 1861/1074/1324
f 1848/1075/1325 1836/1052/1302 1849/1054/1304
f 1835/1076/1326 1836/1052/1302 1848/1075/1325
f 1835/1076/1326 1823/1053/1303 1836/1052/1302
f 1822/1077/1327 1823/1053/1303 1835/1076/1326
f 1810/1000/1250 1811/1001/1251 1823/1053/1303
f 1822/1077/1327 1810/1000/1250 1823/1053/1303
f 1847/1078/1328 1835/1076/1326 1848/1075/1325
f 1834/1079/1329 1835/1076/1326 1847/1078/1328
f 1834/1079/1329 1822/1077/1327 1835/1076/1326
f 1860/1080/1330 1848/1075/1325 1861/1074/1324
f 1847/1078/1328 1848/1075/1325 1860/1080/1330
f 1873/1081/1331 1861/1074/1324 1874/1073/1323
f 1860/1080/1330 1861/1074/1324 1873/1081/1331
f 1874/1073/1323 1888/1082/1332 1887/1083/1333
f 1875/1072/1322 1888/1082/1332 1874/1073/1323
f 1874/1073/1323 1887/1083/1333 1873/1081/1331
f 1875/1072/1322 1889/1084/1334 1888/1082/1332
f 1876/1071/1321 1889/1084/1334 1875/1072/1322
f 1876/1071/1321 1890/1085/1335 1889/1084/1334
f 1877/1070/1320 1890/1085/1335 1876/1071/1321
f 1877/1070/1320 1879/1086/1336 1890/1085/1335
f 1865/1069/1319 1879/1086/1336 1877/1070/1320
f 1865/1069/1319 1878/1087/1337 1879/1086/1336
f 1866/1068/1318 1878/1087/1337 1865/1069/1319
f 1866/1068/1318 1880/1088/1338 1878/1087/1337
f 1867/1089/1339 1880/1088/1338 1866/1068/1318
f 1866/1068/1318 1854/1067/1317 1867/1089/1339
f 1854/1067/1317 1855/1090/1340 1867/1089/1339
f 1854/1067/1317 1842/1066/1316 1855/1090/1340
f 1842/1066/1316 1843/1091/1341 1855/1090/1340
f 1842/1066/1316 1830/1065/1315 1843/1091/1341
f 1830/1065/1315 1831/1092/1342 1843/1091/1341
f 1830/1065/1315 1818/1064/1314 1831/1092/1342
f 1843/1091/1341 1844/1093/1343 1856/1094/1344
f 1855/1090/1340 1843/1091/1341 1856/1094/1344
f 1843/1091/1341 1831/1092/1342 1844/1093/1343
f 1855/1090/1340 1856/1094/1344 1868/1095/1345
f 1867/1089/1339 1855/1090/1340 1868/1095/1345
f 1867/1089/1339 1881/1096/1346 1880/1088/1338
f 1868/1095/1345 1881/1096/1346 1867/1089/1339
f 1868/1095/1345 1882/1097/1347 1881/1096/1346
f 1869/1098/1348 1882/1097/1347 1868/1095/1345
f 1868/1095/1345 1856/1094/1344 1869/1098/1348
f 1856/1094/1344 1857/1099/1349 1869/1098/1348
f 1856/1094/1344 1844/1093/1343 1857/1099/1349
f 1869/1098/1348 1883/1100/1350 1882/1097/1347
f 1870/1101/1351 1883/1100/1350 1869/1098/1348
f 1869/1098/1348 1857/1099/1349 1870/1101/1351
f 1873/1081/1331 1887/1083/1333 1886/1102/1352
f 1873/1081/1331 1886/1102/1352 1872/1103/1353
f 1872/1103/1353 1860/1080/1330 1873/1081/1331
f 1859/1104/1354 1860/1080/1330 1872/1103/1353
f 1859/1104/1354 1847/1078/1328 1860/1080/1330
f 1846/1105/1355 1847/1078/1328 1859/1104/1354
f 1846/1105/1355 1834/1079/1329 1847/1078/1328
f 1833/1106/1356 1834/1079/1329 1846/1105/1355
f 1821/1107/1357 1822/1077/1327 1834/1079/1329
f 1833/1106/1356 1821/1107/1357 1834/1079/1329
f 1858/1108/1358 1846/1105/1355 1859/1104/1354
f 1845/1109/1359 1846/1105/1355 1858/1108/1358
f 1845/1109/1359 1833/1106/1356 1846/1105/1355
f 1871/1110/1360 1859/1104/1354 1872/1103/1353
f 1858/1108/1358 1859/1104/1354 1871/1110/1360
f 1872/1103/1353 1886/1102/1352 1884/1111/1361
f 1872/1103/1353 1884/1111/1361 1871/1110/1360
f 1871/1110/1360 1884/1111/1361 1885/1112/1362
f 1832/1113/1363 1833/1106/1356 1845/1109/1359
f 1820/1114/1364 1821/1107/1357 1833/1106/1356
f 1832/1113/1363 1820/1114/1364 1833/1106/1356
f 1821/1107/1357 1809/999/1249 1822/1077/1327
f 1808/998/1248 1809/999/1249 1821/1107/1357
f 1820/1114/1364 1808/998/1248 1821/1107/1357
f 1819/1115/1365 1820/1114/1364 1832/1113/1363
f 1807/996/1246 1808/998/1248 1820/1114/1364
f 1819/1115/1365 1807/996/1246 1820/1114/1364
f 1806/997/1247 1807/996/1246 1819/1115/1365
f 1809/999/1249 1810/1000/1250 1822/1077/1327
f 1897/843/1366 1913/849/1367 1898/845/1368
f 1897/843/1366 1899/844/1369 1928/848/1370
f 1897/843/1366 1929/846/1371 1912/847/1372
f 1928/848/1370 1929/846/1371 1897/843/1366
f 1897/843/1366 1912/847/1372 1913/849/1367
f 1897/843/1366 1898/845/1368 1899/844/1369
f 1900/854/1373 1898/845/1368 1913/849/1367
f 1913/849/1367 1914/857/1374 1900/854/1373
f 1913/849/1367 1912/847/1372 1914/857/1374
f 1898/845/1368 1901/855/1375 2165/856/1105
f 1898/845/1368 2164/852/1105 1899/844/1369
f 1900/854/1373 1901/855/1375 1898/845/1368
f 1911/850/1376 1928/848/1370 1899/844/1369
f 1910/851/1377 1899/844/1369 2169/853/1105
f 1911/850/1376 1899/844/1369 1910/851/1377
f 1928/848/1370 1927/861/1378 1929/846/1371
f 1911/850/1376 1927/861/1378 1928/848/1370
f 1929/846/1371 1942/858/1379 1912/847/1372
f 1929/846/1371 1941/860/1380 1942/858/1379
f 1927/861/1378 1941/860/1380 1929/846/1371
f 1912/847/1372 1942/858/1379 1930/859/1381
f 1912/847/1372 1930/859/1381 1914/857/1374
f 1914/857/1374 1931/874/1382 1915/875/1383
f 1914/857/1374 1930/859/1381 1931/874/1382
f 1900/854/1373 1914/857/1374 1915/875/1383
f 1900/854/1373 1916/876/1384 1901/855/1375
f 1900/854/1373 1915/875/1383 1916/876/1384
f 1902/877/1385 1901/855/1375 1916/876/1384
f 1901/855/1375 1903/879/1386 2166/878/1105
f 1902/877/1385 1903/879/1386 1901/855/1375
f 1916/876/1384 1917/880/1387 1902/877/1385
f 1916/876/1384 1915/875/1383 1917/880/1387
f 1915/875/1383 1932/881/1388 1917/880/1387
f 1915/875/1383 1931/874/1382 1932/881/1388
f 1931/874/1382 1944/882/1389 1932/881/1388
f 1931/874/1382 1943/873/1390 1944/882/1389
f 1930/859/1381 1943/873/1390 1931/874/1382
f 1930/859/1381 1955/872/1391 1943/873/1390
f 1942/858/1379 1955/872/1391 1930/859/1381
f 1942/858/1379 1954/870/1392 1955/872/1391
f 1941/860/1380 1954/870/1392 1942/858/1379
f 1941/860/1380 1953/871/1393 1954/870/1392
f 1940/868/1394 1953/871/1393 1941/860/1380
f 1927/861/1378 1940/868/1394 1941/860/1380
f 1926/862/1395 1940/868/1394 1927/861/1378
f 1911/850/1376 1926/862/1395 1927/861/1378
f 1911/850/1376 1910/851/1377 1925/863/1396
f 1925/863/1396 1926/862/1395 1911/850/1376
f 1909/864/1397 1925/863/1396 1910/851/1377
f 1907/865/1398 1910/851/1377 2168/866/1399
f 1909/864/1397 1910/851/1377 1907/865/1398
f 1925/863/1396 1924/867/1400 1926/862/1395
f 1909/864/1397 1924/867/1400 1925/863/1396
f 1926/862/1395 1939/869/1401 1940/868/1394
f 1924/867/1400 1939/869/1401 1926/862/1395
f 1940/868/1394 1952/888/1402 1953/871/1393
f 1939/869/1401 1952/888/1402 1940/868/1394
f 1953/871/1393 1966/886/1403 1954/870/1392
f 1953/871/1393 1965/887/1404 1966/886/1403
f 1952/888/1402 1965/887/1404 1953/871/1393
f 1954/870/1392 1967/885/1405 1955/872/1391
f 1954/870/1392 1966/886/1403 1967/885/1405
f 1955/872/1391 1968/883/1406 1943/873/1390
f 1955/872/1391 1967/885/1405 1968/883/1406
f 1943/873/1390 1968/883/1406 1956/884/1407
f 1943/873/1390 1956/884/1407 1944/882/1389
f 1944/882/1389 1957/904/1408 1945/905/1409
f 1944/882/1389 1956/884/1407 1957/904/1408
f 1932/881/1388 1944/882/1389 1945/905/1409
f 1932/881/1388 1945/905/1409 1933/906/1410
f 1917/880/1387 1932/881/1388 1933/906/1410
f 1917/880/1387 1933/906/1410 1918/907/1411
f 1902/877/1385 1917/880/1387 1918/907/1411
f 1902/877/1385 1919/1016/1266 1903/879/1386
f 1902/877/1385 1918/907/1411 1919/1016/1266
f 1918/907/1411 1934/908/1412 1920/1015/1413
f 1918/907/1411 1933/906/1410 1934/908/1412
f 1919/1016/1266 1918/907/1411 1920/1015/1413
f 1933/906/1410 1946/909/1414 1934/908/1412
f 1933/906/1410 1945/905/1409 1946/909/1414
f 1945/905/1409 1958/910/1415 1946/909/1414
f 1945/905/1409 1957/904/1408 1958/910/1415
f 1957/904/1408 1970/911/1416 1958/910/1415
f 1957/904/1408 1969/903/1417 1970/911/1416
f 1956/884/1407 1969/903/1417 1957/904/1408
f 1956/884/1407 1981/902/1418 1969/903/1417
f 1968/883/1406 1981/902/1418 1956/884/1407
f 1968/883/1406 1980/901/1419 1981/902/1418
f 1967/885/1405 1980/901/1419 1968/883/1406
f 1967/885/1405 1979/900/1420 1980/901/1419
f 1966/886/1403 1979/900/1420 1967/885/1405
f 1966/886/1403 1978/898/1421 1979/900/1420
f 1965/887/1404 1978/898/1421 1966/886/1403
f 1965/887/1404 1977/899/1422 1978/898/1421
f 1964/896/1423 1977/899/1422 1965/887/1404
f 1952/888/1402 1964/896/1423 1965/887/1404
f 1951/889/1424 1964/896/1423 1952/888/1402
f 1939/869/1401 1951/889/1424 1952/888/1402
f 1938/890/1425 1951/889/1424 1939/869/1401
f 1924/867/1400 1938/890/1425 1939/869/1401
f 1923/891/1426 1938/890/1425 1924/867/1400
f 1909/864/1397 1923/891/1426 1924/867/1400
f 1938/890/1425 1950/895/1427 1951/889/1424
f 1937/893/1428 1950/895/1427 1938/890/1425
f 1923/891/1426 1937/893/1428 1938/890/1425
f 1951/889/1424 1963/897/1429 1964/896/1423
f 1950/895/1427 1963/897/1429 1951/889/1424
f 1964/896/1423 1976/919/1430 1977/899/1422
f 1963/897/1429 1976/919/1430 1964/896/1423
f 1977/899/1422 1990/917/1431 1978/898/1421
f 1977/899/1422 1989/918/1432 1990/917/1431
f 1976/919/1430 1989/918/1432 1977/899/1422
f 1978/898/1421 1991/916/1433 1979/900/1420
f 1978/898/1421 1990/917/1431 1991/916/1433
f 1979/900/1420 1992/915/1434 1980/901/1419
f 1979/900/1420 1991/916/1433 1992/915/1434
f 1980/901/1419 1993/914/1435 1981/902/1418
f 1980/901/1419 1992/915/1434 1993/914/1435
f 1981/902/1418 1994/912/1436 1969/903/1417
f 1981/902/1418 1993/914/1435 1994/912/1436
f 1969/903/1417 1994/912/1436 1982/913/1437
f 1969/903/1417 1982/913/1437 1970/911/1416
f 1970/911/1416 1983/938/1438 1971/956/1439
f 1970/911/1416 1982/913/1437 1983/938/1438
f 1958/910/1415 1970/911/1416 1971/956/1439
f 1958/910/1415 1971/956/1439 1959/980/1440
f 1946/909/1414 1958/910/1415 1959/980/1440
f 1946/909/1414 1959/980/1440 1947/1013/1441
f 1934/908/1412 1946/909/1414 1947/1013/1441
f 1959/980/1440 1972/979/1442 1960/982/1443
f 1959/980/1440 1971/956/1439 1972/979/1442
f 1947/1013/1441 1959/980/1440 1960/982/1443
f 1971/956/1439 1984/955/1444 1972/979/1442
f 1971/956/1439 1983/938/1438 1984/955/1444
f 1983/938/1438 1996/954/1445 1984/955/1444
f 1983/938/1438 1995/937/1446 1996/954/1445
f 1982/913/1437 1995/937/1446 1983/938/1438
f 1982/913/1437 2007/936/1447 1995/937/1446
f 1994/912/1436 2007/936/1447 1982/913/1437
f 1994/912/1436 2006/935/1448 2007/936/1447
f 1993/914/1435 2006/935/1448 1994/912/1436
f 1993/914/1435 2005/934/1449 2006/935/1448
f 1992/915/1434 2005/934/1449 1993/914/1435
f 1992/915/1434 2004/933/1450 2005/934/1449
f 1991/916/1433 2004/933/1450 1992/915/1434
f 1991/916/1433 2003/932/1451 2004/933/1450
f 1990/917/1431 2003/932/1451 1991/916/1433
f 1990/917/1431 2002/930/1452 2003/932/1451
f 1989/918/1432 2002/930/1452 1990/917/1431
f 1989/918/1432 2001/931/1453 2002/930/1452
f 1988/929/1454 2001/931/1453 1989/918/1432
f 1976/919/1430 1988/929/1454 1989/918/1432
f 1975/920/1171 1988/929/1454 1976/919/1430
f 1963/897/1429 1975/920/1171 1976/919/1430
f 1962/921/1172 1975/920/1171 1963/897/1429
f 1950/895/1427 1962/921/1172 1963/897/1429
f 1949/922/1455 1962/921/1172 1950/895/1427
f 1937/893/1428 1949/922/1455 1950/895/1427
f 1936/923/1456 1949/922/1455 1937/893/1428
f 1922/894/1457 1936/923/1456 1937/893/1428
f 1921/924/1458 1936/923/1456 1922/894/1457
f 1922/894/1457 1937/893/1428 1923/891/1426
f 1908/892/1459 1922/894/1457 1923/891/1426
f 1906/925/1460 1922/894/1457 1908/892/1459
f 1906/925/1460 1921/924/1458 1922/894/1457
f 1905/926/1177 1921/924/1458 1906/925/1460
f 1906/925/1460 1907/865/1398 1904/927/1461
f 1907/865/1398 1906/925/1460 1908/892/1459
f 1904/927/1461 1905/926/1177 1906/925/1460
f 1909/864/1397 1907/865/1398 1908/892/1459
f 1908/892/1459 1923/891/1426 1909/864/1397
f 1904/927/1461 1907/865/1398 2167/928/1105
f 2001/931/1453 2014/945/1462 2002/930/1452
f 2002/930/1452 2015/944/1463 2003/932/1451
f 2002/930/1452 2014/945/1462 2015/944/1463
f 2003/932/1451 2016/943/1464 2004/933/1450
f 2003/932/1451 2015/944/1463 2016/943/1464
f 2004/933/1450 2017/942/1465 2005/934/1449
f 2004/933/1450 2016/943/1464 2017/942/1465
f 2005/934/1449 2018/941/1466 2006/935/1448
f 2005/934/1449 2017/942/1465 2018/941/1466
f 2006/935/1448 2019/940/1467 2007/936/1447
f 2006/935/1448 2018/941/1466 2019/940/1467
f 2007/936/1447 2020/939/1468 1995/937/1446
f 2007/936/1447 2019/940/1467 2020/939/1468
f 2019/940/1467 2032/951/1469 2020/939/1468
f 2019/940/1467 2031/950/1470 2032/951/1469
f 2018/941/1466 2031/950/1470 2019/940/1467
f 2018/941/1466 2030/949/1471 2031/950/1470
f 2017/942/1465 2030/949/1471 2018/941/1466
f 2017/942/1465 2029/948/1472 2030/949/1471
f 2016/943/1464 2029/948/1472 2017/942/1465
f 2016/943/1464 2028/946/1473 2029/948/1472
f 2015/944/1463 2028/946/1473 2016/943/1464
f 2015/944/1463 2027/947/1474 2028/946/1473
f 2014/945/1462 2027/947/1474 2015/944/1463
f 2028/946/1473 2041/965/1475 2029/948/1472
f 2028/946/1473 2040/966/1476 2041/965/1475
f 2027/947/1474 2040/966/1476 2028/946/1473
f 2029/948/1472 2042/964/1477 2030/949/1471
f 2029/948/1472 2041/965/1475 2042/964/1477
f 2030/949/1471 2043/963/1478 2031/950/1470
f 2030/949/1471 2042/964/1477 2043/963/1478
f 2031/950/1470 2044/962/1479 2032/951/1469
f 2031/950/1470 2043/963/1478 2044/962/1479
f 2032/951/1469 2045/961/1480 2033/953/1481
f 2032/951/1469 2044/962/1479 2045/961/1480
f 2020/939/1468 2032/951/1469 2033/953/1481
f 2020/939/1468 2033/953/1481 2008/952/1482
f 1995/937/1446 2020/939/1468 2008/952/1482
f 2033/953/1481 2046/960/1483 2021/959/1484
f 2033/953/1481 2045/961/1480 2046/960/1483
f 2008/952/1482 2033/953/1481 2021/959/1484
f 2045/961/1480 2058/972/1485 2046/960/1483
f 2045/961/1480 2057/971/1486 2058/972/1485
f 2044/962/1479 2057/971/1486 2045/961/1480
f 2044/962/1479 2056/970/1487 2057/971/1486
f 2043/963/1478 2056/970/1487 2044/962/1479
f 2043/963/1478 2055/969/1488 2056/970/1487
f 2042/964/1477 2055/969/1488 2043/963/1478
f 2042/964/1477 2054/967/1489 2055/969/1488
f 2041/965/1475 2054/967/1489 2042/964/1477
f 2041/965/1475 2053/968/1490 2054/967/1489
f 2040/966/1476 2053/968/1490 2041/965/1475
f 2054/967/1489 2067/994/1491 2055/969/1488
f 2054/967/1489 2066/995/1492 2067/994/1491
f 2053/968/1490 2066/995/1492 2054/967/1489
f 2055/969/1488 2068/993/1493 2056/970/1487
f 2055/969/1488 2067/994/1491 2068/993/1493
f 2056/970/1487 2069/992/1494 2057/971/1486
f 2056/970/1487 2068/993/1493 2069/992/1494
f 2057/971/1486 2070/991/1495 2058/972/1485
f 2057/971/1486 2069/992/1494 2070/991/1495
f 2058/972/1485 2071/990/1496 2059/974/1497
f 2058/972/1485 2070/991/1495 2071/990/1496
f 2046/960/1483 2058/972/1485 2059/974/1497
f 2046/960/1483 2059/974/1497 2034/973/1498
f 2021/959/1484 2046/960/1483 2034/973/1498
f 2021/959/1484 2034/973/1498 2022/975/1499
f 2009/958/1500 2021/959/1484 2022/975/1499
f 2008/952/1482 2021/959/1484 2009/958/1500
f 1996/954/1445 2008/952/1482 2009/958/1500
f 1995/937/1446 2008/952/1482 1996/954/1445
f 2009/958/1500 2022/975/1499 2010/976/1501
f 1997/957/1502 2009/958/1500 2010/976/1501
f 1996/954/1445 2009/958/1500 1997/957/1502
f 2022/975/1499 2035/987/1503 2023/986/1504
f 2022/975/1499 2034/973/1498 2035/987/1503
f 2010/976/1501 2022/975/1499 2023/986/1504
f 2034/973/1498 2059/974/1497 2047/988/1505
f 2034/973/1498 2047/988/1505 2035/987/1503
f 2059/974/1497 2072/989/1506 2047/988/1505
f 2059/974/1497 2071/990/1496 2072/989/1506
f 2071/990/1496 2084/1001/1507 2072/989/1506
f 2071/990/1496 2083/1000/1508 2084/1001/1507
f 2070/991/1495 2083/1000/1508 2071/990/1496
f 2070/991/1495 2082/999/1509 2083/1000/1508
f 2069/992/1494 2082/999/1509 2070/991/1495
f 2069/992/1494 2081/998/1510 2082/999/1509
f 2068/993/1493 2081/998/1510 2069/992/1494
f 2068/993/1493 2080/996/1511 2081/998/1510
f 2067/994/1491 2080/996/1511 2068/993/1493
f 2067/994/1491 2079/997/1512 2080/996/1511
f 2066/995/1492 2079/997/1512 2067/994/1491
f 2080/996/1511 2093/1114/1513 2081/998/1510
f 2080/996/1511 2092/1115/1514 2093/1114/1513
f 2079/997/1512 2092/1115/1514 2080/996/1511
f 2081/998/1510 2094/1107/1515 2082/999/1509
f 2081/998/1510 2093/1114/1513 2094/1107/1515
f 2082/999/1509 2095/1077/1516 2083/1000/1508
f 2082/999/1509 2094/1107/1515 2095/1077/1516
f 2083/1000/1508 2096/1053/1517 2084/1001/1507
f 2083/1000/1508 2095/1077/1516 2096/1053/1517
f 2084/1001/1507 2097/1051/1518 2085/1003/1519
f 2084/1001/1507 2096/1053/1517 2097/1051/1518
f 2072/989/1506 2084/1001/1507 2085/1003/1519
f 2072/989/1506 2085/1003/1519 2060/1002/1520
f 2047/988/1505 2072/989/1506 2060/1002/1520
f 2047/988/1505 2060/1002/1520 2048/1004/1521
f 2035/987/1503 2047/988/1505 2048/1004/1521
f 2035/987/1503 2048/1004/1521 2036/1005/1522
f 2023/986/1504 2035/987/1503 2036/1005/1522
f 2023/986/1504 2036/1005/1522 2024/1006/1523
f 2011/985/1524 2023/986/1504 2024/1006/1523
f 2010/976/1501 2023/986/1504 2011/985/1524
f 1998/977/1525 2010/976/1501 2011/985/1524
f 1997/957/1502 2010/976/1501 1998/977/1525
f 1985/978/1526 1997/957/1502 1998/977/1525
f 1984/955/1444 1997/957/1502 1985/978/1526
f 1984/955/1444 1996/954/1445 1997/957/1502
f 1998/977/1525 2011/985/1524 1999/984/1527
f 1986/983/1528 1998/977/1525 1999/984/1527
f 1985/978/1526 1998/977/1525 1986/983/1528
f 2011/985/1524 2024/1006/1523 2012/1007/1529
f 1999/984/1527 2011/985/1524 2012/1007/1529
f 2024/1006/1523 2037/1019/1530 2025/1018/1531
f 2024/1006/1523 2036/1005/1522 2037/1019/1530
f 2012/1007/1529 2024/1006/1523 2025/1018/1531
f 2036/1005/1522 2049/1020/1532 2037/1019/1530
f 2036/1005/1522 2048/1004/1521 2049/1020/1532
f 2048/1004/1521 2061/1021/1533 2049/1020/1532
f 2048/1004/1521 2060/1002/1520 2061/1021/1533
f 2060/1002/1520 2085/1003/1519 2073/1022/1534
f 2060/1002/1520 2073/1022/1534 2061/1021/1533
f 2085/1003/1519 2098/1034/1535 2073/1022/1534
f 2085/1003/1519 2097/1051/1518 2098/1034/1535
f 2097/1051/1518 2110/1050/1536 2098/1034/1535
f 2097/1051/1518 2109/1052/1537 2110/1050/1536
f 2096/1053/1517 2109/1052/1537 2097/1051/1518
f 2096/1053/1517 2108/1076/1538 2109/1052/1537
f 2095/1077/1516 2108/1076/1538 2096/1053/1517
f 2095/1077/1516 2107/1079/1539 2108/1076/1538
f 2094/1107/1515 2107/1079/1539 2095/1077/1516
f 2094/1107/1515 2106/1106/1540 2107/1079/1539
f 2093/1114/1513 2106/1106/1540 2094/1107/1515
f 2093/1114/1513 2105/1113/1363 2106/1106/1540
f 2092/1115/1514 2105/1113/1363 2093/1114/1513
f 2106/1106/1540 2119/1105/1541 2107/1079/1539
f 2106/1106/1540 2118/1109/1542 2119/1105/1541
f 2105/1113/1363 2118/1109/1542 2106/1106/1540
f 2107/1079/1539 2120/1078/1543 2108/1076/1538
f 2107/1079/1539 2119/1105/1541 2120/1078/1543
f 2108/1076/1538 2121/1075/1544 2109/1052/1537
f 2108/1076/1538 2120/1078/1543 2121/1075/1544
f 2109/1052/1537 2122/1054/1545 2110/1050/1536
f 2109/1052/1537 2121/1075/1544 2122/1054/1545
f 2110/1050/1536 2123/1049/1546 2111/1035/1547
f 2110/1050/1536 2122/1054/1545 2123/1049/1546
f 2098/1034/1535 2110/1050/1536 2111/1035/1547
f 2098/1034/1535 2111/1035/1547 2086/1033/1548
f 2073/1022/1534 2098/1034/1535 2086/1033/1548
f 2073/1022/1534 2086/1033/1548 2074/1024/1549
f 2061/1021/1533 2073/1022/1534 2074/1024/1549
f 2061/1021/1533 2074/1024/1549 2062/1023/1550
f 2049/1020/1532 2061/1021/1533 2062/1023/1550
f 2049/1020/1532 2062/1023/1550 2050/1025/1551
f 2037/1019/1530 2049/1020/1532 2050/1025/1551
f 2037/1019/1530 2050/1025/1551 2038/1026/1552
f 2025/1018/1531 2037/1019/1530 2038/1026/1552
f 2025/1018/1531 2038/1026/1552 2026/1027/1553
f 2013/1017/1554 2025/1018/1531 2026/1027/1553
f 2012/1007/1529 2025/1018/1531 2013/1017/1554
f 2000/1008/1555 2012/1007/1529 2013/1017/1554
f 1999/984/1527 2012/1007/1529 2000/1008/1555
f 1987/1009/1556 1999/984/1527 2000/1008/1555
f 1986/983/1528 1999/984/1527 1987/1009/1556
f 1974/1010/1260 1986/983/1528 1987/1009/1556
f 1973/981/1557 1986/983/1528 1974/1010/1260
f 1961/1011/1261 1973/981/1557 1974/1010/1260
f 1973/981/1557 1985/978/1526 1986/983/1528
f 1972/979/1442 1985/978/1526 1973/981/1557
f 1960/982/1443 1973/981/1557 1961/1011/1261
f 1960/982/1443 1972/979/1442 1973/981/1557
f 1948/1012/1262 1960/982/1443 1961/1011/1261
f 1947/1013/1441 1960/982/1443 1948/1012/1262
f 1935/1014/1264 1947/1013/1441 1948/1012/1262
f 1934/908/1412 1947/1013/1441 1935/1014/1264
f 1920/1015/1413 1934/908/1412 1935/1014/1264
f 1972/979/1442 1984/955/1444 1985/978/1526
f 2026/1027/1553 2038/1026/1552 2039/1028/1558
f 2038/1026/1552 2051/1029/1559 2039/1028/1558
f 2038/1026/1552 2050/1025/1551 2051/1029/1559
f 2050/1025/1551 2063/1030/1560 2051/1029/1559
f 2050/1025/1551 2062/1023/1550 2063/1030/1560
f 2062/1023/1550 2075/1031/1561 2063/1030/1560
f 2062/1023/1550 2074/1024/1549 2075/1031/1561
f 2074/1024/1549 2087/1032/1562 2075/1031/1561
f 2074/1024/1549 2086/1033/1548 2087/1032/1562
f 2086/1033/1548 2111/1035/1547 2099/1036/1563
f 2086/1033/1548 2099/1036/1563 2087/1032/1562
f 2111/1035/1547 2124/1048/1564 2099/1036/1563
f 2111/1035/1547 2123/1049/1546 2124/1048/1564
f 2099/1036/1563 2124/1048/1564 2112/1047/1565
f 2099/1036/1563 2112/1047/1565 2100/1038/1566
f 2087/1032/1562 2099/1036/1563 2100/1038/1566
f 2087/1032/1562 2100/1038/1566 2088/1037/1567
f 2075/1031/1561 2087/1032/1562 2088/1037/1567
f 2075/1031/1561 2088/1037/1567 2076/1039/1568
f 2063/1030/1560 2075/1031/1561 2076/1039/1568
f 2063/1030/1560 2076/1039/1568 2064/1040/1569
f 2051/1029/1559 2063/1030/1560 2064/1040/1569
f 2051/1029/1559 2064/1040/1569 2052/1041/1570
f 2039/1028/1558 2051/1029/1559 2052/1041/1570
f 2064/1040/1569 2077/1043/1571 2065/1042/1572
f 2064/1040/1569 2076/1039/1568 2077/1043/1571
f 2052/1041/1570 2064/1040/1569 2065/1042/1572
f 2076/1039/1568 2089/1044/1573 2077/1043/1571
f 2076/1039/1568 2088/1037/1567 2089/1044/1573
f 2088/1037/1567 2101/1045/1574 2089/1044/1573
f 2088/1037/1567 2100/1038/1566 2101/1045/1574
f 2100/1038/1566 2113/1046/1575 2101/1045/1574
f 2100/1038/1566 2112/1047/1565 2113/1046/1575
f 2112/1047/1565 2137/1057/1576 2125/1058/1577
f 2124/1048/1564 2137/1057/1576 2112/1047/1565
f 2112/1047/1565 2125/1058/1577 2113/1046/1575
f 2124/1048/1564 2136/1055/1578 2137/1057/1576
f 2123/1049/1546 2136/1055/1578 2124/1048/1564
f 2137/1057/1576 2150/1070/1579 2125/1058/1577
f 2137/1057/1576 2149/1071/1580 2150/1070/1579
f 2136/1055/1578 2149/1071/1580 2137/1057/1576
f 2125/1058/1577 2150/1070/1579 2138/1069/1581
f 2125/1058/1577 2138/1069/1581 2126/1060/1582
f 2113/1046/1575 2125/1058/1577 2126/1060/1582
f 2113/1046/1575 2126/1060/1582 2114/1059/1583
f 2101/1045/1574 2113/1046/1575 2114/1059/1583
f 2101/1045/1574 2114/1059/1583 2102/1061/1584
f 2089/1044/1573 2101/1045/1574 2102/1061/1584
f 2089/1044/1573 2102/1061/1584 2090/1062/1585
f 2077/1043/1571 2089/1044/1573 2090/1062/1585
f 2077/1043/1571 2090/1062/1585 2078/1063/1586
f 2065/1042/1572 2077/1043/1571 2078/1063/1586
f 2090/1062/1585 2103/1065/1587 2091/1064/1588
f 2090/1062/1585 2102/1061/1584 2103/1065/1587
f 2078/1063/1586 2090/1062/1585 2091/1064/1588
f 2102/1061/1584 2115/1066/1589 2103/1065/1587
f 2102/1061/1584 2114/1059/1583 2115/1066/1589
f 2114/1059/1583 2127/1067/1590 2115/1066/1589
f 2114/1059/1583 2126/1060/1582 2127/1067/1590
f 2126/1060/1582 2139/1068/1591 2127/1067/1590
f 2126/1060/1582 2138/1069/1581 2139/1068/1591
f 2138/1069/1581 2150/1070/1579 2152/1086/1592
f 2151/1087/1593 2138/1069/1581 2152/1086/1592
f 2139/1068/1591 2138/1069/1581 2151/1087/1593
f 2152/1086/1592 2150/1070/1579 2163/1085/1594
f 2150/1070/1579 2149/1071/1580 2163/1085/1594
f 2163/1085/1594 2149/1071/1580 2162/1084/1595
f 2149/1071/1580 2148/1072/1596 2162/1084/1595
f 2136/1055/1578 2148/1072/1596 2149/1071/1580
f 2135/1056/1597 2148/1072/1596 2136/1055/1578
f 2123/1049/1546 2135/1056/1597 2136/1055/1578
f 2122/1054/1545 2135/1056/1597 2123/1049/1546
f 2135/1056/1597 2147/1073/1598 2148/1072/1596
f 2134/1074/1599 2147/1073/1598 2135/1056/1597
f 2122/1054/1545 2134/1074/1599 2135/1056/1597
f 2162/1084/1595 2148/1072/1596 2161/1082/1600
f 2148/1072/1596 2147/1073/1598 2161/1082/1600
f 2161/1082/1600 2147/1073/1598 2160/1083/1601
f 2147/1073/1598 2146/1081/1602 2160/1083/1601
f 2134/1074/1599 2146/1081/1602 2147/1073/1598
f 2133/1080/1603 2146/1081/1602 2134/1074/1599
f 2121/1075/1544 2134/1074/1599 2122/1054/1545
f 2121/1075/1544 2133/1080/1603 2134/1074/1599
f 2160/1083/1601 2146/1081/1602 2159/1102/1604
f 2146/1081/1602 2145/1103/1605 2159/1102/1604
f 2133/1080/1603 2145/1103/1605 2146/1081/1602
f 2132/1104/1606 2145/1103/1605 2133/1080/1603
f 2120/1078/1543 2133/1080/1603 2121/1075/1544
f 2120/1078/1543 2132/1104/1606 2133/1080/1603
f 2159/1102/1604 2145/1103/1605 2157/1111/1607
f 2145/1103/1605 2144/1110/1360 2157/1111/1607
f 2132/1104/1606 2144/1110/1360 2145/1103/1605
f 2131/1108/1358 2144/1110/1360 2132/1104/1606
f 2119/1105/1541 2132/1104/1606 2120/1078/1543
f 2119/1105/1541 2131/1108/1358 2132/1104/1606
f 2157/1111/1607 2144/1110/1360 2158/1112/1362
f 2118/1109/1542 2131/1108/1358 2119/1105/1541
f 2153/1088/1608 2139/1068/1591 2151/1087/1593
f 2140/1089/1609 2139/1068/1591 2153/1088/1608
f 2127/1067/1590 2139/1068/1591 2140/1089/1609
f 2127/1067/1590 2140/1089/1609 2128/1090/1610
f 2115/1066/1589 2127/1067/1590 2128/1090/1610
f 2154/1096/1611 2140/1089/1609 2153/1088/1608
f 2141/1095/1612 2140/1089/1609 2154/1096/1611
f 2128/1090/1610 2140/1089/1609 2141/1095/1612
f 2128/1090/1610 2141/1095/1612 2129/1094/1613
f 2116/1091/1614 2128/1090/1610 2129/1094/1613
f 2115/1066/1589 2128/1090/1610 2116/1091/1614
f 2155/1097/1615 2141/1095/1612 2154/1096/1611
f 2142/1098/1616 2141/1095/1612 2155/1097/1615
f 2129/1094/1613 2141/1095/1612 2142/1098/1616
f 2129/1094/1613 2142/1098/1616 2130/1099/1617
f 2117/1093/1343 2129/1094/1613 2130/1099/1617
f 2116/1091/1614 2129/1094/1613 2117/1093/1343
f 2104/1092/1342 2116/1091/1614 2117/1093/1343
f 2103/1065/1587 2116/1091/1614 2104/1092/1342
f 2103/1065/1587 2115/1066/1589 2116/1091/1614
f 2091/1064/1588 2103/1065/1587 2104/1092/1342
f 2130/1099/1617 2142/1098/1616 2143/1101/1618
f 2156/1100/1350 2142/1098/1616 2155/1097/1615
f 2143/1101/1618 2142/1098/1616 2156/1100/1350
