# Blender 4.1.1
# www.blender.org
mtllib ../Objetos/Mario/MarioLuigi/MarioLuigi.mtl
o Mario_and_Luigi
v 4.858744 3.764913 4.167336
v 3.748257 10.735802 -3.181265
v 10.640505 2.635142 1.869063
v 8.813969 9.752324 -5.191586
v 3.104382 1.218670 2.963650
v 4.337238 6.891035 1.720433
v 2.171980 8.507527 -4.230363
v 6.431538 11.102548 -4.221796
v 8.413225 7.287792 -6.711346
v 10.487307 5.708145 -0.717557
v 10.186531 -0.165405 0.148395
v 8.336142 2.086844 5.042161
v 8.183117 6.101057 2.532347
v 6.868740 -0.602944 2.673022
v 10.481697 3.110066 -3.343792
v 5.095835 8.893119 -6.455225
v 1.655252 4.835030 0.164845
v 28.200436 21.627508 7.174773
v 24.856234 12.838602 3.250520
v 23.462101 21.272432 11.347221
v 20.702044 12.529127 6.899762
v 30.805590 20.626368 8.969467
v 26.826836 18.474022 5.125215
v 27.172056 11.955605 4.802226
v 22.227299 12.491508 4.427569
v 22.057243 11.572293 9.306437
v 21.778336 18.098211 9.545368
v 25.001642 20.191412 14.080546
v 26.117399 23.757925 9.781664
v 23.985523 20.437281 7.161558
v 28.398834 21.775507 12.203682
v 22.718742 16.241678 12.597587
v 24.178230 10.559599 6.456238
v 29.952171 16.783766 6.227677
v 11.003000 28.178312 7.854532
v 8.089237 26.312105 14.141068
v 10.124481 22.892962 8.462046
v 8.087566 22.320528 13.268562
v 2.154341 22.526667 7.378857
v 3.452055 23.498098 8.173846
v 3.734793 27.719675 8.719035
v 4.526634 25.866995 6.194345
v 11.753098 25.297644 8.050829
v 9.828274 27.892080 11.484453
v 8.199856 23.927038 14.656639
v 9.299870 22.163195 11.499499
v 7.434975 22.750887 6.410973
v 5.189981 22.381899 12.337112
v 2.614262 25.311869 10.581832
v 2.958494 26.811731 10.240588
v 4.380384 27.402399 6.925630
v 2.877138 24.021700 9.753443
v 8.332359 29.689312 5.514083
v 5.326565 27.440409 13.324260
v 4.584770 24.610907 14.064430
v 8.643875 26.177418 4.920802
v 6.874201 29.838999 9.539783
v 4.126026 24.194197 6.742035
v 6.011408 21.497297 9.185354
v 10.433533 24.270876 12.856321
v 2.623892 28.865606 8.368745
v 3.673479 26.109383 4.640962
v 1.063145 25.351782 10.678988
v 1.529844 27.655313 10.348357
v 3.485462 28.279467 5.897035
v 1.253920 23.266916 9.551970
v 3.182713 23.683105 5.305470
v 2.353680 25.680014 7.864229
v 23.578442 30.390972 -0.776134
v 20.704899 29.898762 -1.883720
v 21.344728 27.285442 -3.167983
v 24.299534 27.809334 -2.037939
v 21.616669 31.443512 -4.187667
v 24.384369 31.914062 -3.115078
v 25.225437 29.461094 -4.385046
v 22.413906 28.975273 -5.469848
v 20.745949 31.100868 -4.476952
v 21.438402 28.881931 -5.612454
v 19.919411 29.703682 -2.426837
v 20.480263 27.373009 -3.568914
v 25.240736 31.896381 -2.747764
v 26.001526 29.674278 -3.853411
v 24.550806 30.498707 -0.637932
v 25.229872 28.196453 -1.741467
v 21.022942 30.483673 -2.184309
v 18.131979 31.667919 -2.313474
v 16.522938 28.767872 -3.048816
v 19.489166 27.568974 -2.980216
v 18.640423 32.560787 -5.433315
v 21.673233 31.236893 -5.324457
v 20.369934 28.371939 -6.220077
v 17.317781 29.634993 -6.277421
v 17.609795 32.752171 -5.341978
v 16.423553 30.135614 -6.070918
v 17.169090 31.920692 -2.581452
v 15.724865 29.363880 -3.213308
v 22.542027 30.627354 -5.181167
v 21.377684 28.081430 -5.975701
v 21.937712 29.967255 -2.383697
v 20.578064 27.392029 -3.097882
v 24.163284 29.894100 -2.862711
v 26.849468 27.964211 -3.393844
v 1.151237 26.605156 3.895203
v 2.295071 28.219755 6.148026
v -0.705608 29.007584 3.474510
v 0.578522 30.537109 5.591174
v 4.816261 27.912144 0.386014
v 5.852184 29.569706 2.666739
v 3.072857 30.359314 -0.084729
v 4.343260 31.986176 2.042300
v 2.178101 30.156883 0.416612
v -0.149185 29.326866 2.609569
v 1.300591 31.046680 4.986347
v 3.618929 31.957417 2.804972
v 1.915737 26.602654 3.091223
v 4.153490 27.395397 0.945391
v 5.355988 29.261929 3.516397
v 3.205332 28.437660 5.631123
v 4.001274 25.168364 6.814465
v 3.933058 27.178793 8.527012
v 1.728006 24.353121 8.000790
v 1.673483 26.394220 9.603890
v 1.573059 27.863998 3.151993
v 1.556017 29.808048 4.960679
v -0.607376 26.941021 4.480431
v -0.617973 28.938112 6.124826
v -0.286732 26.259705 5.123589
v 1.153994 24.664537 7.290911
v 1.137589 26.938665 9.070042
v -0.287842 28.510489 6.941770
v 3.667934 25.621050 5.927198
v 2.167898 27.295662 3.640736
v 2.149500 29.485718 5.663468
v 3.622652 27.852987 7.874863
v 11.387257 8.792982 0.144680
v 9.927832 9.430813 4.257041
v 7.592125 9.542497 -1.978902
v 6.362028 10.161938 2.037441
v 13.348351 16.138559 -0.445873
v 11.978474 16.745358 3.688460
v 9.656933 16.873413 -2.725960
v 7.960068 17.546406 1.305007
v 9.082819 15.457049 -2.960638
v 7.814049 10.926002 -2.504475
v 6.387716 11.624346 1.972498
v 7.396822 16.156994 1.499526
v 12.061077 10.082197 -0.097228
v 13.245872 14.611404 -0.488703
v 11.691046 15.314964 4.162792
v 10.445593 10.805365 4.519209
v 9.945395 7.073378 -2.734525
v 7.615200 5.256453 0.694062
v 6.679140 9.950418 -3.972089
v 4.435425 8.131227 -0.553407
v 11.505617 11.144970 1.033810
v 9.893375 9.696243 3.493109
v 9.201576 13.239695 -0.027721
v 7.688238 11.852488 2.420002
v 8.682209 12.723752 -0.859779
v 7.166910 11.207727 -3.402125
v 4.763912 9.108377 0.383541
v 7.008205 11.134076 1.908023
v 10.830042 7.973980 -2.000751
v 11.318203 10.353890 0.291299
v 9.463247 8.746058 3.092113
v 8.212193 5.914287 1.841205
v 25.246483 32.141365 -4.775152
v 23.005684 27.328667 -0.866095
v 21.515404 31.757767 -2.346104
v 23.138723 32.676510 -3.813801
v 25.214027 26.691452 -1.885651
v 21.506599 29.545689 -1.047162
v 28.134928 35.200058 4.084482
v 29.154472 32.324226 -1.520341
v 26.545013 29.229233 -2.160228
v 22.502594 30.481754 3.255829
v 27.533466 27.016998 2.507747
v 24.689993 36.189274 -0.704779
v 22.857815 34.741035 1.205704
v 24.296415 26.659657 3.982938
v 25.363892 32.160919 -2.977670
v 23.937462 28.565079 -0.385246
v 22.950069 31.897148 -1.517494
v 23.957424 32.616253 -2.493539
v 27.264166 35.119190 -1.444336
v 29.459219 29.339008 -0.006800
v 29.665264 34.429665 1.932032
v 26.899792 36.994114 2.185940
v 25.126495 32.914036 5.126088
v 29.058884 30.313877 5.161433
v 25.469219 28.266273 -1.076677
v 22.930252 30.201836 -0.586018
v 26.458763 30.783695 -2.911940
v 26.823236 30.253532 -4.598901
v 28.519367 36.076679 1.158552
v 30.176931 31.319798 2.643081
v 24.968138 35.866962 3.168204
v 26.322067 29.354700 5.860881
v 20.808708 19.647879 8.225378
v 23.075319 23.287695 7.194706
v 23.169537 16.762766 5.863791
v 25.214912 20.367702 4.942606
v 16.054256 20.784908 2.372609
v 18.261845 24.463856 1.408646
v 18.283203 17.775337 0.061830
v 20.717716 21.281750 -1.103935
v 19.264511 17.173407 1.094059
v 22.276474 16.544186 4.683012
v 24.601295 20.549526 3.625818
v 21.809261 21.095623 -0.074637
v 19.645859 19.801344 7.331579
v 16.727215 20.470058 3.711468
v 19.214603 24.609058 2.602298
v 22.167664 23.894403 6.177706
v 21.529623 16.428778 9.207376
v 25.826035 17.814539 8.880740
v 21.239124 14.979512 4.930386
v 25.477844 16.391293 4.663553
v 20.138130 21.605310 7.090852
v 23.268057 22.576052 7.004218
v 19.797029 20.443325 4.031964
v 22.823372 21.464481 3.966082
v 19.989323 19.353848 4.097743
v 20.496943 16.073803 4.301654
v 25.189465 17.642712 4.123762
v 23.400536 20.516834 4.063776
v 20.833885 17.708311 9.103157
v 20.331018 20.637831 7.579749
v 23.882721 21.749407 7.437239
v 25.666334 19.250700 8.750281
v 11.540346 16.863892 5.061172
v 10.112803 21.809837 5.112704
v 7.544567 16.678417 -2.256869
v 5.938818 22.045998 -2.195617
v 19.479725 19.912113 1.138907
v 17.411234 24.611973 1.507082
v 16.133160 19.975889 -6.499865
v 13.916830 25.109045 -6.136970
v 9.576155 15.488430 1.719911
v 10.165005 20.523245 5.921504
v 7.194345 21.643326 1.886703
v 5.601683 20.620392 -2.491351
v 11.811295 17.690376 -4.929044
v 9.393991 24.031590 -4.893985
v 14.640985 24.090910 -6.957011
v 18.725203 19.001087 -2.799966
v 16.488731 25.211784 -2.704973
v 18.672714 23.789665 1.718465
v 15.862476 18.263035 3.716322
v 13.790655 23.706696 3.753163
v 11.558819 24.330887 -0.279381
v 14.492979 16.479294 -0.442033
v 15.046568 22.520164 5.373236
v 18.552744 24.183075 -3.505881
v 9.342781 22.259867 -6.374549
v 6.290672 19.475216 2.551913
v 6.278467 18.328232 -2.535091
v 15.578859 21.898993 -7.129735
v 19.587685 21.721046 1.508058
v 10.757010 18.330633 5.870649
v 15.925945 20.254150 5.392205
v 19.456776 21.558117 -3.518815
v 10.314898 19.809408 -6.311198
v 7.334692 16.904007 2.469820
v 9.631752 25.851377 6.708160
v 10.786995 28.004938 6.259940
v 7.747494 27.351971 5.847942
v 8.886690 29.393089 5.424371
v 8.462748 26.201704 6.357121
v 10.508181 26.672945 6.668762
v 10.023529 29.062763 5.785582
v 7.983221 28.654533 5.455338
v 8.983246 27.626143 6.185513
v 18.273787 26.977638 2.887398
v 16.733549 28.779915 3.630890
v 18.547775 28.759502 1.072992
v 17.060106 30.458279 1.810793
v 18.701803 27.536091 1.830295
v 17.499149 27.584030 3.577961
v 16.656111 29.927147 2.853228
v 17.828316 29.937580 1.102689
v 17.932341 28.792416 2.228999
v 8.374884 20.924278 4.026776
v 7.083961 31.100418 4.099900
v 6.930840 21.289928 -2.530007
v 5.171331 31.464970 -2.342381
v 6.925131 20.761581 0.793226
v 6.586536 25.009727 5.630580
v 5.288153 31.716221 0.243994
v 4.498699 25.231876 -2.870618
v 6.500847 32.029999 -3.709238
v 3.905703 25.447327 0.624465
v 5.664358 23.107914 -2.763589
v 10.495926 30.129230 5.475589
v 9.606153 31.683315 3.726300
v 7.267269 22.370564 5.055070
v 4.764925 22.973000 0.645592
v 6.603128 28.334919 5.004543
v 4.425398 28.341938 -2.479977
v 7.384441 32.595940 -0.207323
v 4.138798 28.418427 0.412846
v 6.271416 28.878139 -4.898910
v 11.466444 22.762472 6.376604
v 8.479563 21.715950 -4.249799
v 11.008043 28.375147 6.145058
v 11.781380 21.144985 5.052160
v 9.819492 20.771065 0.103580
v 6.293432 26.025276 -5.431808
v 11.181015 25.125372 6.961584
v 7.266245 23.795071 -5.074236
v 18.193893 22.203926 -0.314340
v 16.898125 32.379436 -0.239074
v 14.271473 22.246586 -5.775398
v 13.363819 32.532642 -5.964389
v 16.812366 22.050121 -3.578053
v 19.646889 26.711800 -0.143576
v 15.120138 32.997559 -4.102858
v 14.755457 26.568571 -7.405268
v 10.118179 21.747894 -5.251140
v 8.582270 32.330837 -5.605576
v 11.381922 32.666119 -5.867227
v 14.577250 21.401360 4.732520
v 12.663652 31.746712 3.453765
v 10.402491 33.784904 -1.059866
v 12.382475 20.828423 -0.400646
v 14.675026 25.390471 6.129560
v 8.575043 26.513044 -7.336860
v 17.643250 27.237652 -5.449087
v 14.532953 24.263700 -6.684513
v 15.893925 30.832714 3.089060
v 14.862053 32.368282 1.402595
v 19.352360 23.945534 -0.287910
v 14.787066 23.201637 5.737771
v 9.164833 24.134619 -6.703931
v 17.632469 24.649940 -5.043320
v 18.464712 29.880760 -0.239621
v 14.419371 29.644384 -6.898447
v 13.240229 33.359085 -2.796244
v 13.537931 30.260696 4.993233
v 14.218044 28.293051 5.951541
v 8.537504 29.193640 -6.631591
v 16.698797 30.055290 -5.140099
v 11.340908 29.538813 -7.140200
v 17.504295 23.549343 3.707189
v 11.919682 22.164276 -5.770720
v 16.426598 29.081310 3.749444
v 16.681545 21.783588 2.885731
v 14.427330 21.371574 -1.933608
v 11.551268 26.710497 -7.756367
v 17.608353 25.962997 4.119974
v 11.659584 24.367624 -7.016589
v 11.867085 46.986435 11.020973
v 10.885406 48.488937 11.649821
v 12.280165 50.228374 12.643146
v 13.325569 47.162701 11.175428
v 17.415379 46.436020 10.037830
v 18.819633 47.701824 10.243898
v 14.818167 47.191032 11.259295
v 15.457800 50.864941 12.812163
v 18.204899 49.640606 11.593298
v 16.158585 46.881657 10.673426
v 14.122612 50.196407 12.623551
v 15.296791 50.197536 12.621913
v 14.174370 47.861603 11.778049
v 14.867107 48.282379 11.865145
v 15.817337 47.384148 11.337467
v 16.340109 48.400108 11.678629
v 5.093294 44.310654 -3.593155
v 3.430073 43.910065 -0.622455
v 7.804634 45.811188 8.630572
v 4.075308 45.211941 3.265458
v 18.168678 43.013515 -5.910079
v 11.280926 44.146317 -6.998274
v 20.634920 42.203262 -3.671108
v 20.118490 44.589596 6.448592
v 14.509230 45.528439 10.446640
v 21.612156 43.472198 0.157975
v 24.718887 47.416241 0.555314
v 14.869648 47.624451 11.307181
v 20.235714 46.152294 8.464790
v 22.508335 44.885586 -2.686869
v 11.204588 47.486595 -9.299139
v 18.433958 46.578312 -7.288556
v 2.101452 49.659992 4.563063
v 8.680696 47.298607 10.512308
v 2.551170 46.865429 0.849489
v 5.059128 47.905159 -4.918572
v 8.533735 44.625881 13.509787
v 20.881960 43.400875 11.321715
v 15.417770 43.850868 16.513111
v 22.024239 51.060436 9.562654
v 21.112057 52.687782 1.349329
v 15.881769 53.472923 13.744725
v 20.627117 49.256046 -2.514839
v 11.878191 49.968311 -6.887111
v 17.518549 49.123276 -4.472441
v 6.697315 54.117798 3.903582
v 8.342772 52.417702 11.986970
v 5.174717 50.788998 0.223285
v 7.345459 50.132492 -2.669797
v 14.007168 54.419022 2.637129
v 15.236591 55.821770 8.789661
v 12.728449 51.672077 -3.041397
v 3.982370 42.785847 3.578976
v 5.807899 43.360931 6.219663
v 4.244081 45.694138 3.536537
v 5.832993 46.205276 5.758555
v 4.646851 39.725826 4.380434
v 5.394838 39.591133 5.601030
v 3.903330 40.907936 3.646190
v 5.720501 41.212463 6.458336
v 6.329727 43.004066 7.123185
v 6.738262 41.701546 7.606730
v 6.920380 42.262829 7.771929
v 6.038137 39.783169 7.224431
v 6.674490 41.280861 7.634690
v 6.511726 40.458744 7.858274
v 21.342144 41.063675 0.502870
v 20.669586 41.886585 3.586211
v 21.640900 43.968288 0.453867
v 21.031528 44.697510 3.065416
v 20.419991 38.161053 1.585475
v 20.121033 38.130230 2.991587
v 21.079960 39.203930 0.602536
v 20.421902 39.754017 3.853287
v 20.428610 41.605389 4.624900
v 19.968819 40.389008 5.262310
v 19.964310 40.968803 5.460581
v 20.117821 38.386398 4.729550
v 19.956894 39.963181 5.281083
v 20.026213 39.118046 5.463543
v 8.639429 36.293560 -1.363270
v 7.767649 35.546490 0.340051
v 7.114407 40.553207 8.435844
v 5.608633 41.180790 -3.168096
v 4.070562 38.724720 0.588833
v 6.451420 39.404732 -3.003709
v 4.295990 37.248207 0.680611
v 7.328783 33.178246 5.648379
v 7.714062 32.920135 3.277349
v 6.291296 39.317036 8.855721
v 4.472607 38.526917 4.078022
v 5.917538 36.660622 7.797220
v 4.785753 36.367661 4.324196
v 7.382156 41.901081 8.381724
v 5.093195 44.314011 -3.594827
v 3.430136 43.910069 -0.622481
v 7.814535 45.805180 8.628010
v 4.075390 45.211952 3.265443
v 6.800220 48.443447 -3.611270
v 5.074520 46.699860 3.434542
v 8.858839 47.420052 10.518516
v 3.826529 41.613892 3.443099
v 4.525045 39.544792 3.324969
v 1.232658 39.891846 1.404050
v 0.378767 43.450153 2.366475
v 2.236612 45.310024 3.262403
v 1.585674 41.565384 3.340485
v 3.256060 38.715298 3.230439
v 9.472601 49.102528 8.420289
v 8.999805 49.597267 0.469332
v 8.182863 48.192181 4.163322
v 10.647440 49.345818 5.074234
v 9.865911 49.170948 10.283995
v 6.772497 37.678104 -5.675282
v 6.709606 36.359055 -2.321033
v 4.221140 39.899139 -5.796128
v 3.206373 38.145668 -2.131783
v 14.134745 35.748402 -2.337026
v 15.374849 34.791824 -1.007923
v 19.685854 39.306061 6.208217
v 17.242435 40.026661 -5.229576
v 10.991568 36.375183 -4.280536
v 11.399437 33.789658 -0.531233
v 13.731993 39.163074 9.624045
v 11.086540 41.873405 -6.822764
v 19.469368 37.197086 -2.139794
v 16.183929 38.439217 -4.728284
v 10.989307 39.377953 -5.974397
v 19.011683 35.788345 -1.926971
v 17.134411 32.205482 3.910847
v 15.923471 32.105724 1.822664
v 20.351116 37.922237 6.364359
v 12.001530 30.223137 4.863358
v 11.498478 30.806271 1.697955
v 13.591494 35.917297 10.648309
v 20.249050 36.961819 1.282478
v 19.828815 35.280556 5.332178
v 12.788536 32.395397 8.088631
v 19.633049 34.894737 1.693295
v 19.677731 40.681301 6.202981
v 18.168842 43.016838 -5.911797
v 14.004293 41.088146 10.082992
v 11.286831 44.146042 -6.964783
v 20.634857 42.203285 -3.671111
v 20.107357 44.585678 6.449755
v 14.508841 45.525368 10.446168
v 21.612078 43.472225 0.157990
v 17.378311 47.394051 -5.485681
v 11.983749 49.008518 -5.754062
v 21.033169 45.116684 0.606714
v 14.756908 46.349930 11.384480
v 20.096941 46.305180 8.527155
v 21.216072 39.888763 0.361718
v 20.138416 37.995872 0.558322
v 22.582331 37.773857 -2.379054
v 24.374191 41.069695 -1.885450
v 23.322851 43.218174 -0.474023
v 23.235252 39.417637 -0.495762
v 21.116646 36.943443 0.065589
v 19.138245 48.143650 6.707562
v 16.961693 48.807415 -0.941493
v 14.547022 48.319515 9.097316
v 12.891239 50.890682 -1.686450
v 18.703459 47.148483 2.299100
v 16.963974 48.719185 3.954962
v 13.928877 49.636692 4.871440
v 19.423456 48.222794 8.590424
v 14.799967 48.367153 10.498122
v 14.649984 36.896626 -7.071152
v 15.598194 35.477261 -3.896067
v 10.826843 36.268055 -5.150168
v 17.381329 38.593590 -8.128078
v 10.858395 38.917023 -6.455144
v 19.228777 36.556171 -4.970910
v 10.006212 44.533642 10.191540
v 13.262770 44.463833 10.515635
v 10.916578 44.804165 10.288706
v 12.121120 44.992180 10.426800
v 12.358419 45.341972 10.483365
v 11.000538 45.189209 10.334896
v 18.455780 43.656841 8.535107
v 15.453602 43.618050 9.839142
v 17.622272 43.935940 8.907604
v 16.520149 44.135242 9.408545
v 16.316029 44.486938 9.537029
v 17.561424 44.321381 8.979523
v 9.541681 39.833797 9.645192
v 12.233820 39.024605 9.569982
v 10.126472 43.671276 9.792676
v 12.826754 43.303467 10.296976
v 9.490280 41.756943 9.468397
v 10.677809 38.904877 9.611810
v 12.908875 41.248833 9.952672
v 11.586058 44.179649 10.165813
v 11.201546 41.467319 9.694147
v 9.460541 39.974205 9.664345
v 11.335266 39.549248 9.762959
v 9.812664 42.822281 9.916425
v 11.794092 42.656021 10.261710
v 9.362886 41.450806 9.681235
v 10.255121 39.364380 9.708776
v 11.860214 41.158295 9.993271
v 10.805866 43.178665 10.186162
v 10.556925 41.287613 9.835244
v 9.760176 40.237312 9.716691
v 11.186350 39.978645 9.882039
v 10.051323 42.377827 9.942779
v 11.425825 42.296352 10.177588
v 9.713947 41.375408 9.769748
v 10.393719 39.816868 9.785402
v 11.509233 41.173939 9.991608
v 10.756079 42.622959 10.122571
v 10.586136 41.251045 9.878342
v 9.955713 40.640472 10.005101
v 10.613018 40.562012 10.106782
v 10.079063 41.660889 10.140696
v 10.687614 41.627800 10.229380
v 9.929207 41.188641 10.054194
v 10.281990 40.466911 10.069591
v 10.733971 41.117981 10.151983
v 10.384474 41.771057 10.205612
v 10.316545 41.141792 10.098050
v 17.725380 39.021931 8.195062
v 15.066704 38.743572 9.068001
v 17.968338 42.893322 8.403116
v 15.583519 43.029980 9.808485
v 18.078989 40.904903 7.946502
v 16.490881 38.328190 8.581750
v 14.999203 41.041458 9.582272
v 16.848248 43.657616 9.233371
v 16.524933 40.939213 8.750859
v 16.545670 39.181995 8.693146
v 14.772041 39.118965 9.438239
v 16.849945 42.034809 8.953706
v 15.111311 42.237602 9.958177
v 16.922707 40.611496 8.625922
v 15.712952 38.733593 9.025931
v 14.673670 40.789845 9.779004
v 16.095135 42.564610 9.533184
v 15.844574 40.673710 9.182555
v 16.337723 39.495449 8.835433
v 15.031511 39.507847 9.484956
v 16.554466 41.643345 9.074705
v 15.353241 41.817398 9.765926
v 16.615211 40.601433 8.831129
v 15.697636 39.201359 9.129828
v 14.999260 40.738373 9.657450
v 16.013441 42.012062 9.475249
v 15.825380 40.641949 9.234229
v 15.782635 40.026714 9.370292
v 15.197056 40.071548 9.692212
v 15.909649 41.046761 9.505239
v 15.373188 41.127270 9.796817
v 15.928205 40.557812 9.388896
v 15.471085 39.916431 9.547805
v 15.207010 40.638535 9.757081
v 15.671518 41.210850 9.666470
v 15.577551 40.584175 9.563521
v 9.606823 33.718102 9.776112
v 10.276669 37.258942 11.007612
v 6.794540 35.500713 10.515921
v 7.923191 39.502552 11.093686
v 6.118011 39.511929 10.422348
v 7.652111 40.528160 10.611008
v 7.773163 34.288284 10.235844
v 11.556923 33.367851 9.429694
v 5.866688 37.382885 9.984065
v 15.150385 32.365318 8.613324
v 12.572783 33.658623 9.402740
v 16.640371 35.706024 9.672798
v 12.807756 34.383434 9.679736
v 18.504524 32.643154 8.059700
v 19.577177 36.658657 8.649213
v 20.792530 35.930939 7.344305
v 20.067480 37.498463 8.006832
v 17.066870 32.020359 8.286448
v 13.279654 32.947453 9.068346
v 19.888485 33.961182 7.042933
v 11.177631 34.330208 12.810717
v 11.855328 38.279316 13.929677
v 11.643265 36.256256 8.695241
v 11.940264 38.915329 9.475186
v 16.247715 33.827229 11.912313
v 16.757055 37.793041 13.061106
v 14.785242 35.944553 8.138492
v 15.283920 38.583626 8.882698
v 10.553505 34.887516 10.714697
v 10.515625 36.185318 14.042776
v 11.163231 39.247147 11.777769
v 11.517473 37.730171 8.826532
v 13.093140 35.868534 7.863185
v 13.557667 38.912571 8.780489
v 15.226608 37.362206 8.169284
v 16.215202 34.325851 9.711458
v 16.846333 38.683353 10.770740
v 17.630116 35.479534 12.782106
v 13.672503 33.292442 12.575027
v 14.453972 38.360527 14.147779
v 14.124157 39.801350 11.479843
v 13.190994 33.797836 9.574712
v 14.237255 35.313477 14.630678
v 17.944729 36.630787 10.325421
v 13.235209 37.540237 7.729023
v 9.609158 37.457718 11.802463
v -16.837425 41.505379 9.283322
v -18.450550 42.561573 9.692433
v -17.808929 44.651440 10.974781
v -15.480618 42.167377 9.747418
v -10.983687 42.957882 9.475867
v -10.079351 44.638741 9.967781
v -14.051707 42.698898 10.145923
v -15.005836 46.323544 11.810076
v -11.700680 46.167095 11.175695
v -12.518393 42.902401 9.844853
v -15.641003 42.805767 10.145642
v -16.914875 42.454174 9.984099
v -15.302154 43.914059 10.726496
v -15.926089 44.863300 11.148037
v -12.699705 43.535599 10.242389
v -14.241765 43.401512 10.623742
v -11.401844 43.822136 10.165435
v -14.452559 44.215763 10.889801
v -13.552135 44.348293 10.784060
v -13.471171 45.472446 11.228786
v -19.684847 37.586315 -6.666901
v -21.817019 36.426010 -4.071927
v -20.282085 39.072590 6.018094
v -22.648012 37.580521 -0.100705
v -5.654368 41.067730 -6.205403
v -12.715869 39.817387 -8.728892
v -3.392388 40.997757 -3.465896
v -6.606937 42.465836 6.467902
v -13.616472 41.059952 9.277728
v -3.444392 42.345562 0.530949
v -1.998675 47.115074 1.559833
v -14.159923 43.127472 10.202849
v -7.611353 43.816898 8.494708
v -2.663894 44.144707 -2.109843
v -13.463594 43.136234 -11.033055
v -6.567435 44.596691 -7.526529
v -26.214342 41.106380 0.763320
v -20.152534 40.705025 8.082198
v -24.013208 38.847248 -2.812074
v -20.445709 41.153042 -7.983020
v -19.681526 37.966431 11.067705
v -6.932703 41.129829 11.487044
v -13.398201 39.354546 15.506959
v -7.912583 49.010380 9.941669
v -7.586307 50.834969 1.582294
v -15.677764 48.898289 12.814867
v -6.136537 47.637253 -2.343419
v -14.151995 45.575531 -8.505630
v -8.888192 46.530212 -4.929067
v -23.024185 47.004330 1.074505
v -22.401791 45.415138 9.465082
v -22.566626 43.560417 -2.883844
v -19.462370 43.906418 -5.276877
v -15.553974 49.913868 1.382934
v -16.096897 51.258453 7.747412
v -14.695214 47.234787 -4.514509
v -25.813969 17.286638 5.961492
v -21.409245 9.304927 2.106555
v -21.277107 17.512697 10.096351
v -17.411041 9.505078 5.750319
v -28.220596 15.965163 7.648952
v -24.111151 14.452043 3.886118
v -23.528032 8.137507 3.591460
v -18.841398 9.298676 3.310328
v -18.631294 8.381497 8.054311
v -19.214411 14.696065 8.348964
v -22.664104 16.242029 12.713098
v -24.129051 19.578100 8.550101
v -21.635588 16.687353 5.972192
v -26.107763 17.347132 10.843169
v -19.929361 12.753112 11.279453
v -20.493256 7.163619 5.239358
v -26.854397 12.408057 4.968029
v -5.336520 2.161567 3.120624
v -3.018683 8.450763 -4.162496
v -11.123130 2.267172 1.062683
v -8.118494 8.543894 -5.975187
v -4.240169 -0.635574 1.954561
v -4.168828 5.002038 0.710241
v -2.051525 5.988934 -5.192588
v -5.536208 9.342011 -5.116789
v -8.297149 6.102915 -7.413772
v -10.414460 5.116023 -1.510913
v -11.327287 -0.506235 -0.565891
v -8.958082 1.307383 4.092833
v -8.001518 5.058190 1.595656
v -8.197548 -1.581045 1.806076
v -11.028617 2.616430 -4.010680
v -4.809652 6.936130 -7.282917
v -2.195971 2.455235 -0.869451
v -24.984993 24.524885 4.369007
v -24.476219 30.993811 1.828651
v -28.890358 25.948099 1.185060
v -27.887424 30.757608 -0.185159
v -25.460682 25.467789 -5.725522
v -25.194674 26.003487 -4.091390
v -21.792542 25.893143 -1.737271
v -24.071569 23.779297 -2.161335
v -27.726028 25.096834 3.641930
v -24.277931 28.109255 3.700842
v -26.465118 31.839159 0.849872
v -28.789276 29.015142 0.530629
v -27.933937 24.190651 -1.349035
v -26.511536 30.027918 -2.698414
v -23.000481 28.061075 -3.662350
v -21.966951 27.496771 -2.686911
v -22.634029 24.245863 -1.476256
v -24.291191 27.450733 -4.156654
v -22.760464 22.292662 2.687372
v -22.266230 30.205725 -0.048791
v -24.185555 31.383398 -1.924264
v -25.889263 22.227322 1.189614
v -21.424316 26.143095 1.933447
v -25.148003 24.531557 -3.304389
v -27.969090 27.095442 -2.827971
v -27.452595 29.931017 2.655219
v -20.370777 25.469721 -2.114499
v -23.763096 22.411589 -2.767391
v -22.201672 28.231375 -4.924462
v -20.565290 27.553228 -3.452896
v -21.689270 23.260361 -1.790376
v -24.146656 27.459515 -5.898433
v -25.331772 23.337982 -4.426788
v -22.931877 25.472874 -3.935141
v -2.829300 26.678055 6.329139
v -1.713492 28.280069 4.354258
v -1.512827 26.013124 2.583560
v -2.622447 24.419556 4.560928
v 0.846836 27.829039 5.432162
v -0.284965 26.199268 7.426589
v -0.000246 23.983217 5.733844
v 1.131943 25.611494 3.743659
v 1.090100 28.248251 4.671734
v 1.327291 26.267498 3.156835
v -1.211593 28.619007 3.722603
v -1.033748 26.606947 2.138114
v -0.727462 25.614788 7.924300
v -0.507527 23.626053 6.390455
v -3.023725 26.024151 6.915126
v -2.848640 24.013739 5.330310
v -1.782746 26.694311 4.689211
v -3.903049 27.169424 2.677080
v -2.190253 25.540966 0.359437
v -0.018655 25.095861 2.437800
v -2.827691 30.067083 1.756248
v -0.568030 29.514482 3.879169
v 1.197019 28.071390 1.678490
v -1.076945 28.545101 -0.473194
v -3.502139 29.993494 1.015533
v -1.954261 28.616611 -0.978445
v -4.454833 27.394571 1.841578
v -2.945584 25.950239 -0.227243
v 0.169328 29.132217 4.472024
v 1.736751 27.848076 2.514353
v -0.951112 26.626270 5.159443
v 0.621316 25.219101 3.171049
v -1.098807 25.075615 6.227471
v -1.701479 23.029713 3.775930
v -19.095165 23.473589 -3.863609
v -20.491344 25.911388 -3.146546
v -19.499413 24.320980 -6.639479
v -20.845783 26.666849 -5.850497
v -14.746831 25.901701 -3.818719
v -16.248022 28.333887 -3.129634
v -15.023251 26.845961 -6.591538
v -16.428497 29.246811 -5.864295
v -15.820841 26.261078 -6.819215
v -18.578331 24.705297 -6.848654
v -20.090471 27.344255 -5.959697
v -17.380219 28.948080 -5.982367
v -18.154419 23.715572 -3.726327
v -15.498699 25.192114 -3.702949
v -17.173407 27.939627 -2.926062
v -19.743069 26.467583 -2.927234
v -23.545040 23.772911 -2.793331
v -23.076054 26.059542 -1.727777
v -24.268368 25.116379 -4.897355
v -23.787586 27.337626 -3.806012
v -19.323376 23.547750 -4.321581
v -18.853233 25.834179 -3.253013
v -19.981323 24.895611 -6.437684
v -19.496166 27.092402 -5.336185
v -20.877407 24.878633 -6.339660
v -23.518185 25.012030 -5.389672
v -22.976143 27.461702 -4.139629
v -20.331532 27.325926 -5.089612
v -22.715832 23.519196 -3.029643
v -20.111988 23.367336 -3.966466
v -19.572918 25.932604 -2.765018
v -22.182194 26.075600 -1.825405
v -18.218513 16.444868 7.435978
v -21.402180 20.416193 6.204407
v -20.438072 12.668455 4.531579
v -23.614407 16.626015 3.177741
v -13.746479 18.192621 1.808064
v -17.272568 22.239119 0.353907
v -16.108578 14.302042 -1.259290
v -19.719204 18.081133 -2.874931
v -16.859398 13.501824 -0.204387
v -19.539574 12.488874 3.364915
v -23.212700 16.875404 1.752591
v -20.875622 17.753517 -2.032499
v -17.034050 16.743799 6.642482
v -14.241117 17.778746 3.194983
v -18.109211 22.320883 1.612138
v -20.635559 21.216476 5.233521
v -18.469324 13.132842 8.333536
v -23.641304 14.118345 8.037073
v -17.656406 11.542921 3.371097
v -22.820789 12.566190 3.064283
v -17.893826 18.307650 6.164587
v -21.796421 18.992188 5.915576
v -17.263409 17.059374 2.413777
v -21.163208 17.800673 2.033359
v -17.201721 15.966352 2.513012
v -17.009277 12.669779 2.716069
v -22.820965 13.819386 2.371794
v -21.568546 16.823576 2.174277
v -17.927017 14.460769 8.300869
v -17.907642 17.352386 6.707260
v -22.279751 18.138777 6.458098
v -23.748951 15.553914 7.971876
v 0.372680 22.926491 7.806377
v -2.741359 27.352638 4.450818
v -0.503722 27.096064 8.620131
v 0.269311 24.947233 8.916904
v -2.689447 25.224796 3.248601
v -1.796201 28.094868 6.748757
v -8.617494 22.674046 10.858519
v -3.943893 20.617519 7.351269
v -2.588976 23.426260 5.107572
v -5.886882 28.521017 7.765603
v -7.162001 24.769045 3.280168
v -3.053168 23.746269 12.140417
v -4.122105 26.381695 11.433286
v -7.340072 28.178183 3.899049
v -1.288384 23.439373 7.986871
v -3.329425 26.449310 5.345597
v -1.749942 26.104273 8.486500
v -1.210584 24.708805 8.802519
v -3.317236 21.541725 10.432470
v -5.479545 21.650774 4.667902
v -7.230069 20.807629 9.542864
v -6.453345 22.612642 12.644041
v -8.482282 26.253212 9.569357
v -9.941348 23.544481 6.177980
v -3.278420 24.952383 4.631349
v -2.661098 26.865891 7.039573
v -1.787233 22.862358 6.459367
v -0.417466 22.098415 5.705541
v -6.113423 21.096489 11.283995
v -8.068448 21.436687 6.585390
v -6.647983 24.928329 12.166494
v -9.598508 26.413239 6.030641
v -11.024052 8.146911 -0.656860
v -9.060788 8.609449 4.175916
v -6.526817 8.042787 -3.374799
v -4.489146 8.600531 1.433655
v -11.297988 15.509286 -1.325809
v -8.967669 15.983099 3.700847
v -6.563024 15.419767 -4.100110
v -3.994755 15.891116 0.707219
v -6.441328 13.941021 -4.439816
v -6.408797 9.385915 -3.993452
v -3.969454 10.008628 1.391259
v -3.578993 14.504384 0.948947
v -11.482528 9.501776 -0.932704
v -11.679304 14.029747 -1.396994
v -9.159927 14.571772 4.211722
v -9.246178 10.031174 4.515190
v -10.087804 6.276654 -3.652758
v -7.919646 3.611184 0.347622
v -5.787620 8.793529 -5.381362
v -3.627712 6.158193 -1.356184
v -10.394676 10.529923 0.039099
v -8.716756 8.502663 3.011598
v -7.134882 12.418716 -1.313787
v -5.370050 10.496726 1.701853
v -6.854735 11.841692 -2.206488
v -5.933265 10.159948 -4.902474
v -3.502775 7.192752 -0.374283
v -4.960149 9.654097 1.191137
v -10.772087 7.326427 -2.953983
v -10.495994 9.723931 -0.700720
v -8.647725 7.445913 2.644497
v -8.329590 4.315004 1.536439
v -18.110321 16.592741 -0.357520
v -16.921577 21.784288 0.199739
v -14.530463 17.220989 -8.312325
v -12.981836 22.803669 -7.848490
v -8.135722 14.154867 4.554522
v -7.245404 19.419348 4.964819
v -3.801666 14.598783 -3.028876
v -2.886702 20.336336 -2.877090
v -17.514194 15.949400 -4.715776
v -18.029488 20.751604 0.297544
v -15.995556 22.567400 -4.427325
v -13.581657 21.686222 -8.737928
v -9.055408 15.257994 -6.218843
v -7.447721 22.119595 -6.078025
v -2.312067 18.931841 -3.188161
v -5.400400 12.988688 1.249724
v -3.948098 19.622900 1.505507
v -7.113382 18.083620 5.673235
v -13.501877 15.181251 2.772253
v -12.446893 21.093710 3.564348
v -9.894292 22.042292 -1.148285
v -11.750076 13.572363 -1.583526
v -13.499442 19.687994 5.004034
v -2.746513 17.537613 2.161681
v -7.111004 20.350876 -7.639605
v -17.918390 21.245749 -5.309787
v -14.239971 19.300522 -8.957240
v -2.688973 16.477364 -3.268893
v -7.483630 15.753296 5.467199
v -18.549995 18.458006 0.017511
v -13.907695 17.225327 4.610812
v -3.404165 14.746576 2.052090
v -7.774434 17.684231 -7.615886
v -18.530785 18.443647 -5.397090
v -17.490147 23.346550 2.025064
v -16.077763 25.171663 3.257979
v -17.949574 25.044466 -0.069501
v -16.513950 26.817562 1.101671
v -18.014732 23.856785 0.708861
v -16.744057 23.958002 3.065331
v -16.072042 26.324850 2.336118
v -17.264236 26.246721 0.153179
v -17.297659 25.119713 1.423416
v -7.873628 23.339640 6.440413
v -9.727077 25.167101 6.173847
v -5.983637 25.035866 5.424567
v -7.805470 26.811302 5.100103
v -6.532892 23.848534 5.980660
v -9.148133 23.952545 6.552941
v -9.030294 26.319790 5.569283
v -6.597784 26.239054 5.050598
v -7.540690 25.112701 5.903253
v -21.852631 35.234192 0.212183
v -20.905897 36.208027 3.209824
v -22.743856 38.072163 0.198517
v -21.902201 38.936363 2.732478
v -20.264187 32.495003 1.167018
v -19.751703 32.548515 2.539546
v -21.240675 33.420391 0.275625
v -20.192604 34.132603 3.447522
v -20.421652 35.992493 4.222610
v -19.603025 34.870247 4.801358
v -19.665863 35.454769 5.000372
v -19.515350 32.851025 4.289847
v -19.513908 34.447849 4.818705
v -19.416992 33.602261 5.014476
v -3.069607 39.894875 0.830002
v -4.545064 40.267677 3.747972
v -3.607975 42.820396 0.827943
v -4.910839 43.152470 3.291366
v -3.250639 36.716618 1.726635
v -3.812651 36.503510 3.063820
v -2.766273 38.004490 0.883293
v -4.219728 38.095993 3.972908
v -4.934255 39.835419 4.732028
v -5.168081 38.452026 5.276158
v -5.397951 38.995102 5.469679
v -4.270763 36.633701 4.791279
v -5.050501 38.036690 5.294441
v -4.753215 37.240818 5.496802
v -16.811153 18.917555 -1.947184
v -16.368265 28.718964 -1.272905
v -12.722937 19.531063 -7.092048
v -12.543936 29.407440 -6.832331
v -15.361086 18.985563 -5.103407
v -18.876976 22.998632 -1.706032
v -14.443550 29.595472 -5.110896
v -13.572784 23.595547 -8.567039
v -10.590225 29.780569 -6.666691
v -16.764263 23.814699 -6.872578
v -13.203691 21.429199 -7.953041
v -15.367045 27.278341 2.637233
v -14.418710 28.896154 0.779381
v -18.225040 20.426497 -1.939932
v -16.480968 21.367842 -6.529155
v -17.905598 26.141232 -1.510351
v -13.378122 26.535805 -7.894470
v -12.633924 30.125578 -3.746206
v -15.943691 26.602821 -6.379549
v -10.175295 26.844299 -7.954528
v -16.189611 20.197184 2.648439
v -10.051944 19.757856 -6.837750
v -15.792250 25.488466 3.424787
v -15.057730 18.667797 1.524240
v -12.812937 18.623768 -3.364754
v -10.081461 24.161812 -8.622360
v -16.655981 22.398079 3.572886
v -9.991404 21.909492 -7.979412
v -5.308874 18.909286 3.333999
v -6.097280 28.711580 3.442939
v -4.070894 19.524847 -3.119529
v -4.372808 29.401569 -3.080620
v -3.860231 18.977297 0.177122
v -4.140449 22.988039 5.060131
v -4.439990 29.588282 -0.517838
v -2.393512 23.587513 -3.434160
v -7.924819 19.587263 -6.133907
v -7.820320 29.826071 -6.345475
v -5.771384 29.777107 -4.454157
v -12.472017 18.533730 3.768120
v -12.162896 28.527302 3.110507
v -9.854035 30.843775 -1.914505
v -10.063108 18.349850 -1.478709
v -13.833905 22.117716 6.739886
v -7.029943 24.364563 -8.075446
v -1.598185 23.803799 0.090810
v -3.102311 21.421942 -3.315069
v -9.717033 27.274281 5.231392
v -8.924220 28.892204 3.302134
v -4.391034 20.416552 4.411845
v -13.401914 20.080820 5.795830
v -7.297028 22.010828 -7.497427
v -2.046188 21.357468 0.098463
v -4.918252 26.131897 4.452689
v -3.026978 26.528366 -3.141821
v -6.653832 30.121279 -1.000493
v -12.962026 26.940212 4.848505
v -13.465231 24.945908 5.941351
v -7.353502 26.885939 -7.366795
v -2.503623 26.593163 -0.208645
v -5.068614 26.840630 -5.609835
v -9.197805 20.192160 5.858673
v -6.004395 19.754950 -4.979349
v -10.039301 25.484333 6.066209
v -9.084766 18.663504 4.266681
v -6.840105 18.619474 -0.622374
v -4.626471 24.157890 -6.117743
v -9.592323 22.393003 6.816110
v -5.175458 21.906034 -5.768207
v -17.553902 38.942024 8.080161
v -14.323306 39.070984 8.847360
v -16.670000 39.271858 8.301774
v -15.491028 39.536030 8.604270
v -15.282483 39.904648 8.693984
v -16.616253 39.666733 8.360333
v -9.081736 41.469593 8.470572
v -12.006916 39.989704 9.013907
v -10.026814 41.321415 8.625670
v -11.201958 40.970322 8.842555
v -11.569587 41.188347 8.911317
v -10.270514 41.638546 8.673413
v -16.296242 34.468582 7.634717
v -13.486795 34.594604 8.125080
v -17.079012 38.325203 7.887802
v -14.526346 38.838036 8.953799
v -16.961349 36.303307 7.440602
v -14.911128 33.959793 7.842398
v -13.684710 36.922092 8.637175
v -15.958886 39.272438 8.561048
v -15.305885 36.580402 8.023163
v -15.267906 34.978714 7.929814
v -13.388363 35.189064 8.420729
v -15.953766 37.804348 8.242241
v -14.110888 38.281448 8.999438
v -15.863279 36.357994 7.920260
v -14.326118 34.656525 8.142231
v -13.488057 36.888062 8.752596
v -15.198234 38.457874 8.716046
v -14.720662 36.588783 8.323099
v -14.947581 35.342812 8.118572
v -13.557533 35.558701 8.581509
v -15.445494 37.472862 8.395309
v -14.177647 37.836533 8.915752
v -15.387208 36.412918 8.157047
v -14.225561 35.146683 8.320740
v -13.682205 36.802567 8.752922
v -14.904454 37.929939 8.720011
v -14.550065 36.576820 8.447447
v -14.397207 35.967735 8.576548
v -13.775415 36.104549 8.815054
v -14.654536 36.976189 8.732883
v -14.091196 37.141064 8.948118
v -14.617589 36.480186 8.617580
v -14.045697 35.905914 8.709404
v -13.859627 36.673767 8.882957
v -14.418836 37.178886 8.860666
v -14.247787 36.561283 8.742168
v -8.072767 36.509094 7.905207
v -10.640144 35.300949 8.218714
v -9.199033 40.280483 8.146993
v -11.756186 39.525402 9.044917
v -8.330896 38.444801 7.724478
v -9.069804 35.409218 8.034533
v -11.584223 37.443291 8.706264
v -10.671122 40.584503 8.734975
v -9.956626 37.907726 8.199112
v -8.110113 36.825665 7.955259
v -9.896656 36.126339 8.325588
v -8.844057 39.639366 8.266105
v -10.739317 39.188915 8.900344
v -8.228486 38.323303 7.961395
v -8.803534 36.097721 8.113892
v -10.622702 37.669914 8.636854
v -9.845033 39.857044 8.682136
v -9.369088 37.987553 8.289135
v -8.439228 37.047047 8.051952
v -9.794848 36.581646 8.424578
v -9.011906 39.158546 8.326230
v -10.332309 38.879986 8.761539
v -8.553569 38.197868 8.101127
v -8.997032 36.533352 8.212027
v -10.276381 37.736961 8.584251
v -9.722707 39.305000 8.609756
v -9.386520 37.947369 8.336594
v -8.675047 37.483734 8.464632
v -9.302178 37.310650 8.662056
v -8.928692 38.493103 8.621089
v -9.515928 38.372482 8.798476
v -8.722509 38.039093 8.511351
v -8.964462 37.262878 8.576405
v -9.497927 37.852192 8.726292
v -9.239172 38.560276 8.730905
v -9.094292 37.936180 8.611546
v -12.858970 29.325312 8.018441
v -14.492853 32.251495 9.232092
v -16.504929 30.053631 8.133674
v -17.723589 33.027321 8.689365
v -19.216427 32.356365 7.602830
v -18.327347 33.754326 8.112904
v -13.986051 28.989132 7.944427
v -15.493950 29.310040 8.050786
v -12.030323 28.983932 7.831268
v -10.578415 29.415663 8.014443
v -17.799986 30.297235 7.433527
v -18.711401 31.116961 7.283315
v -7.500737 31.092260 8.309344
v -10.154239 30.121956 8.219502
v -8.049707 34.376205 9.581898
v -10.541761 31.230606 8.623433
v -5.030739 33.837402 8.756622
v -5.875419 36.934418 9.332619
v -4.178370 37.315365 8.419264
v -5.767981 37.895950 8.794765
v -6.393458 31.492891 8.356637
v -5.389327 32.642174 8.599377
v -7.942065 30.332090 8.053224
v -9.376249 29.812094 8.079709
v -4.072045 34.824207 8.178831
v -3.815410 36.029110 8.092035
v -13.681067 30.135918 11.352481
v -14.607091 34.066151 12.589615
v -13.083187 32.405235 7.353374
v -13.861106 34.996868 8.179466
v -8.586342 31.400084 11.520059
v -9.681542 35.288342 12.751629
v -9.925939 33.188652 7.457223
v -10.501198 35.830570 8.289982
v -14.091063 30.689434 9.156640
v -15.173714 31.609518 12.430833
v -15.156979 34.904018 10.303471
v -13.726639 33.765041 7.451607
v -11.429689 32.571335 6.830903
v -12.208490 35.577965 7.826869
v -9.999479 34.689869 7.574204
v -8.347250 32.114658 9.345571
v -9.446258 36.321033 10.491310
v -8.024641 33.383438 12.665981
v -10.947018 29.988209 11.643168
v -12.245128 34.993698 13.348267
v -12.514042 36.438686 10.623173
v -10.958274 30.444233 8.545255
v -11.510592 31.974215 13.795060
v -7.633927 34.752464 10.286556
v -11.836879 34.226982 6.720526
v -16.010401 32.673992 10.011034
v -13.996774 30.978947 -3.686689
v -14.998631 29.921221 -2.138022
v -18.964420 33.863914 5.716254
v -18.276751 34.723984 -6.131514
v -19.698198 31.597969 -2.715166
v -16.898228 33.299660 -5.786472
v -19.000267 30.255383 -2.570954
v -15.555782 27.713015 4.690313
v -14.950996 28.033644 1.243579
v -19.829369 32.285816 6.045760
v -19.951962 31.321186 0.838016
v -18.836031 30.105623 5.892579
v -18.991367 29.452707 1.181815
v -19.178644 35.233894 5.708723
v -19.685595 37.589630 -6.668578
v -21.816957 36.426041 -4.071940
v -20.269442 39.070496 6.017710
v -22.647938 37.580563 -0.100702
v -19.258034 42.160931 -6.323635
v -22.299803 39.314930 0.265285
v -20.014048 40.883232 8.126365
v -21.528858 34.079933 0.053502
v -20.101751 32.351437 0.093925
v -22.922379 31.714319 -2.501828
v -25.146910 34.765594 -1.740810
v -24.371553 37.069778 -0.484940
v -23.574696 33.298256 -0.514107
v -20.991238 31.141035 -0.260797
v -19.660698 42.821194 6.156925
v -18.483013 43.709141 -1.824137
v -19.877260 41.765850 1.646426
v -17.857510 43.693226 3.086728
v -19.561516 42.921883 8.101886
v -15.382928 31.953358 -8.357150
v -15.744083 30.430304 -5.042535
v -18.571882 33.219906 -9.019897
v -19.760771 30.938334 -5.594169
v -7.770541 32.523876 -3.481894
v -6.488725 32.032803 -1.858110
v -5.318063 37.250019 6.165115
v -5.592847 37.871273 -5.714309
v -10.891430 32.113647 -6.080589
v -10.426047 29.706642 -2.071364
v -12.038506 34.826740 8.325968
v -12.162321 37.568394 -8.592073
v -3.090634 35.718845 -2.168903
v -6.165011 35.962917 -5.433430
v -11.575737 35.095139 -7.767888
v -3.088199 34.203682 -2.047567
v -5.388745 30.235786 5.024732
v -5.858575 30.289768 1.542651
v -3.838519 36.253662 6.571738
v -10.213577 28.002861 4.321998
v -10.097181 27.982862 0.934172
v -11.348551 31.903913 9.399001
v -2.957500 35.538063 1.397005
v -3.687079 33.864567 6.390865
v -10.750719 29.786243 7.198839
v -2.953515 33.432217 1.709339
v -5.768419 38.561405 6.149818
v -5.655154 41.071037 -6.207082
v -12.512110 36.669693 8.821774
v -12.716884 39.816914 -8.694488
v -3.392458 40.997757 -3.465913
v -6.617087 42.458088 6.466768
v -13.615702 41.056915 9.277188
v -3.444477 42.345562 0.530946
v -8.188479 44.907646 -5.959530
v -13.952287 44.618389 -7.356767
v -4.584180 43.710751 0.847995
v -13.848697 41.865559 10.260491
v -7.819467 43.909103 8.527473
v -2.806330 38.725601 0.669331
v -3.260442 36.530312 0.647877
v -0.314179 37.324146 -1.758189
v 0.175971 41.049023 -0.907878
v -1.661777 42.704811 0.262040
v -0.601542 38.998642 0.241537
v -1.888616 35.881016 0.367535
v -8.914269 45.487728 6.510401
v -9.873688 45.845394 -1.540955
v -14.260221 43.832489 7.933658
v -14.546330 46.452606 -3.133465
v -7.951163 44.725101 2.038704
v -10.722013 45.463772 3.321433
v -14.448897 45.167778 3.596761
v -9.169188 45.500557 8.443714
v -14.316805 43.868717 9.380652
v -6.713760 34.104458 -8.072001
v -5.889111 32.875641 -4.718381
v -10.836893 32.012321 -6.974253
v -4.451291 36.723679 -8.555435
v -11.446717 34.641586 -8.268866
v -2.549157 35.209091 -5.028037
vn -0.3679 0.6596 0.6554
vn -0.9095 0.0424 -0.4136
vn -0.9888 -0.1463 -0.0308
vn -0.3503 0.1063 -0.9306
vn 0.6829 0.6515 -0.3306
vn 0.3420 -0.2059 -0.9169
vn 0.5887 -0.4656 -0.6608
vn 0.9109 -0.0524 0.4094
vn 0.4815 -0.8572 -0.1828
vn -0.1135 -0.9745 0.1937
vn -0.3562 0.2037 0.9119
vn -0.7252 -0.6213 0.2969
vn 0.3897 0.6456 0.6567
vn 0.3298 -0.1885 0.9250
vn 0.9049 0.3997 0.1463
vn 0.1555 0.9839 -0.0881
vn -0.4639 0.8762 0.1310
vn 0.7145 -0.6382 -0.2868
vn 0.0793 0.3628 -0.9285
vn 0.9231 -0.2611 -0.2823
vn 0.1373 -0.9880 0.0702
vn -0.9486 -0.2793 -0.1490
vn -0.6238 -0.2694 -0.7337
vn -0.3596 -0.3577 0.8619
vn -0.7114 0.6369 0.2972
vn -0.9587 0.2843 0.0005
vn 0.5971 0.3737 0.7098
vn 0.3227 0.7117 -0.6240
vn -0.0784 0.9969 -0.0056
vn -0.5690 0.5682 -0.5944
vn -0.0084 -0.2037 -0.9790
vn -0.0226 0.1555 0.9876
vn -0.3100 -0.7196 0.6214
vn 0.9663 0.2296 0.1167
vn 0.8412 -0.1629 0.5156
vn 0.1487 -0.8425 0.5177
vn 0.4968 -0.8511 0.1697
vn -0.2001 -0.9693 -0.1429
vn 0.2853 -0.7092 -0.6447
vn 0.0702 -0.6972 -0.7134
vn -0.3090 -0.7853 0.5365
vn -0.7688 -0.0694 0.6358
vn -0.6687 -0.6701 0.3222
vn -0.3642 0.6445 0.6723
vn 0.6059 0.6415 0.4705
vn -0.1292 0.9764 0.1732
vn 0.0231 0.9697 0.2431
vn -0.5790 0.6145 0.5359
vn -0.2359 0.6165 0.7512
vn -0.5826 -0.1405 0.8005
vn 0.2608 0.4619 0.8477
vn 0.2393 -0.0941 -0.9664
vn 0.2193 0.7982 -0.5610
vn 0.1118 0.7438 -0.6589
vn -0.4706 -0.1479 0.8698
vn -0.4429 -0.8003 0.4042
vn 0.2224 -0.2577 0.9403
vn 0.8253 0.5434 -0.1535
vn 0.9556 -0.1565 -0.2498
vn 0.6250 -0.7269 -0.2846
vn 0.3853 0.0149 -0.9227
vn -0.3922 -0.8828 -0.2587
vn -0.1095 -0.5712 -0.8135
vn 0.0005 -0.9991 -0.0427
vn -0.2785 0.9599 0.0314
vn -0.0568 0.7750 -0.6294
vn 0.0113 0.1292 -0.9915
vn -0.9135 0.1239 -0.3876
vn 0.6185 -0.6473 0.4456
vn -0.2825 0.2608 0.9231
vn 0.1507 -0.9360 0.3180
vn -0.4691 -0.7386 0.4842
vn -0.4802 0.6225 0.6179
vn -0.9075 -0.2664 0.3246
vn 0.6084 -0.0228 -0.7933
vn -0.4611 -0.4200 -0.7816
vn 0.1569 0.4774 -0.8646
vn 0.2861 -0.2360 -0.9287
vn 0.4868 -0.2096 -0.8480
vn 0.2456 0.8435 -0.4777
vn 0.2706 0.4128 0.8697
vn 0.4640 0.7502 -0.4710
vn 0.9063 -0.0687 -0.4171
vn -0.7335 -0.0523 -0.6777
vn -0.2676 -0.3956 -0.8786
vn 0.4988 -0.6125 -0.6132
vn 0.7287 0.0672 0.6815
vn 0.2918 -0.8670 0.4039
vn -0.0638 -0.9701 0.2340
vn -0.3016 -0.2362 -0.9237
vn 0.0290 0.9704 -0.2398
vn 0.5624 0.8264 0.0268
vn 0.3206 0.2797 0.9050
vn 0.8940 0.3112 -0.3224
vn -0.4847 0.2367 0.8421
vn -0.2354 -0.8404 0.4882
vn 0.0512 0.5126 0.8571
vn -0.3366 0.8635 -0.3755
vn -0.0551 -0.4894 -0.8703
vn -0.6057 0.6581 -0.4472
vn -0.1426 0.9399 -0.3102
vn -0.9076 0.1207 0.4020
vn -0.6302 -0.7727 -0.0756
vn -0.5287 -0.8121 0.2469
vn 0.1316 -0.9903 -0.0445
vn 0.6173 -0.6358 -0.4633
vn -0.4700 0.6202 -0.6281
vn -0.9263 0.3465 -0.1480
vn -0.9489 -0.2266 0.2196
vn 0.0690 -0.3368 0.9390
vn -0.9974 -0.0545 -0.0481
vn -0.3883 -0.9074 0.1605
vn -0.6263 0.2356 -0.7431
vn 0.4285 0.8841 -0.1863
vn -0.0556 0.3456 -0.9367
vn 0.9958 0.0603 0.0689
vn 0.5487 -0.4649 -0.6948
vn 0.6287 -0.2165 0.7469
vn -0.0338 -0.9715 -0.2345
vn 0.1475 -0.9043 -0.4006
vn -0.1299 0.9046 0.4059
vn 0.7957 -0.1446 0.5881
vn 0.0366 0.9679 0.2487
vn -0.7889 0.1706 -0.5903
vn 0.7737 0.2333 0.5890
vn -0.1318 -0.9240 0.3590
vn 0.7935 -0.6018 -0.0902
vn -0.6690 -0.7088 -0.2237
vn -0.7962 0.5958 0.1056
vn -0.8029 -0.2368 -0.5471
vn 0.0978 0.9421 -0.3208
vn 0.0836 0.1308 -0.9879
vn 0.6553 0.7147 0.2445
vn 0.6815 -0.4072 -0.6080
vn 0.5694 -0.2847 -0.7712
vn -0.5829 0.3103 0.7510
vn 0.5447 0.8330 0.0968
vn -0.6742 0.4056 0.6172
vn -0.5600 -0.8251 -0.0750
vn 0.5051 -0.8394 -0.2008
vn -0.8259 -0.4653 0.3184
vn -0.4401 -0.6405 -0.6293
vn -0.8927 0.3325 0.3041
vn -0.0607 0.6460 -0.7609
vn -0.3040 0.1284 -0.9440
vn -0.5579 0.8087 0.1866
vn 0.8421 0.4582 -0.2844
vn 0.8650 -0.3784 -0.3294
vn 0.0723 -0.6542 0.7529
vn 0.9219 -0.1672 -0.3494
vn -0.9285 0.1422 0.3430
vn 0.2946 -0.1374 0.9457
vn 0.4287 0.6187 0.6584
vn 0.3602 0.0978 0.9277
vn -0.3924 -0.1299 -0.9106
vn 0.4142 -0.5980 -0.6862
vn -0.9454 -0.3034 -0.1193
vn -0.3760 0.0524 -0.9251
vn -0.0437 0.8685 -0.4937
vn -0.4070 0.6174 0.6732
vn 0.1643 0.9787 -0.1230
vn 0.9285 0.3378 0.1541
vn 0.9082 -0.1909 -0.3725
vn -0.1692 -0.9808 0.0971
vn 0.9774 -0.0206 -0.2105
vn -0.8814 0.2275 0.4140
vn 0.1158 -0.6952 0.7094
vn -0.7599 0.3744 0.5313
vn 0.3663 -0.0594 0.9286
vn 0.2250 -0.4641 0.8567
vn -0.1650 0.7086 -0.6861
vn 0.8478 0.2219 -0.4816
vn 0.3796 0.7197 -0.5813
vn -0.9229 -0.0920 0.3740
vn -0.4287 -0.7481 0.5065
vn -0.4128 -0.8299 0.3754
vn 0.9837 -0.0738 0.1639
vn 0.4280 0.5527 0.7151
vn 0.6598 -0.1856 0.7281
vn 0.3950 -0.8882 0.2347
vn -0.3512 0.2939 0.8890
vn -0.0135 -0.2790 0.9602
vn -0.8103 0.5587 0.1769
vn -0.3130 0.8710 -0.3786
vn 0.7479 0.1145 -0.6539
vn 0.9174 0.3952 0.0460
vn -0.8589 -0.0206 0.5117
vn 0.8871 -0.4308 -0.1656
vn 0.3576 0.5941 -0.7205
vn -0.3578 0.8005 -0.4807
vn 0.6569 0.7235 -0.2122
vn -0.4594 0.6999 0.5469
vn -0.8781 0.4733 0.0694
vn 0.7876 -0.5035 -0.3553
vn 0.4250 -0.9038 0.0503
vn 0.1030 0.9781 0.1807
vn -0.1718 -0.1962 0.9654
vn 0.9962 0.0134 0.0862
vn 0.4213 0.6295 0.6528
vn -0.4306 -0.6354 -0.6409
vn 0.7381 0.1118 -0.6653
vn -0.0724 -0.9568 -0.2816
vn -0.9972 0.0220 -0.0716
vn 0.2253 0.1639 -0.9604
vn -0.7037 -0.1504 0.6943
vn 0.0846 0.9545 0.2859
vn -0.8418 -0.1205 0.5261
vn 0.8554 0.1086 -0.5065
vn -0.4146 0.8383 -0.3541
vn -0.0698 0.9926 0.0997
vn 0.4419 -0.8171 0.3702
vn 0.1155 -0.9898 -0.0835
vn -0.2654 -0.6116 0.7453
vn 0.7041 -0.5855 -0.4019
vn 0.7291 -0.3053 0.6125
vn -0.7371 -0.1564 -0.6574
vn 0.2429 0.6098 -0.7545
vn 0.5309 0.2659 -0.8046
vn -0.6956 0.6195 0.3637
vn -0.7383 0.2805 -0.6134
vn -0.6478 -0.0103 0.7617
vn 0.7031 0.4262 0.5692
vn -0.7062 0.2116 0.6756
vn 0.6314 0.0686 -0.7724
vn 0.2895 0.9222 0.2562
vn -0.2776 -0.9255 -0.2576
vn -0.6681 -0.4220 -0.6128
vn 0.5767 0.6716 0.4652
vn -0.6605 0.6585 0.3607
vn -0.9557 0.0112 -0.2942
vn -0.8904 0.0111 0.4551
vn -0.4891 0.1742 -0.8547
vn 0.0051 0.8801 -0.4747
vn 0.2029 0.4560 -0.8665
vn 0.7064 0.6241 -0.3338
vn 0.2618 0.9169 0.3014
vn 0.7133 0.5824 0.3899
vn 0.2297 0.4864 0.8430
vn -0.4064 0.6603 0.6315
vn -0.3565 0.1716 0.9184
vn 0.3217 -0.9433 -0.0820
vn 0.8522 -0.4545 0.2593
vn 0.5074 -0.7277 0.4615
vn -0.2713 0.9446 0.1850
vn -0.1189 0.8861 0.4479
vn 0.1816 0.9818 -0.0553
vn -0.8250 0.5614 -0.0646
vn -0.4764 0.8143 -0.3315
vn 0.0622 -0.7578 0.6495
vn -0.1378 -0.9828 0.1230
vn -0.4578 -0.8123 -0.3613
vn 0.3920 -0.4861 -0.7811
vn 0.0137 -0.8027 -0.5962
vn 0.4874 -0.1665 0.8571
vn -0.2163 -0.3166 0.9236
vn 0.9251 0.1217 0.3597
vn 0.9155 0.0017 -0.4023
vn 0.3152 0.0132 -0.9489
vn -0.2961 -0.3647 -0.8828
vn -0.8190 -0.4222 -0.3886
vn -0.6869 -0.6136 0.3894
vn 0.6900 -0.6650 -0.2859
vn -0.2177 0.2953 0.9303
vn -0.2207 0.3757 0.9001
vn -0.2876 0.3526 0.8905
vn -0.3099 0.2768 0.9096
vn -0.2552 0.2070 0.9444
vn -0.1921 0.2120 0.9582
vn -0.1071 0.3256 0.9394
vn -0.1371 0.2646 0.9546
vn 0.7564 0.4222 0.4996
vn 0.7190 0.4981 0.4846
vn 0.6883 0.4703 0.5523
vn 0.8052 0.4221 0.4166
vn 0.8101 0.3459 0.4735
vn 0.7780 0.3384 0.5293
vn 0.7283 0.3774 0.5719
vn 0.6847 0.4288 0.5893
vn -0.9615 0.1950 0.1937
vn -0.7773 0.5754 -0.2545
vn -0.9288 0.1364 -0.3447
vn -0.4186 0.2601 -0.8701
vn -0.5905 0.6879 -0.4219
vn -0.3746 0.6579 -0.6534
vn 0.2544 0.6058 0.7539
vn -0.0741 0.2971 0.9520
vn 0.3452 0.3307 0.8783
vn -0.0909 0.9921 0.0868
vn -0.0694 0.8533 0.5168
vn 0.1266 0.8367 0.5329
vn -0.0551 0.5259 0.8488
vn -0.4704 0.6348 0.6130
vn -0.6101 0.2357 0.7565
vn 0.0071 -0.9974 -0.0714
vn -0.2580 -0.8854 0.3867
vn -0.4204 -0.9060 0.0490
vn -0.4429 -0.8209 -0.3604
vn 0.4069 -0.0240 0.9132
vn -0.0008 -0.4336 0.9011
vn 0.4174 -0.3274 0.8477
vn -0.8887 -0.2183 -0.4031
vn -0.5891 -0.4705 -0.6570
vn -0.7440 -0.5104 -0.4312
vn -0.7056 0.2045 -0.6784
vn -0.8586 -0.5013 0.1077
vn -0.6195 -0.0805 0.7808
vn -0.5397 -0.5136 0.6670
vn -0.3212 -0.8161 -0.4803
vn 0.0425 -0.8617 0.5056
vn 0.3305 -0.7914 0.5143
vn -0.9787 -0.1157 0.1697
vn -0.7058 -0.1240 -0.6975
vn -0.3338 0.9322 0.1398
vn -0.0463 -0.0238 0.9986
vn -0.7082 0.6800 0.1898
vn 0.0936 -0.9923 -0.0808
vn -0.3997 -0.0394 -0.9158
vn -0.3155 -0.4368 -0.8424
vn -0.1289 -0.8335 -0.5373
vn 0.7239 0.4147 -0.5514
vn 0.1957 0.7022 -0.6846
vn 0.4522 0.8313 -0.3233
vn -0.0720 0.7555 -0.6512
vn 0.6785 0.3952 0.6192
vn 0.2386 0.8934 0.3807
vn 0.1184 0.9911 -0.0601
vn 0.6161 0.7764 0.1327
vn 0.5417 0.6037 0.5849
vn 0.8973 0.4322 0.0900
vn 0.6400 -0.7683 -0.0102
vn 0.1577 -0.9778 -0.1380
vn 0.5036 -0.7856 -0.3596
vn 0.2013 -0.7370 -0.6452
vn 0.0338 -0.7699 -0.6373
vn 0.7509 -0.3356 0.5688
vn 0.0046 -0.3931 -0.9195
vn 0.3302 -0.0595 -0.9420
vn 0.2785 -0.3771 -0.8833
vn -0.0804 0.2860 -0.9548
vn 0.3226 0.2995 -0.8979
vn 0.7440 -0.2924 -0.6008
vn 0.7844 0.1141 -0.6097
vn 0.9892 0.1291 0.0696
vn 0.9475 -0.3198 0.0095
vn 0.5263 -0.7987 0.2917
vn -0.0235 -0.0350 -0.9991
vn 0.7635 0.0817 0.6406
vn 0.1148 -0.4365 0.8923
vn -0.0195 -0.4233 0.9058
vn -0.0498 -0.4383 0.8974
vn -0.0655 -0.4407 0.8953
vn -0.0467 -0.4115 0.9102
vn 0.2456 -0.4496 0.8588
vn 0.2678 -0.4698 0.8412
vn 0.2810 -0.4751 0.8339
vn 0.2744 -0.4433 0.8533
vn 0.0197 -0.3617 0.9321
vn 0.1024 -0.3708 0.9231
vn 0.0017 -0.3678 0.9299
vn 0.1410 -0.3863 0.9115
vn 0.1060 -0.3659 0.9246
vn 0.1922 0.2358 0.9526
vn -0.6310 -0.3973 0.6663
vn 0.1304 -0.3453 0.9294
vn 0.4753 0.1585 -0.8654
vn 0.5313 0.5776 -0.6198
vn 0.8631 -0.2105 -0.4590
vn -0.0212 0.8165 -0.5770
vn 0.3179 0.7848 -0.5320
vn 0.7167 -0.6802 0.1539
vn 0.9891 -0.0109 -0.1470
vn 0.8613 -0.0619 0.5042
vn 0.4320 -0.3262 -0.8408
vn 0.7535 -0.3144 -0.5774
vn -0.7461 -0.2093 -0.6321
vn -0.9911 -0.0266 -0.1304
vn -0.7020 0.2753 -0.6568
vn -0.1989 -0.5012 -0.8422
vn -0.7372 -0.5359 0.4115
vn -0.9628 0.1828 0.1989
vn -0.8076 -0.4507 0.3803
vn -0.1368 -0.9628 -0.2331
vn 0.7321 -0.5325 0.4248
vn -0.9502 -0.1454 -0.2755
vn 0.7872 -0.6089 0.0976
vn -0.6333 0.0863 0.7691
vn -0.5901 0.6888 -0.4210
vn -0.3243 0.8485 -0.4183
vn 0.7994 0.2261 0.5566
vn 0.1976 0.3718 0.9070
vn 0.5404 0.7844 -0.3045
vn -0.5036 0.3553 0.7875
vn -0.1650 0.0912 -0.9821
vn -0.4517 0.8828 -0.1287
vn 0.0048 0.8838 -0.4679
vn 0.1244 0.9803 0.1533
vn 0.0343 0.9420 -0.3339
vn -0.8317 0.0927 0.5474
vn -0.8244 0.0901 0.5588
vn -0.8331 0.0749 0.5480
vn -0.8375 0.0369 0.5451
vn -0.8288 -0.1535 0.5381
vn -0.8812 -0.0703 0.4676
vn -0.7996 0.0563 0.5979
vn -0.7397 0.0177 0.6727
vn -0.7215 0.0305 0.6917
vn -0.8773 0.1053 0.4683
vn -0.8184 0.2002 0.5386
vn -0.8875 0.2760 0.3689
vn 0.9664 -0.0876 0.2415
vn 0.9698 -0.0860 0.2282
vn 0.9679 -0.1037 0.2289
vn 0.9638 -0.1418 0.2259
vn 0.9170 -0.3267 0.2287
vn 0.9501 -0.2126 0.2283
vn 0.9505 -0.1173 0.2878
vn 0.9056 -0.1309 0.4034
vn 0.9135 -0.1463 0.3797
vn 0.9872 -0.0797 0.1379
vn 0.9571 -0.2526 0.1418
vn 0.9751 0.0223 0.2208
vn 0.9954 0.0893 0.0353
vn -0.1898 -0.7191 -0.6685
vn -0.6459 -0.7062 -0.2899
vn -0.4567 -0.7908 -0.4074
vn -0.2213 -0.8841 -0.4115
vn -0.8992 -0.4303 0.0791
vn -0.8555 -0.5076 -0.1025
vn -0.6785 0.5620 -0.4730
vn -0.1896 -0.1911 -0.9631
vn -0.1441 0.2551 -0.9561
vn -0.8019 -0.4187 -0.4262
vn 0.1805 0.0672 0.9813
vn -0.6357 0.2352 0.7352
vn 0.1496 -0.2156 0.9650
vn -0.5243 0.3025 0.7960
vn -0.9641 0.0847 0.2516
vn -0.9933 0.0444 0.1065
vn -0.1943 -0.9393 -0.2827
vn -0.2690 -0.6532 -0.7078
vn -0.0602 -0.9765 0.2071
vn -0.6172 -0.7142 0.3302
vn -0.7128 -0.3396 0.6137
vn 0.0523 -0.7162 0.6960
vn -0.4502 -0.0490 0.8916
vn -0.7084 -0.1873 0.6805
vn -0.7731 0.1289 -0.6210
vn -0.6869 -0.2731 -0.6736
vn -0.5515 0.0618 0.8319
vn -0.7267 0.4268 -0.5383
vn -0.6796 0.6124 0.4038
vn 0.1556 -0.1694 0.9732
vn -0.7189 0.1467 0.6795
vn -0.1224 -0.7924 0.5976
vn -0.8087 -0.5134 -0.2871
vn -0.7218 0.6619 0.2021
vn -0.6248 0.6298 -0.4615
vn -0.1649 0.0921 -0.9820
vn -0.0707 0.6457 -0.7603
vn -0.5253 0.8227 0.2175
vn 0.1071 0.9931 0.0485
vn -0.3090 0.7949 0.5221
vn 0.1812 0.7968 0.5764
vn 0.0770 0.9898 -0.1197
vn -0.3844 0.9183 0.0947
vn -0.9586 0.2762 0.0698
vn -0.5180 -0.1797 0.8363
vn -0.3488 0.8068 0.4770
vn -0.1864 0.9767 0.1066
vn 0.1310 0.9720 0.1949
vn -0.4710 0.8776 0.0891
vn 0.1445 -0.2522 0.9568
vn -0.6625 -0.0073 0.7490
vn 0.1002 -0.5130 0.8525
vn -0.1327 0.3309 -0.9343
vn -0.1524 -0.9277 -0.3408
vn -0.6530 0.4888 -0.5785
vn -0.1314 -0.9715 -0.1975
vn 0.3614 -0.8062 -0.4684
vn 0.1312 -0.8492 -0.5116
vn -0.1047 -0.8957 -0.4322
vn 0.7729 -0.5962 -0.2172
vn 0.6561 -0.6575 -0.3703
vn 0.5708 0.4381 -0.6944
vn 0.3512 -0.3760 -0.8575
vn 0.5135 -0.5492 -0.6593
vn 0.8804 0.0848 0.4666
vn 0.8113 0.1700 0.5594
vn 0.9895 -0.1091 -0.0946
vn 0.8482 -0.3417 0.4047
vn 0.9593 -0.1493 -0.2395
vn -0.0963 -0.9490 -0.3001
vn -0.1729 -0.8478 -0.5013
vn 0.8005 -0.4897 0.3455
vn 0.5446 -0.8294 0.1243
vn 0.7086 -0.1640 0.6863
vn 0.8027 -0.0725 0.5919
vn 0.5251 0.0001 -0.8511
vn 0.5673 0.2985 -0.7676
vn 0.8799 0.4577 0.1275
vn 0.9211 -0.0160 0.3889
vn 0.1651 -0.8210 0.5466
vn 0.8596 0.5050 -0.0782
vn 0.5382 0.5144 -0.6676
vn 0.7145 0.6997 -0.0022
vn 0.6137 0.7034 0.3586
vn 0.6313 0.7682 -0.1062
vn 0.5611 0.8245 -0.0729
vn 0.9590 0.0860 -0.2700
vn 0.6372 0.7089 0.3022
vn 0.7273 -0.3032 0.6157
vn 0.5491 -0.6481 -0.5277
vn 0.3940 0.9191 0.0037
vn 0.8636 -0.1587 0.4786
vn -0.1177 -0.6682 -0.7346
vn 0.4975 0.3746 -0.7824
vn -0.1043 -0.0898 0.9905
vn -0.1150 -0.0821 0.9900
vn -0.1085 -0.0866 0.9903
vn -0.0754 -0.1025 0.9919
vn -0.0838 -0.1007 0.9914
vn -0.0917 -0.0985 0.9909
vn 0.4009 -0.1003 0.9106
vn 0.4049 -0.0971 0.9092
vn 0.4111 -0.0927 0.9069
vn 0.3737 -0.1128 0.9207
vn 0.3890 -0.1089 0.9148
vn 0.3815 -0.1110 0.9177
vn -0.1286 -0.0839 0.9882
vn -0.1902 -0.1501 0.9702
vn -0.2002 -0.1402 0.9697
vn -0.1818 -0.1323 0.9744
vn -0.1334 -0.0157 0.9909
vn -0.0402 0.0109 0.9991
vn -0.0399 -0.0675 0.9969
vn 0.0174 -0.0357 0.9992
vn -0.1321 -0.1051 0.9856
vn -0.1506 -0.1675 0.9743
vn -0.1818 -0.1562 0.9709
vn -0.1859 -0.1416 0.9723
vn -0.1371 -0.0708 0.9880
vn -0.1065 -0.0404 0.9935
vn -0.0721 -0.0736 0.9947
vn -0.0652 -0.0553 0.9963
vn -0.1390 -0.0994 0.9853
vn -0.1479 -0.1606 0.9759
vn -0.1742 -0.1516 0.9730
vn -0.1766 -0.1396 0.9743
vn -0.1353 -0.0867 0.9870
vn -0.1353 -0.0476 0.9897
vn -0.1163 -0.0520 0.9919
vn -0.1237 -0.0476 0.9912
vn -0.1382 -0.1040 0.9849
vn -0.1436 -0.1545 0.9775
vn -0.1505 -0.1508 0.9770
vn -0.1450 -0.1467 0.9785
vn -0.1256 -0.1165 0.9852
vn -0.1819 -0.0511 0.9820
vn -0.1111 -0.0419 0.9929
vn -0.1535 -0.0338 0.9876
vn 0.4387 -0.1401 0.8876
vn 0.4768 -0.2163 0.8520
vn 0.4575 -0.2065 0.8649
vn 0.4739 -0.1973 0.8582
vn 0.4571 -0.0743 0.8863
vn 0.3791 -0.0307 0.9248
vn 0.3173 -0.0654 0.9461
vn 0.3632 -0.1075 0.9255
vn 0.4371 -0.1616 0.8848
vn 0.4384 -0.2259 0.8699
vn 0.4294 -0.1973 0.8813
vn 0.4751 -0.2071 0.8552
vn 0.4490 -0.1290 0.8842
vn 0.4285 -0.0934 0.8987
vn 0.3886 -0.1003 0.9159
vn 0.3909 -0.1196 0.9126
vn 0.4444 -0.1572 0.8819
vn 0.4377 -0.2187 0.8721
vn 0.4333 -0.1714 0.8848
vn 0.4677 -0.2035 0.8602
vn 0.4440 -0.1442 0.8844
vn 0.4523 -0.1059 0.8855
vn 0.4422 -0.1038 0.8909
vn 0.4347 -0.1066 0.8942
vn 0.4427 -0.1616 0.8820
vn 0.4355 -0.2119 0.8749
vn 0.4377 -0.1640 0.8840
vn 0.4386 -0.2046 0.8751
vn 0.4288 -0.1715 0.8870
vn 0.4920 -0.1180 0.8626
vn 0.4710 -0.0957 0.8769
vn 0.4323 -0.0958 0.8966
vn 0.0885 -0.3170 0.9443
vn 0.1050 -0.3650 0.9251
vn 0.0069 -0.2513 0.9679
vn -0.1164 -0.1777 0.9772
vn -0.2663 0.0627 0.9618
vn -0.3925 0.0529 0.9182
vn 0.2321 -0.0372 0.9720
vn 0.1026 -0.3722 0.9224
vn 0.1128 -0.3066 0.9451
vn -0.6220 -0.0868 0.7782
vn 0.1469 -0.3313 0.9320
vn 0.3874 -0.3007 0.8715
vn 0.2512 -0.3110 0.9166
vn 0.6913 -0.2116 0.6909
vn 0.6097 -0.1510 0.7781
vn 0.1645 -0.0206 0.9862
vn 0.1320 -0.3113 0.9411
vn 0.7628 -0.4247 0.4877
vn -0.9762 0.2165 0.0092
vn -0.4378 0.7593 -0.4814
vn -0.6711 0.2897 -0.6824
vn -0.0296 0.7917 -0.6102
vn 0.4408 0.1794 -0.8795
vn -0.1397 0.2852 -0.9482
vn 0.9433 0.0260 -0.3310
vn 0.6576 0.4722 0.5871
vn 0.8398 -0.2879 0.4604
vn 0.1338 -0.3239 0.9366
vn -0.3157 0.5687 0.7595
vn -0.6714 -0.1380 0.7281
vn -0.1722 -0.8516 -0.4951
vn 0.4988 -0.8534 0.1515
vn -0.0408 -0.9522 0.3027
vn 0.1138 0.9896 0.0884
vn 0.1981 0.5602 0.8043
vn 0.6684 0.7364 -0.1048
vn 0.3840 0.6778 -0.6270
vn -0.5704 -0.7473 0.3409
vn -0.7814 -0.5509 -0.2931
vn -0.6740 -0.2232 -0.7042
vn 0.3384 -0.3236 -0.8836
vn -0.1974 -0.3652 -0.9097
vn 0.5148 -0.6794 -0.5228
vn 0.0774 -0.4311 0.8990
vn -0.0505 -0.4641 0.8844
vn -0.0696 -0.4861 0.8711
vn -0.0813 -0.4919 0.8669
vn -0.0775 -0.4609 0.8841
vn 0.2066 -0.4003 0.8928
vn 0.2345 -0.4106 0.8811
vn 0.2478 -0.4102 0.8777
vn 0.2289 -0.3848 0.8942
vn -0.0307 -0.4107 0.9112
vn 0.0526 -0.3365 0.9402
vn -0.0300 -0.4221 0.9060
vn -0.0059 -0.4481 0.8940
vn 0.0172 -0.4683 0.8834
vn 0.1625 -0.3628 0.9176
vn 0.0431 -0.3002 0.9529
vn 0.1591 -0.4071 0.8994
vn 0.1488 -0.4356 0.8877
vn -0.0872 0.2228 0.9710
vn -0.5389 -0.6290 0.5603
vn 0.0546 -0.3443 0.9373
vn 0.5201 0.3688 -0.7704
vn 0.3918 0.7591 -0.5199
vn 0.9413 0.1251 -0.3136
vn -0.1798 0.8003 -0.5721
vn 0.1186 0.8746 -0.4702
vn 0.8541 -0.3828 0.3520
vn 0.9384 0.3408 0.0565
vn 0.6903 0.1848 0.6996
vn 0.6506 -0.0909 -0.7540
vn 0.8952 -0.0153 -0.4454
vn -0.4847 -0.3726 -0.7913
vn -0.8693 -0.3242 -0.3731
vn -0.5832 0.0950 -0.8067
vn 0.1473 -0.4788 -0.8655
vn -0.5964 -0.7428 0.3043
vn -0.9904 -0.1378 -0.0070
vn -0.6752 -0.7127 0.1900
vn 0.2406 -0.9356 -0.2584
vn 0.7344 -0.3130 0.6022
vn -0.7549 -0.4248 -0.4997
vn 0.9167 -0.3177 0.2424
vn -0.7385 -0.1698 0.6526
vn -0.6679 0.4962 -0.5547
vn -0.4839 0.7250 -0.4900
vn 0.5312 0.4461 0.7202
vn -0.1185 0.3547 0.9274
vn 0.2782 0.9415 -0.1904
vn -0.7215 0.1353 0.6790
vn 0.0088 0.0965 -0.9953
vn -0.6733 0.7054 -0.2217
vn -0.1994 0.8646 -0.4613
vn -0.2426 0.9549 0.1711
vn -0.2179 0.9208 -0.3235
vn -0.1252 0.3590 -0.9249
vn -0.6159 -0.7290 -0.2987
vn -0.8784 -0.3755 -0.2957
vn -0.0027 -0.9983 0.0576
vn 0.9798 -0.1484 -0.1341
vn 0.3927 -0.6788 0.6205
vn 0.3944 -0.3121 0.8643
vn 0.6149 0.7230 0.3150
vn -0.0154 0.1457 0.9892
vn -0.6532 0.2861 0.7011
vn -0.4085 0.6720 -0.6177
vn -0.9901 0.0972 0.1009
vn 0.4955 0.6474 -0.5791
vn -0.0552 0.9985 0.0060
vn 0.9116 0.4106 0.0200
vn 0.6679 -0.1763 -0.7231
vn 0.0522 -0.1949 -0.9794
vn 0.8802 -0.1634 -0.4455
vn 0.5297 0.5631 0.6343
vn 0.9267 -0.3704 -0.0632
vn 0.3352 0.0124 -0.9421
vn -0.5369 0.7787 -0.3247
vn 0.0553 0.9930 -0.1048
vn -0.6902 -0.3409 -0.6382
vn -0.8875 0.1513 0.4354
vn -0.7926 0.5872 0.1641
vn -0.0911 -0.9743 0.2062
vn 0.4178 0.1275 0.8996
vn -0.3350 -0.1013 0.9368
vn -0.2202 0.7216 0.6563
vn 0.6462 0.7571 0.0959
vn -0.6595 -0.7360 -0.1528
vn -0.4061 -0.1399 -0.9030
vn 0.5837 -0.7587 0.2893
vn -0.5103 0.4825 0.7119
vn -0.7440 0.6317 -0.2178
vn -0.9626 0.2688 0.0325
vn -0.7422 0.0163 -0.6700
vn -0.8297 -0.5282 -0.1804
vn -0.6993 -0.6061 -0.3789
vn -0.4580 0.6720 -0.5820
vn 0.4065 0.6645 -0.6270
vn -0.1894 0.4435 -0.8761
vn 0.8085 0.5819 0.0875
vn 0.2928 0.3289 0.8979
vn 0.9253 0.0129 0.3790
vn 0.7181 0.6669 0.1990
vn 0.9590 -0.1364 0.2483
vn 0.8817 0.4496 -0.1434
vn 0.2568 0.8456 -0.4680
vn 0.3522 0.7486 0.5617
vn -0.3003 -0.9531 0.0370
vn 0.5101 -0.6850 0.5203
vn 0.5084 -0.7725 0.3805
vn 0.2021 0.9080 -0.3669
vn -0.4203 0.5485 -0.7228
vn -0.2359 0.9535 0.1876
vn 0.0313 -0.2771 0.9603
vn -0.6424 -0.2748 0.7154
vn -0.9685 -0.2020 0.1458
vn -0.2996 -0.9274 0.2241
vn -0.5747 -0.1151 -0.8102
vn -0.5341 -0.7238 -0.4370
vn -0.8608 0.1241 -0.4936
vn 0.8364 0.0911 0.5404
vn 0.5834 -0.7462 0.3206
vn -0.0689 -0.9969 0.0384
vn 0.5246 -0.4177 -0.7419
vn -0.6984 -0.7140 -0.0504
vn -0.7477 0.6180 0.2429
vn -0.6175 -0.5085 -0.6001
vn 0.0135 -0.9167 -0.3993
vn -0.9878 -0.1349 0.0774
vn -0.4142 -0.6124 -0.6734
vn 0.5193 -0.8079 -0.2788
vn 0.8578 0.2716 -0.4364
vn 0.7633 -0.5666 0.3104
vn 0.7637 -0.6059 -0.2226
vn 0.6698 -0.7399 -0.0619
vn -0.7620 -0.2705 0.5884
vn -0.0180 0.9156 0.4017
vn -0.1803 0.9515 0.2494
vn 0.2654 -0.8915 0.3671
vn 0.5988 0.3260 -0.7315
vn -0.0091 0.3136 -0.9495
vn 0.9895 0.1401 -0.0356
vn -0.0192 -0.3110 0.9502
vn 0.5688 -0.7899 0.2292
vn -0.1565 0.0608 -0.9858
vn 0.8044 -0.1060 -0.5846
vn 0.5286 0.3871 0.7555
vn 0.1735 -0.0434 0.9839
vn -0.7944 0.1234 0.5947
vn -0.5984 -0.3051 0.7409
vn 0.4001 0.6041 0.6892
vn -0.6528 0.7539 0.0732
vn -0.5202 -0.3694 -0.7700
vn 0.2044 -0.9532 -0.2228
vn -0.5798 0.7850 -0.2181
vn 0.7654 0.2995 -0.5697
vn -0.2554 0.9009 -0.3510
vn 0.6088 0.5078 0.6095
vn 0.6901 0.7219 0.0506
vn -0.1199 0.7696 -0.6272
vn -0.1256 0.1070 -0.9863
vn 0.1518 -0.5375 -0.8295
vn 0.7761 0.0366 0.6295
vn 0.4986 0.6842 0.5323
vn 0.1297 0.9915 0.0106
vn -0.7737 -0.0214 0.6332
vn -0.4061 -0.6220 -0.6695
vn -0.2811 -0.8971 0.3409
vn 0.3366 -0.3442 -0.8765
vn 0.2767 0.9038 -0.3265
vn 0.7843 0.0436 -0.6189
vn 0.3672 0.6320 0.6825
vn 0.8919 -0.2379 0.3846
vn -0.3492 0.3596 0.8653
vn 0.3038 -0.8283 0.4708
vn 0.5323 -0.6991 0.4774
vn -0.8985 0.2453 -0.3641
vn -0.5324 0.7020 -0.4731
vn -0.3371 0.8147 -0.4719
vn -0.1530 0.4723 0.8680
vn 0.1292 -0.4519 -0.8827
vn -0.3793 0.2432 0.8927
vn -0.8808 -0.1617 -0.4450
vn -0.5818 -0.6903 0.4301
vn -0.2289 -0.2616 -0.9376
vn 0.5868 0.6923 -0.4200
vn 0.3869 -0.2223 -0.8949
vn 0.8785 0.1824 0.4415
vn 0.6676 -0.7442 -0.0226
vn 0.2266 0.2890 0.9301
vn -0.0619 -0.9482 0.3116
vn 0.1637 -0.9593 0.2299
vn -0.1401 0.9618 -0.2352
vn 0.0543 0.9518 -0.3019
vn 0.4494 0.2754 0.8498
vn -0.4444 -0.2531 -0.8593
vn 0.1427 -0.1859 0.9721
vn -0.9833 -0.1265 0.1312
vn -0.3299 -0.8540 0.4022
vn -0.7392 -0.0031 -0.6735
vn 0.5139 -0.5362 -0.6696
vn 0.2223 -0.9334 -0.2817
vn -0.1693 0.1455 -0.9748
vn 0.9814 0.1677 -0.0931
vn 0.6909 -0.0664 0.7199
vn -0.5032 0.5298 0.6827
vn 0.8704 0.0023 0.4923
vn -0.2103 0.9183 0.3353
vn -0.8990 -0.0374 -0.4363
vn 0.2819 0.8750 -0.3937
vn -0.0519 0.9941 0.0957
vn 0.0279 -0.9981 -0.0551
vn 0.3169 -0.5986 0.7357
vn -0.5936 -0.7170 -0.3655
vn 0.3935 -0.8903 -0.2291
vn -0.5583 0.1551 -0.8150
vn 0.6824 0.4060 -0.6078
vn 0.7769 -0.0053 -0.6296
vn -0.3142 0.5509 -0.7731
vn 0.5910 0.7213 0.3612
vn 0.6327 0.0823 0.7700
vn -0.6714 -0.4338 0.6009
vn 0.6598 0.3628 0.6581
vn -0.6381 -0.0901 -0.7646
vn -0.7470 0.3180 0.5839
vn -0.4077 0.8871 0.2162
vn -0.6289 0.6309 0.4544
vn 0.7454 -0.3295 -0.5794
vn 0.1333 -0.9903 -0.0399
vn 0.4040 -0.7397 0.5381
vn 0.0058 0.9856 0.1691
vn -0.3281 0.7666 -0.5520
vn -0.2055 0.7271 -0.6550
vn -0.5181 -0.8015 -0.2984
vn -0.8206 -0.2796 0.4985
vn -0.9229 -0.2809 -0.2634
vn -0.3807 -0.0465 -0.9235
vn -0.6943 0.5486 0.4659
vn -0.8908 0.4271 -0.1555
vn 0.1343 0.6269 0.7674
vn 0.4737 -0.0926 0.8758
vn 0.3343 -0.9300 -0.1528
vn -0.3814 -0.9117 0.1528
vn -0.1719 0.9516 0.2547
vn -0.1853 -0.7440 -0.6419
vn 0.5404 -0.7379 0.4043
vn 0.5838 -0.0701 0.8089
vn -0.0436 -0.8608 0.5071
vn -0.3348 0.4131 0.8469
vn 0.2662 0.6819 0.6813
vn 0.0425 -0.6858 -0.7266
vn -0.2102 -0.1123 -0.9712
vn -0.2022 -0.2959 0.9336
vn -0.6547 -0.7393 -0.1578
vn 0.6733 -0.6751 0.3015
vn -0.2062 -0.6424 0.7381
vn 0.1920 0.6359 -0.7475
vn 0.9591 0.1239 0.2546
vn 0.2774 0.0519 -0.9593
vn -0.7073 0.6572 -0.2605
vn 0.6872 0.7144 0.1320
vn -0.9329 -0.2078 -0.2943
vn -0.3152 -0.0920 0.9446
vn -0.9424 0.0886 -0.3226
vn 0.9385 -0.1587 0.3066
vn -0.2103 0.7310 0.6491
vn -0.3038 0.2046 0.9305
vn 0.2343 -0.7573 -0.6097
vn 0.2973 -0.2505 -0.9213
vn -0.5329 -0.5188 -0.6685
vn 0.8176 -0.5442 -0.1879
vn -0.0458 -0.9959 0.0778
vn 0.0565 0.9927 -0.1064
vn 0.8623 0.1803 0.4732
vn 0.1793 0.8550 -0.4866
vn -0.8145 0.5472 0.1928
vn 0.5795 0.5172 0.6298
vn -0.9425 0.0150 -0.3340
vn -0.2661 -0.6494 0.7123
vn -0.9619 0.2397 -0.1314
vn 0.9432 -0.0255 0.3313
vn -0.3148 0.0695 0.9466
vn -0.3227 -0.3394 0.8836
vn 0.3328 -0.0730 -0.9402
vn 0.2672 0.6400 -0.7204
vn -0.2982 0.9524 -0.0635
vn -0.2073 0.4317 -0.8779
vn -0.7728 0.5281 -0.3521
vn 0.4767 0.2564 -0.8408
vn 0.7218 0.6877 -0.0777
vn 0.9371 0.1520 -0.3143
vn 0.8786 0.1245 0.4611
vn 0.3038 0.6893 0.6576
vn 0.3057 0.1520 0.9399
vn -0.3440 0.3489 0.8717
vn -0.4014 0.8617 0.3103
vn -0.8176 0.4266 0.3867
vn -0.1922 -0.9768 -0.0946
vn -0.0095 -0.7700 0.6380
vn -0.4106 -0.8006 0.4364
vn 0.1451 0.9715 0.1876
vn -0.0206 0.8783 0.4777
vn 0.5653 0.7413 0.3617
vn -0.0698 0.8812 -0.4675
vn 0.3646 0.8803 -0.3035
vn -0.7665 -0.5850 0.2653
vn -0.6062 -0.7337 -0.3068
vn -0.2672 -0.5406 -0.7977
vn 0.5436 -0.7387 -0.3984
vn 0.1035 -0.7911 -0.6029
vn -0.4803 -0.3175 0.8177
vn -0.9305 -0.0453 0.3634
vn 0.2067 -0.3232 0.9235
vn 0.7638 -0.5067 0.3998
vn 0.8581 -0.3024 -0.4151
vn 0.3557 -0.3166 -0.8794
vn -0.2593 -0.0293 -0.9653
vn -0.9018 -0.0996 -0.4204
vn 0.2814 -0.9507 0.1303
vn -0.8303 0.3546 0.4300
vn -0.7923 0.4449 0.4175
vn -0.8259 0.4324 0.3619
vn -0.8629 0.3559 0.3588
vn -0.8738 0.2656 0.4074
vn -0.8566 0.2467 0.4531
vn -0.7768 0.3749 0.5059
vn -0.8159 0.3053 0.4911
vn 0.2155 0.3538 0.9102
vn 0.2003 0.4441 0.8733
vn 0.1399 0.4207 0.8964
vn 0.2907 0.3551 0.8885
vn 0.2608 0.2648 0.9284
vn 0.2150 0.2460 0.9451
vn 0.1597 0.3046 0.9390
vn 0.1231 0.3743 0.9191
vn -0.8898 -0.2653 0.3714
vn -0.8872 -0.2676 0.3759
vn -0.8884 -0.2780 0.3652
vn -0.8760 -0.3037 0.3747
vn -0.8085 -0.4657 0.3598
vn -0.8686 -0.4052 0.2851
vn -0.8469 -0.2836 0.4498
vn -0.7893 -0.2992 0.5362
vn -0.7777 -0.2759 0.5649
vn -0.9249 -0.2343 0.2994
vn -0.9165 -0.1250 0.3800
vn -0.9775 -0.0656 0.2007
vn 0.8843 0.1720 0.4341
vn 0.8858 0.1753 0.4298
vn 0.8909 0.1635 0.4238
vn 0.8913 0.1348 0.4328
vn 0.9084 -0.0397 0.4163
vn 0.9033 0.0721 0.4228
vn 0.8517 0.1378 0.5056
vn 0.7798 0.1105 0.6161
vn 0.8027 0.0958 0.5886
vn 0.9067 0.2202 0.3596
vn 0.9378 0.0430 0.3446
vn 0.8433 0.3116 0.4379
vn 0.8804 0.3954 0.2618
vn -0.4961 0.7996 -0.3384
vn -0.2912 0.3334 -0.8967
vn -0.6849 0.4229 -0.5933
vn 0.3921 0.3436 -0.8534
vn -0.0083 0.7758 -0.6309
vn 0.2905 0.7188 -0.6316
vn -0.3272 0.6194 0.7136
vn -0.7471 0.3421 0.5699
vn -0.3863 0.3766 0.8420
vn -0.0377 0.9958 0.0836
vn -0.3506 0.8729 0.3394
vn -0.2247 0.8419 0.4907
vn -0.6232 0.5866 0.5172
vn -0.6685 0.7372 0.0988
vn -0.9184 0.3932 0.0446
vn -0.0101 -0.9897 -0.1428
vn -0.5113 -0.8588 -0.0305
vn -0.3700 -0.8451 -0.3858
vn -0.0634 -0.7514 -0.6568
vn -0.3253 -0.6272 0.7076
vn -0.8383 -0.0641 0.5414
vn -0.7149 -0.5465 0.4362
vn -0.2430 -0.0311 -0.9695
vn 0.1191 -0.3578 -0.9262
vn -0.1656 -0.3688 -0.9146
vn -0.2556 0.6956 -0.6715
vn 0.0728 0.3274 -0.9421
vn -0.6640 -0.3746 -0.6471
vn -0.9997 0.0175 0.0190
vn -0.8888 -0.4575 -0.0275
vn 0.1247 -0.7673 -0.6290
vn -0.1575 -0.9266 0.3415
vn -0.3726 -0.9001 0.2259
vn -0.7432 0.0833 -0.6638
vn 0.0805 -0.0064 -0.9967
vn -0.2237 0.9733 -0.0514
vn -0.4156 -0.0914 0.9050
vn 0.0431 -0.9945 -0.0955
vn 0.4172 0.0175 -0.9086
vn 0.3864 -0.3763 -0.8421
vn 0.2477 -0.8038 -0.5408
vn 0.8702 0.3326 -0.3634
vn 0.5809 0.7988 0.1561
vn 0.8969 0.4217 0.1330
vn 0.4848 0.7755 -0.4045
vn 0.0551 0.3416 0.9382
vn -0.0278 0.8726 0.4876
vn 0.1859 0.9730 0.1367
vn 0.3616 0.7364 0.5718
vn 0.0147 0.5862 0.8100
vn 0.5652 0.3921 0.7258
vn 0.3554 -0.8595 0.3674
vn 0.1137 -0.9898 -0.0859
vn 0.5328 -0.8458 0.0287
vn 0.5386 -0.7518 -0.3804
vn 0.3948 -0.7675 -0.5050
vn 0.1357 -0.0648 0.9886
vn 0.6244 -0.3581 -0.6942
vn 0.8936 -0.0319 -0.4476
vn 0.8012 -0.3695 -0.4707
vn 0.6674 0.3270 -0.6691
vn 0.6766 0.6949 -0.2434
vn 0.9231 -0.3757 0.0816
vn 0.9880 0.0821 0.1310
vn 0.6372 0.0163 0.7705
vn 0.5996 -0.4586 0.6558
vn 0.1345 -0.5471 0.8262
vn 0.7034 -0.0068 -0.7107
vn 0.0705 -0.9004 0.4293
vn -0.2294 -0.1060 0.9675
vn -0.2404 -0.0990 0.9656
vn -0.2337 -0.1031 0.9668
vn -0.2002 -0.1170 0.9727
vn -0.2085 -0.1156 0.9712
vn -0.2165 -0.1139 0.9696
vn 0.1856 0.0024 0.9826
vn 0.1879 0.0071 0.9822
vn 0.1918 0.0140 0.9813
vn 0.1652 -0.0215 0.9860
vn 0.1780 -0.0108 0.9840
vn 0.1719 -0.0162 0.9850
vn -0.2833 -0.1854 0.9409
vn -0.3145 -0.2669 0.9109
vn -0.3270 -0.2608 0.9083
vn -0.3136 -0.2476 0.9167
vn -0.3111 -0.1229 0.9424
vn -0.2356 -0.0678 0.9695
vn -0.2087 -0.1415 0.9677
vn -0.1670 -0.0929 0.9816
vn -0.2790 -0.2064 0.9379
vn -0.2730 -0.2705 0.9232
vn -0.3048 -0.2699 0.9134
vn -0.3138 -0.2575 0.9139
vn -0.2955 -0.1759 0.9390
vn -0.2785 -0.1375 0.9505
vn -0.2359 -0.1577 0.9589
vn -0.2360 -0.1382 0.9619
vn -0.2872 -0.2032 0.9361
vn -0.2731 -0.2632 0.9253
vn -0.2998 -0.2632 0.9170
vn -0.3063 -0.2527 0.9178
vn -0.2883 -0.1902 0.9385
vn -0.3019 -0.1535 0.9409
vn -0.2833 -0.1515 0.9470
vn -0.2915 -0.1498 0.9448
vn -0.2848 -0.2073 0.9359
vn -0.2715 -0.2562 0.9277
vn -0.2790 -0.2549 0.9258
vn -0.2756 -0.2494 0.9283
vn -0.2691 -0.2150 0.9388
vn -0.3423 -0.1716 0.9238
vn -0.2822 -0.1404 0.9490
vn -0.3229 -0.1463 0.9351
vn 0.2782 -0.0461 0.9594
vn 0.3457 -0.1031 0.9327
vn 0.3221 -0.1010 0.9413
vn 0.3355 -0.0865 0.9381
vn 0.2734 0.0221 0.9616
vn 0.1795 0.0352 0.9831
vn 0.1299 -0.0192 0.9913
vn 0.1903 -0.0425 0.9808
vn 0.2844 -0.0666 0.9564
vn 0.3100 -0.1259 0.9424
vn 0.2899 -0.1026 0.9515
vn 0.3405 -0.0952 0.9354
vn 0.2847 -0.0319 0.9581
vn 0.2511 -0.0061 0.9679
vn 0.2132 -0.0268 0.9766
vn 0.2224 -0.0440 0.9740
vn 0.2903 -0.0599 0.9551
vn 0.3065 -0.1194 0.9443
vn 0.2842 -0.0771 0.9557
vn 0.3314 -0.0945 0.9387
vn 0.2850 -0.0480 0.9573
vn 0.2798 -0.0092 0.9600
vn 0.2686 -0.0109 0.9632
vn 0.2621 -0.0162 0.9649
vn 0.2901 -0.0647 0.9548
vn 0.3017 -0.1140 0.9466
vn 0.2860 -0.0686 0.9558
vn 0.3021 -0.1061 0.9474
vn 0.2797 -0.0788 0.9568
vn 0.3249 -0.0061 0.9457
vn 0.2953 0.0071 0.9554
vn 0.2557 -0.0069 0.9667
vn 0.0189 -0.3529 0.9355
vn 0.0604 -0.3378 0.9393
vn -0.0839 -0.3481 0.9337
vn -0.2290 -0.3270 0.9169
vn -0.4503 -0.1885 0.8728
vn -0.5154 -0.2465 0.8207
vn 0.0128 -0.1071 0.9942
vn 0.0134 -0.2575 0.9662
vn 0.0514 -0.3122 0.9486
vn 0.0366 -0.3763 0.9258
vn -0.0469 -0.2525 0.9665
vn -0.4911 -0.4006 0.7735
vn -0.4925 -0.4066 0.7695
vn 0.1028 -0.3252 0.9400
vn 0.2874 -0.1567 0.9449
vn 0.1824 -0.2603 0.9482
vn 0.4779 0.0811 0.8747
vn 0.3864 0.0874 0.9182
vn -0.0438 -0.1258 0.9911
vn 0.1035 -0.3542 0.9294
vn 0.5545 -0.0557 0.8303
vn -0.9742 -0.1159 -0.1939
vn -0.5634 0.6036 -0.5642
vn -0.5827 0.0973 -0.8069
vn -0.1727 0.7762 -0.6064
vn 0.5185 0.3705 -0.7706
vn -0.0391 0.2846 -0.9578
vn 0.9254 0.3555 -0.1314
vn 0.3341 0.6223 0.7079
vn 0.7792 -0.0252 0.6262
vn 0.0489 -0.3223 0.9454
vn -0.6292 0.3833 0.6762
vn -0.7143 -0.3958 0.5771
vn 0.2223 -0.8275 -0.5156
vn 0.7169 -0.6504 0.2512
vn 0.2203 -0.9277 0.3015
vn -0.2428 0.9643 0.1060
vn -0.1613 0.5406 0.8257
vn 0.3907 0.9200 0.0319
vn 0.2500 0.8054 -0.5374
vn -0.3442 -0.9137 0.2163
vn -0.4998 -0.7393 -0.4513
vn -0.4136 -0.3849 -0.8251
vn 0.5956 -0.1345 -0.7919
vn 0.1154 -0.3415 -0.9328
vn 0.8141 -0.4133 -0.4080
vn 0.2218 -0.8249 -0.5200
vn -0.1470 -0.9474 -0.2842
vn -0.0133 -0.9217 -0.3876
vn 0.1919 -0.8916 -0.4101
vn -0.6371 -0.7649 -0.0948
vn -0.5857 -0.7645 -0.2691
vn -0.7029 0.3534 -0.6173
vn 0.0756 -0.1746 -0.9817
vn -0.0314 0.2547 -0.9665
vn -0.5108 -0.6297 -0.5854
vn -0.7154 0.1362 0.6853
vn 0.0237 -0.2248 0.9741
vn -0.0514 0.0753 0.9958
vn -0.9663 -0.2548 0.0361
vn -0.8442 0.0849 0.5292
vn -0.9517 -0.2863 -0.1111
vn 0.1859 -0.9343 -0.3042
vn 0.1121 -0.6581 -0.7445
vn 0.2257 -0.9423 0.2471
vn -0.2055 -0.9204 0.3326
vn -0.6110 -0.5753 0.5437
vn 0.1578 -0.7247 0.6708
vn -0.5632 -0.2663 0.7822
vn -0.7177 -0.4595 0.5233
vn -0.6142 -0.0723 -0.7858
vn -0.3973 -0.4299 -0.8107
vn -0.6717 -0.1880 0.7166
vn -0.6955 0.1910 -0.6927
vn -0.9126 0.3174 0.2577
vn 0.0113 -0.1760 0.9843
vn -0.8312 -0.1289 0.5408
vn 0.0362 -0.8263 0.5620
vn -0.5142 -0.7313 -0.4481
vn -0.9249 0.3787 0.0329
vn -0.6645 0.4448 -0.6004
vn 0.0076 0.1012 -0.9948
vn -0.1327 0.6356 -0.7605
vn -0.7750 0.6248 0.0955
vn -0.2424 0.9677 0.0697
vn -0.6283 0.6233 0.4656
vn -0.2119 0.7751 0.5952
vn -0.2361 0.9657 -0.1082
vn -0.6506 0.7594 -0.0091
vn -0.9861 -0.0776 -0.1467
vn -0.5799 -0.4029 0.7081
vn -0.7038 0.6006 0.3794
vn -0.4884 0.8705 0.0614
vn -0.2419 0.9467 0.2129
vn -0.7386 0.6741 0.0104
vn 0.0308 -0.2522 0.9672
vn -0.7313 -0.2567 0.6319
vn 0.0962 -0.5017 0.8596
vn -0.0476 0.3174 -0.9471
vn 0.2352 -0.8988 -0.3698
vn -0.6464 0.2859 -0.7074
vn 0.2421 -0.9490 -0.2021
vn 0.5897 -0.7647 -0.2600
vn 0.4662 -0.8027 -0.3718
vn 0.2725 -0.8716 -0.4075
vn 0.9251 -0.3773 -0.0434
vn 0.8904 -0.3983 -0.2206
vn 0.4932 0.6502 -0.5780
vn 0.6014 -0.1821 -0.7779
vn 0.7808 -0.3092 -0.5429
vn 0.5250 0.4440 0.7261
vn 0.9691 0.2254 0.0997
vn 0.8152 -0.0791 0.5737
vn 0.9800 0.1930 -0.0476
vn 0.2912 -0.9082 -0.3007
vn 0.2407 -0.9357 -0.2581
vn 0.7740 -0.2317 0.5893
vn 0.6722 0.4612 0.5791
vn 0.5905 -0.7229 0.3588
vn 0.5728 0.0156 0.8196
vn 0.6359 0.1365 0.7596
vn 0.6242 0.2350 -0.7451
vn 0.5671 0.5043 -0.6512
vn 0.6408 0.7028 0.3088
vn 0.7599 0.2659 0.5932
vn 0.3191 -0.7561 0.5713
vn 0.6370 0.7663 0.0843
vn 0.4156 0.7129 -0.5649
vn 0.3859 0.9128 0.1337
vn 0.2343 0.8373 0.4940
vn 0.3360 0.9407 0.0458
vn 0.2198 0.9754 0.0196
vn 0.9152 0.3941 -0.0842
vn 0.3168 0.8538 0.4130
vn 0.6558 -0.0963 0.7488
vn 0.8228 -0.3995 -0.4041
vn 0.0205 0.9967 0.0781
vn 0.7259 0.1049 0.6798
vn 0.2545 -0.6228 -0.7398
vn 0.4805 0.5655 -0.6703
vn -0.5150 0.4973 0.6982
vn -0.1638 -0.0725 0.9838
vn -0.1454 0.3617 0.9209
vn 0.7604 0.4892 0.4272
vn 0.1206 -0.4042 0.9067
vn 0.1461 -0.3816 0.9127
vn -0.8201 0.0986 0.5637
vn -0.8376 -0.0353 0.5451
vn 0.9658 -0.0785 0.2473
vn -0.1662 -0.1447 0.9754
vn -0.1330 -0.1415 0.9810
vn -0.1305 -0.1155 0.9847
vn -0.1334 -0.1073 0.9852
vn 0.4877 -0.2085 0.8478
vn 0.4680 -0.2207 0.8557
vn 0.4626 -0.2148 0.8601
vn 0.4424 -0.2096 0.8720
vn -0.3275 0.3301 0.8853
vn 0.7486 0.0675 0.6596
vn -0.5107 0.8534 0.1041
vn 0.0695 -0.4011 0.9134
vn 0.1675 -0.3731 0.9125
vn -0.6514 0.7587 0.0116
vn -0.7705 0.4213 0.4784
vn 0.2643 0.4316 0.8625
vn -0.8875 -0.2572 0.3825
vn -0.8567 -0.3646 0.3649
vn 0.8792 0.1812 0.4406
vn -0.2952 -0.2542 0.9210
vn -0.2667 -0.2407 0.9332
vn -0.2738 -0.2156 0.9373
vn -0.2794 -0.2089 0.9372
vn 0.3540 -0.0918 0.9307
vn 0.3384 -0.1103 0.9345
vn 0.3306 -0.1068 0.9377
vn 0.3079 -0.1093 0.9451
vn -0.6161 0.1071 0.7803
vn 0.3525 0.4265 0.8329
vn 0.0477 -0.2462 0.9681
vn 0.0928 -0.2064 0.9741
vn 0.5596 -0.0596 0.8266
vn -0.7763 0.6304 -0.0064
vt 0.107971 0.788611
vt 0.108007 0.788556
vt 0.108006 0.788611
vt 0.108345 0.788391
vt 0.108317 0.788367
vt 0.108345 0.788363
vt 0.108283 0.788019
vt 0.108252 0.787985
vt 0.108284 0.787976
vt 0.108322 0.788011
vt 0.108289 0.787981
vt 0.108322 0.787976
vt 0.107736 0.788407
vt 0.107769 0.788478
vt 0.107711 0.788538
vt 0.108192 0.788335
vt 0.108163 0.788311
vt 0.108194 0.788290
vt 0.108223 0.788315
vt 0.108223 0.788355
vt 0.108187 0.788421
vt 0.108213 0.788417
vt 0.108159 0.788351
vt 0.108285 0.788040
vt 0.108317 0.788048
vt 0.108284 0.788076
vt 0.108248 0.788023
vt 0.108317 0.788419
vt 0.108345 0.788426
vt 0.107974 0.788651
vt 0.108007 0.788659
vt 0.108268 0.788554
vt 0.108232 0.788500
vt 0.108267 0.788496
vt 0.108346 0.788240
vt 0.108318 0.788268
vt 0.108312 0.788241
vt 0.107902 0.788615
vt 0.107870 0.788655
vt 0.107866 0.788615
vt 0.108312 0.788246
vt 0.108274 0.788275
vt 0.108273 0.788243
vt 0.107992 0.788199
vt 0.108048 0.788145
vt 0.108081 0.788215
vt 0.107713 0.788584
vt 0.107744 0.788563
vt 0.107744 0.788603
vt 0.107685 0.788560
vt 0.107680 0.788600
vt 0.107708 0.788670
vt 0.107682 0.788663
vt 0.107734 0.788666
vt 0.108279 0.788216
vt 0.108312 0.788212
vt 0.107902 0.788560
vt 0.107874 0.788553
vt 0.108318 0.788217
vt 0.108346 0.788212
vt 0.108236 0.788463
vt 0.108268 0.788454
vt 0.344158 0.913278
vt 0.344128 0.913300
vt 0.344125 0.913272
vt 0.344644 0.912573
vt 0.344667 0.912617
vt 0.344625 0.912615
vt 0.344613 0.913264
vt 0.344629 0.913280
vt 0.344602 0.913280
vt 0.344436 0.913098
vt 0.344489 0.913135
vt 0.344441 0.913151
vt 0.344246 0.912963
vt 0.344259 0.912991
vt 0.344246 0.912985
vt 0.344633 0.913221
vt 0.344661 0.913181
vt 0.344672 0.913223
vt 0.344642 0.912662
vt 0.344694 0.912643
vt 0.344686 0.912691
vt 0.344630 0.913265
vt 0.344595 0.913220
vt 0.344628 0.913171
vt 0.344114 0.913236
vt 0.344069 0.913273
vt 0.344056 0.913232
vt 0.344072 0.913197
vt 0.344675 0.912636
vt 0.344489 0.913179
vt 0.344446 0.913203
vt 0.344508 0.913108
vt 0.344489 0.913126
vt 0.344493 0.913098
vt 0.344694 0.912590
vt 0.344675 0.912599
vt 0.344402 0.913163
vt 0.344387 0.913147
vt 0.344400 0.913144
vt 0.344395 0.913123
vt 0.344727 0.913278
vt 0.344672 0.913303
vt 0.344684 0.913260
vt 0.344727 0.913317
vt 0.344675 0.913343
vt 0.344132 0.913236
vt 0.344167 0.913225
vt 0.344208 0.913277
vt 0.344208 0.913233
vt 0.344188 0.913311
vt 0.344647 0.913265
vt 0.344580 0.913277
vt 0.344595 0.913305
vt 0.344581 0.913297
vt 0.344507 0.913126
vt 0.344490 0.913154
vt 0.344595 0.913248
vt 0.344595 0.913276
vt 0.344561 0.913322
vt 0.344532 0.913321
vt 0.344546 0.913285
vt 0.344560 0.913248
vt 0.344580 0.913270
vt 0.344511 0.913300
vt 0.344510 0.913269
vt 0.344580 0.913300
vt 0.344531 0.913248
vt 0.098946 0.559942
vt 0.098956 0.559971
vt 0.098956 0.559943
vt 0.098997 0.560778
vt 0.098986 0.560750
vt 0.098986 0.560779
vt 0.098987 0.559912
vt 0.098956 0.559912
vt 0.098089 0.560712
vt 0.098051 0.560750
vt 0.098089 0.560747
vt 0.098271 0.560402
vt 0.098261 0.560431
vt 0.098271 0.560429
vt 0.098986 0.560809
vt 0.098997 0.560813
vt 0.098829 0.560811
vt 0.098871 0.560770
vt 0.098829 0.560770
vt 0.098987 0.559943
vt 0.098996 0.559915
vt 0.098429 0.560203
vt 0.098401 0.560194
vt 0.098401 0.560203
vt 0.098051 0.560773
vt 0.098084 0.560761
vt 0.098054 0.560763
vt 0.098052 0.560761
vt 0.098085 0.560758
vt 0.098987 0.559971
vt 0.098822 0.560794
vt 0.098791 0.560783
vt 0.098791 0.560794
vt 0.099032 0.560778
vt 0.098997 0.560746
vt 0.098085 0.560701
vt 0.098051 0.560715
vt 0.098825 0.560747
vt 0.098791 0.560736
vt 0.098791 0.560747
vt 0.098609 0.559874
vt 0.098620 0.559841
vt 0.098609 0.559844
vt 0.099032 0.560813
vt 0.098054 0.560813
vt 0.098085 0.560801
vt 0.098051 0.560804
vt 0.098325 0.559872
vt 0.098361 0.559837
vt 0.098325 0.559835
vt 0.098085 0.560770
vt 0.098432 0.560194
vt 0.098401 0.560163
vt 0.098996 0.559968
vt 0.098996 0.559942
vt 0.098868 0.560275
vt 0.098827 0.560314
vt 0.098868 0.560316
vt 0.098435 0.559835
vt 0.098398 0.559872
vt 0.098435 0.559872
vt 0.099043 0.560779
vt 0.099032 0.560746
vt 0.098825 0.560783
vt 0.098432 0.560163
vt 0.098401 0.560153
vt 0.098822 0.560736
vt 0.098827 0.560273
vt 0.098052 0.560704
vt 0.098429 0.560153
vt 0.098361 0.559873
vt 0.098084 0.560811
vt 0.213896 0.564887
vt 0.213012 0.565710
vt 0.213012 0.564823
vt 0.225328 0.558146
vt 0.226122 0.557884
vt 0.226138 0.558142
vt 0.217923 0.565711
vt 0.218806 0.564889
vt 0.218806 0.565775
vt 0.225349 0.560631
vt 0.226096 0.560975
vt 0.225424 0.560885
vt 0.215352 0.564898
vt 0.214531 0.564621
vt 0.215430 0.564639
vt 0.218016 0.563683
vt 0.218725 0.563483
vt 0.218806 0.563740
vt 0.218016 0.564510
vt 0.218725 0.564825
vt 0.218023 0.564775
vt 0.218806 0.564567
vt 0.215352 0.563552
vt 0.214531 0.563792
vt 0.214553 0.563536
vt 0.215430 0.563809
vt 0.226096 0.559643
vt 0.225349 0.559811
vt 0.225424 0.559554
vt 0.226105 0.559911
vt 0.226122 0.559231
vt 0.225328 0.558977
vt 0.226138 0.558972
vt 0.221062 0.553778
vt 0.220170 0.552947
vt 0.221062 0.552883
vt 0.226662 0.562812
vt 0.226107 0.562617
vt 0.226651 0.562617
vt 0.225066 0.565268
vt 0.225734 0.565889
vt 0.225066 0.565937
vt 0.214531 0.565705
vt 0.215324 0.565950
vt 0.214640 0.565950
vt 0.226076 0.554326
vt 0.225452 0.554129
vt 0.226130 0.554129
vt 0.220688 0.565530
vt 0.219988 0.565783
vt 0.219888 0.565530
vt 0.220628 0.564925
vt 0.220077 0.564726
vt 0.220609 0.564726
vt 0.220030 0.564925
vt 0.226213 0.553271
vt 0.225389 0.553530
vt 0.225407 0.553271
vt 0.226297 0.553530
vt 0.215166 0.564898
vt 0.214624 0.565098
vt 0.214654 0.564898
vt 0.215199 0.565098
vt 0.226677 0.563666
vt 0.225877 0.563404
vt 0.226695 0.563404
vt 0.226050 0.562812
vt 0.344508 0.913145
vt 0.344580 0.913258
vt 0.344718 0.913342
vt 0.344683 0.912556
vt 0.344600 0.913178
vt 0.344118 0.913189
vt 0.344153 0.913315
vt 0.217631 0.565681
vt 0.216747 0.564858
vt 0.217631 0.564794
vt 0.213833 0.564823
vt 0.213012 0.564546
vt 0.213911 0.564564
vt 0.219692 0.565784
vt 0.218808 0.564961
vt 0.219692 0.564898
vt 0.219888 0.563584
vt 0.220597 0.563384
vt 0.220678 0.563641
vt 0.225877 0.563706
vt 0.225083 0.563969
vt 0.225066 0.563711
vt 0.226105 0.561319
vt 0.225358 0.560975
vt 0.226030 0.561064
vt 0.225358 0.562306
vt 0.226105 0.562139
vt 0.226030 0.562396
vt 0.225349 0.562038
vt 0.225083 0.562621
vt 0.225877 0.562876
vt 0.225066 0.562881
vt 0.219888 0.564411
vt 0.220597 0.564726
vt 0.219895 0.564676
vt 0.220678 0.564468
vt 0.213833 0.563477
vt 0.213012 0.563717
vt 0.213034 0.563461
vt 0.213911 0.563734
vt 0.220737 0.565632
vt 0.221629 0.564801
vt 0.221629 0.565696
vt 0.224058 0.564465
vt 0.224716 0.564268
vt 0.224736 0.564465
vt 0.226705 0.554374
vt 0.226037 0.554995
vt 0.226037 0.554326
vt 0.226702 0.564772
vt 0.226003 0.565025
vt 0.225903 0.564772
vt 0.212350 0.565512
vt 0.211749 0.565707
vt 0.211738 0.565512
vt 0.222605 0.565705
vt 0.223398 0.565950
vt 0.222714 0.565950
vt 0.223239 0.564898
vt 0.222697 0.565098
vt 0.222728 0.564898
vt 0.223375 0.565705
vt 0.211722 0.564658
vt 0.212523 0.564920
vt 0.211705 0.564920
vt 0.226643 0.564168
vt 0.226092 0.563969
vt 0.226623 0.563969
vt 0.226045 0.564168
vt 0.223975 0.565323
vt 0.224799 0.565064
vt 0.224782 0.565323
vt 0.223892 0.565064
vt 0.217965 0.562457
vt 0.217685 0.563433
vt 0.217619 0.562410
vt 0.216967 0.551763
vt 0.217384 0.552841
vt 0.217243 0.552945
vt 0.218220 0.553338
vt 0.219064 0.552911
vt 0.219163 0.553041
vt 0.224255 0.551794
vt 0.223913 0.550907
vt 0.224153 0.550773
vt 0.219850 0.558054
vt 0.220737 0.557169
vt 0.220737 0.558127
vt 0.218344 0.551896
vt 0.219245 0.551039
vt 0.219245 0.551984
vt 0.218257 0.553030
vt 0.217584 0.550785
vt 0.217317 0.551797
vt 0.220581 0.559072
vt 0.219778 0.559196
vt 0.218879 0.559033
vt 0.219051 0.556930
vt 0.218808 0.557969
vt 0.224699 0.551793
vt 0.224575 0.550767
vt 0.224205 0.552881
vt 0.224628 0.552881
vt 0.223959 0.552777
vt 0.222883 0.562696
vt 0.223075 0.561819
vt 0.223374 0.562514
vt 0.223452 0.563616
vt 0.223034 0.563773
vt 0.222605 0.562903
vt 0.223080 0.560760
vt 0.223547 0.561819
vt 0.223101 0.561819
vt 0.223575 0.559564
vt 0.223129 0.559554
vt 0.223800 0.559657
vt 0.223583 0.560769
vt 0.217249 0.563344
vt 0.217108 0.562304
vt 0.217333 0.561391
vt 0.217965 0.561626
vt 0.217753 0.561471
vt 0.217014 0.561437
vt 0.216747 0.562208
vt 0.216914 0.563145
vt 0.222749 0.559624
vt 0.222605 0.560689
vt 0.222723 0.561692
vt 0.223772 0.563407
vt 0.223772 0.562465
vt 0.223420 0.561846
vt 0.224921 0.552783
vt 0.224987 0.551825
vt 0.224873 0.550886
vt 0.574659 0.915094
vt 0.574676 0.915048
vt 0.574695 0.915074
vt 0.574695 0.915112
vt 0.574672 0.915138
vt 0.574642 0.915140
vt 0.574623 0.915077
vt 0.574623 0.915114
vt 0.572785 0.915725
vt 0.572805 0.915770
vt 0.572771 0.915770
vt 0.572825 0.915705
vt 0.572799 0.915681
vt 0.572766 0.915681
vt 0.572745 0.915709
vt 0.572746 0.915746
vt 0.098375 0.559912
vt 0.098506 0.559990
vt 0.098356 0.560022
vt 0.102350 0.561712
vt 0.102402 0.561660
vt 0.102397 0.561706
vt 0.098369 0.560209
vt 0.098348 0.560258
vt 0.098341 0.560210
vt 0.098663 0.560396
vt 0.098600 0.560434
vt 0.098583 0.560398
vt 0.218085 0.558677
vt 0.218394 0.559014
vt 0.217932 0.559297
vt 0.098724 0.560431
vt 0.098729 0.560394
vt 0.212596 0.557216
vt 0.211947 0.557588
vt 0.212151 0.556998
vt 0.212528 0.556500
vt 0.217077 0.558161
vt 0.216828 0.558756
vt 0.216747 0.558135
vt 0.098377 0.560251
vt 0.098394 0.560207
vt 0.098401 0.560242
vt 0.219521 0.559196
vt 0.219217 0.559833
vt 0.219147 0.559302
vt 0.220599 0.559314
vt 0.220090 0.559805
vt 0.220043 0.559250
vt 0.212032 0.560216
vt 0.212307 0.560890
vt 0.211971 0.560716
vt 0.212488 0.559329
vt 0.212058 0.559284
vt 0.098521 0.559698
vt 0.098403 0.559668
vt 0.211705 0.559933
vt 0.211808 0.559320
vt 0.211917 0.556699
vt 0.218849 0.559872
vt 0.218825 0.559440
vt 0.212626 0.558709
vt 0.212276 0.558063
vt 0.212746 0.558345
vt 0.213023 0.559490
vt 0.212416 0.560381
vt 0.219611 0.559793
vt 0.221871 0.561114
vt 0.221157 0.561503
vt 0.220954 0.561022
vt 0.217630 0.558152
vt 0.217192 0.558826
vt 0.222309 0.561422
vt 0.221975 0.561503
vt 0.212840 0.560894
vt 0.217721 0.558762
vt 0.213046 0.557435
vt 0.220089 0.560319
vt 0.219635 0.560345
vt 0.219223 0.560318
vt 0.218808 0.560258
vt 0.212971 0.556438
vt 0.220622 0.559784
vt 0.212090 0.558249
vt 0.212543 0.558709
vt 0.212154 0.558749
vt 0.217380 0.559411
vt 0.099667 0.559885
vt 0.099801 0.559790
vt 0.099807 0.559876
vt 0.102402 0.561750
vt 0.098348 0.560158
vt 0.098598 0.560361
vt 0.098669 0.560350
vt 0.218394 0.557119
vt 0.218085 0.557547
vt 0.217932 0.556835
vt 0.098722 0.560358
vt 0.213838 0.558212
vt 0.213537 0.557526
vt 0.214025 0.557616
vt 0.214018 0.556992
vt 0.213699 0.556678
vt 0.216828 0.557458
vt 0.098377 0.560163
vt 0.098401 0.560169
vt 0.219217 0.560751
vt 0.219521 0.561319
vt 0.219147 0.561172
vt 0.218045 0.559411
vt 0.218563 0.559974
vt 0.217995 0.559820
vt 0.217128 0.560470
vt 0.217467 0.559781
vt 0.217540 0.560416
vt 0.217481 0.561391
vt 0.217038 0.561328
vt 0.099782 0.560074
vt 0.099665 0.560115
vt 0.216747 0.560575
vt 0.216778 0.561174
vt 0.216793 0.559951
vt 0.218849 0.560624
vt 0.218825 0.560978
vt 0.213291 0.558398
vt 0.218026 0.561264
vt 0.219611 0.560838
vt 0.220043 0.561232
vt 0.221105 0.559598
vt 0.221840 0.559948
vt 0.220929 0.560088
vt 0.217192 0.557423
vt 0.222260 0.559617
vt 0.222513 0.560041
vt 0.218034 0.560353
vt 0.217721 0.557478
vt 0.220090 0.560784
vt 0.220622 0.560709
vt 0.213330 0.558659
vt 0.216946 0.556840
vt 0.217380 0.556721
vt 0.345529 0.908570
vt 0.098202 0.559298
vt 0.097952 0.560515
vt 0.097921 0.560607
vt 0.097879 0.560515
vt 0.098506 0.560114
vt 0.098467 0.560052
vt 0.098511 0.560055
vt 0.098845 0.560559
vt 0.098875 0.560471
vt 0.098892 0.560537
vt 0.098519 0.559945
vt 0.098482 0.559994
vt 0.098507 0.559920
vt 0.098546 0.560109
vt 0.098547 0.560060
vt 0.098064 0.560429
vt 0.098073 0.560492
vt 0.098038 0.560438
vt 0.098058 0.560346
vt 0.098073 0.560254
vt 0.098094 0.560271
vt 0.098672 0.560248
vt 0.098630 0.560172
vt 0.098671 0.560162
vt 0.098751 0.559968
vt 0.098714 0.559876
vt 0.098792 0.559876
vt 0.098547 0.559876
vt 0.097921 0.560424
vt 0.097975 0.560432
vt 0.098661 0.560114
vt 0.098699 0.560121
vt 0.098519 0.560019
vt 0.098714 0.560059
vt 0.098674 0.559968
vt 0.098660 0.560275
vt 0.098699 0.560320
vt 0.098835 0.560376
vt 0.098892 0.560344
vt 0.098884 0.560391
vt 0.098811 0.559720
vt 0.098763 0.559810
vt 0.098727 0.559718
vt 0.098443 0.559899
vt 0.098618 0.560125
vt 0.098433 0.559987
vt 0.098763 0.559635
vt 0.098831 0.559640
vt 0.098829 0.560475
vt 0.098594 0.560292
vt 0.098583 0.560190
vt 0.098733 0.560320
vt 0.098777 0.560191
vt 0.098787 0.560309
vt 0.098284 0.560047
vt 0.098272 0.559952
vt 0.098361 0.559976
vt 0.098373 0.560099
vt 0.098433 0.559996
vt 0.098330 0.559877
vt 0.098433 0.559876
vt 0.098864 0.560059
vt 0.098827 0.560019
vt 0.098837 0.559944
vt 0.098733 0.560094
vt 0.098699 0.560200
vt 0.098827 0.559870
vt 0.098792 0.559944
vt 0.098864 0.559830
vt 0.112289 0.790382
vt 0.112042 0.790643
vt 0.112039 0.790328
vt 0.112286 0.790211
vt 0.112163 0.790094
vt 0.112284 0.790040
vt 0.112389 0.790361
vt 0.112387 0.790232
vt 0.112428 0.790296
vt 0.112388 0.790055
vt 0.112390 0.790196
vt 0.112424 0.790126
vt 0.111553 0.791182
vt 0.111359 0.790922
vt 0.111576 0.790869
vt 0.111374 0.790753
vt 0.111488 0.790638
vt 0.111562 0.790753
vt 0.111275 0.790902
vt 0.111247 0.790838
vt 0.111286 0.790774
vt 0.111298 0.790598
vt 0.111388 0.790584
vt 0.111286 0.790739
vt 0.111262 0.790669
vt 0.700571 0.932709
vt 0.700506 0.932763
vt 0.700507 0.932703
vt 0.700524 0.932675
vt 0.700464 0.932748
vt 0.700463 0.932686
vt 0.108943 0.790638
vt 0.108970 0.790627
vt 0.108969 0.790638
vt 0.108746 0.790676
vt 0.108731 0.790670
vt 0.108748 0.790666
vt 0.700785 0.932687
vt 0.700688 0.932659
vt 0.700782 0.932649
vt 0.700622 0.932891
vt 0.700569 0.932857
vt 0.700639 0.932857
vt 0.109015 0.790593
vt 0.109018 0.790579
vt 0.109034 0.790582
vt 0.108751 0.790612
vt 0.108742 0.790605
vt 0.108748 0.790586
vt 0.700516 0.932833
vt 0.700510 0.932864
vt 0.700571 0.932812
vt 0.700518 0.932809
vt 0.700695 0.932621
vt 0.700785 0.932612
vt 0.700643 0.932821
vt 0.700575 0.932813
vt 0.700737 0.932588
vt 0.700790 0.932579
vt 0.700548 0.932915
vt 0.700557 0.932888
vt 0.108940 0.790615
vt 0.108940 0.790627
vt 0.700693 0.932724
vt 0.700700 0.932692
vt 0.108740 0.790696
vt 0.108728 0.790681
vt 0.108955 0.790975
vt 0.108948 0.790960
vt 0.108955 0.790948
vt 0.700785 0.932715
vt 0.700694 0.932784
vt 0.701297 0.933082
vt 0.701257 0.933057
vt 0.701297 0.933035
vt 0.108727 0.790693
vt 0.108754 0.790720
vt 0.108728 0.790713
vt 0.108970 0.790615
vt 0.108942 0.790595
vt 0.108970 0.790592
vt 0.108752 0.790710
vt 0.108783 0.790716
vt 0.108757 0.790728
vt 0.108814 0.790768
vt 0.108809 0.790792
vt 0.108807 0.790767
vt 0.108968 0.790579
vt 0.108738 0.790727
vt 0.700658 0.933098
vt 0.700679 0.933073
vt 0.700683 0.933132
vt 0.701100 0.933697
vt 0.701042 0.933705
vt 0.701061 0.933660
vt 0.700528 0.932962
vt 0.700624 0.932922
vt 0.700617 0.932982
vt 0.700646 0.933054
vt 0.700683 0.933036
vt 0.701105 0.933646
vt 0.701123 0.933662
vt 0.700857 0.933360
vt 0.700840 0.933315
vt 0.700860 0.933332
vt 0.700835 0.933410
vt 0.700824 0.933353
vt 0.108860 0.790797
vt 0.108840 0.790802
vt 0.108837 0.790791
vt 0.108838 0.790771
vt 0.108867 0.790776
vt 0.108819 0.790795
vt 0.108840 0.790654
vt 0.108817 0.790666
vt 0.108811 0.790655
vt 0.108840 0.790647
vt 0.108809 0.790649
vt 0.108779 0.790734
vt 0.108792 0.790723
vt 0.108790 0.790735
vt 0.108727 0.790600
vt 0.108795 0.790667
vt 0.108803 0.790686
vt 0.108792 0.790684
vt 0.108730 0.790615
vt 0.108745 0.790621
vt 0.109005 0.790619
vt 0.108997 0.790590
vt 0.108767 0.790599
vt 0.108767 0.790594
vt 0.700637 0.932763
vt 0.700636 0.932703
vt 0.700619 0.932675
vt 0.700571 0.932637
vt 0.700679 0.932748
vt 0.700680 0.932686
vt 0.108993 0.790638
vt 0.108997 0.790627
vt 0.108809 0.790732
vt 0.108828 0.790725
vt 0.108830 0.790736
vt 0.700890 0.932659
vt 0.700882 0.932692
vt 0.700851 0.932980
vt 0.700812 0.933014
vt 0.700797 0.932983
vt 0.109018 0.790658
vt 0.109015 0.790644
vt 0.109034 0.790656
vt 0.108783 0.790612
vt 0.108792 0.790605
vt 0.108789 0.790621
vt 0.700754 0.933039
vt 0.700751 0.933008
vt 0.700571 0.932762
vt 0.700883 0.932621
vt 0.700871 0.933049
vt 0.700871 0.933013
vt 0.700625 0.932809
vt 0.700666 0.932813
vt 0.700843 0.932588
vt 0.700791 0.932957
vt 0.700856 0.932949
vt 0.108997 0.790615
vt 0.700887 0.932724
vt 0.108808 0.790721
vt 0.108824 0.790705
vt 0.108807 0.790709
vt 0.108836 0.790692
vt 0.700886 0.932784
vt 0.701253 0.933035
vt 0.701213 0.933061
vt 0.701209 0.933041
vt 0.108837 0.790681
vt 0.108996 0.790595
vt 0.108862 0.790685
vt 0.108837 0.790673
vt 0.108816 0.790743
vt 0.108826 0.790743
vt 0.108816 0.790674
vt 0.108807 0.790688
vt 0.701709 0.933376
vt 0.701665 0.933390
vt 0.701704 0.933347
vt 0.701344 0.933658
vt 0.701310 0.933616
vt 0.701354 0.933598
vt 0.700774 0.932909
vt 0.701038 0.933238
vt 0.701018 0.933269
vt 0.701008 0.933235
vt 0.701328 0.933701
vt 0.701354 0.933699
vt 0.701709 0.933305
vt 0.701671 0.933333
vt 0.701683 0.933307
vt 0.701645 0.933374
vt 0.108867 0.790753
vt 0.108842 0.790752
vt 0.108849 0.790742
vt 0.108865 0.790666
vt 0.108870 0.790655
vt 0.108875 0.790649
vt 0.108857 0.790668
vt 0.108869 0.790678
vt 0.108786 0.790586
vt 0.108807 0.790600
vt 0.108795 0.790705
vt 0.108804 0.790715
vt 0.108804 0.790615
vt 0.109008 0.790619
vt 0.221113 0.798465
vt 0.221214 0.798661
vt 0.221033 0.798489
vt 0.221214 0.798104
vt 0.221138 0.798265
vt 0.221055 0.798266
vt 0.223844 0.790595
vt 0.223764 0.790570
vt 0.223945 0.790384
vt 0.223945 0.790974
vt 0.223786 0.790806
vt 0.223869 0.790806
vt 0.346773 0.914087
vt 0.346773 0.914087
vt 0.346773 0.914087
vt 0.346773 0.914087
vt 0.346773 0.914087
vt 0.346773 0.914087
vt 0.346773 0.914087
vt 0.346773 0.914087
vt 0.444968 0.911420
vt 0.444882 0.911316
vt 0.444944 0.911274
vt 0.445017 0.911294
vt 0.445057 0.911405
vt 0.445057 0.911537
vt 0.444922 0.911559
vt 0.444994 0.911579
vt 0.241813 0.798871
vt 0.241554 0.798560
vt 0.241741 0.798433
vt 0.241959 0.798492
vt 0.242079 0.798827
vt 0.242079 0.799223
vt 0.241674 0.799291
vt 0.241892 0.799350
vt 0.347800 0.910905
vt 0.347473 0.910512
vt 0.347709 0.910352
vt 0.347984 0.910427
vt 0.348136 0.910849
vt 0.348136 0.911349
vt 0.347624 0.911434
vt 0.347899 0.911509
vt 0.344591 0.914034
vt 0.344609 0.913990
vt 0.344624 0.914028
vt 0.344559 0.913999
vt 0.344558 0.914040
vt 0.344574 0.914083
vt 0.344601 0.914089
vt 0.344624 0.914074
vt 0.452078 0.914652
vt 0.452078 0.914652
vt 0.452079 0.914652
vt 0.452078 0.914652
vt 0.452078 0.914653
vt 0.452078 0.914653
vt 0.452078 0.914653
vt 0.452079 0.914653
vt 0.236242 0.793485
vt 0.236399 0.793102
vt 0.236529 0.793434
vt 0.235962 0.793180
vt 0.235955 0.793536
vt 0.236091 0.793909
vt 0.236326 0.793963
vt 0.236529 0.793831
vt 0.347102 0.910904
vt 0.347301 0.910420
vt 0.347465 0.910839
vt 0.346749 0.910519
vt 0.346740 0.910968
vt 0.346913 0.911439
vt 0.347209 0.911506
vt 0.347465 0.911340
vt 0.228190 0.796834
vt 0.228290 0.796647
vt 0.228427 0.796843
vt 0.228267 0.797006
vt 0.228513 0.797014
vt 0.228480 0.797120
vt 0.228206 0.796970
vt 0.228197 0.796646
vt 0.228157 0.796795
vt 0.228143 0.796684
vt 0.227283 0.795464
vt 0.227283 0.795680
vt 0.227233 0.795585
vt 0.228190 0.796451
vt 0.228267 0.796268
vt 0.228427 0.796450
vt 0.228480 0.796142
vt 0.228513 0.796263
vt 0.228175 0.796379
vt 0.228206 0.796306
vt 0.228143 0.796606
vt 0.228299 0.796186
vt 0.228372 0.796155
vt 0.706126 0.931791
vt 0.706050 0.931727
vt 0.706106 0.931696
vt 0.705773 0.929877
vt 0.705712 0.929806
vt 0.705773 0.929807
vt 0.704759 0.931741
vt 0.704692 0.931625
vt 0.704784 0.931618
vt 0.705597 0.929063
vt 0.705540 0.928960
vt 0.705636 0.928957
vt 0.707069 0.929934
vt 0.707010 0.929809
vt 0.707094 0.929801
vt 0.707054 0.928907
vt 0.706998 0.928782
vt 0.707081 0.928774
vt 0.707153 0.928813
vt 0.707153 0.928928
vt 0.707094 0.929009
vt 0.706977 0.928986
vt 0.707033 0.929012
vt 0.707169 0.929838
vt 0.707169 0.929953
vt 0.707112 0.930033
vt 0.706994 0.930011
vt 0.707050 0.930037
vt 0.705689 0.929028
vt 0.705685 0.929111
vt 0.705624 0.929174
vt 0.705476 0.929103
vt 0.705538 0.929174
vt 0.704851 0.931674
vt 0.704851 0.931782
vt 0.704733 0.931859
vt 0.704792 0.931865
vt 0.704678 0.931829
vt 0.705726 0.929749
vt 0.705782 0.929744
vt 0.705843 0.929758
vt 0.705843 0.929816
vt 0.706221 0.931769
vt 0.706165 0.931697
vt 0.706221 0.931888
vt 0.706061 0.931931
vt 0.706151 0.931927
vt 0.343469 0.898537
vt 0.087532 0.904980
vt 0.084953 0.917527
vt 0.084631 0.918467
vt 0.084202 0.917527
vt 0.090663 0.913392
vt 0.090260 0.912749
vt 0.090713 0.912784
vt 0.094156 0.917972
vt 0.094468 0.917073
vt 0.094637 0.917746
vt 0.090798 0.911646
vt 0.090410 0.912152
vt 0.090676 0.911392
vt 0.091071 0.913342
vt 0.091082 0.912832
vt 0.086110 0.916640
vt 0.086198 0.917286
vt 0.085837 0.916726
vt 0.086046 0.915785
vt 0.086197 0.914832
vt 0.086420 0.915012
vt 0.092369 0.914770
vt 0.091937 0.913989
vt 0.092361 0.913883
vt 0.093186 0.911882
vt 0.092809 0.910943
vt 0.093604 0.910942
vt 0.091082 0.910942
vt 0.084631 0.916587
vt 0.085186 0.916663
vt 0.092256 0.913392
vt 0.092648 0.913462
vt 0.090801 0.912411
vt 0.092809 0.912822
vt 0.092398 0.911882
vt 0.092250 0.915055
vt 0.092648 0.915511
vt 0.094052 0.916086
vt 0.094637 0.915758
vt 0.094554 0.916243
vt 0.093805 0.909335
vt 0.093306 0.910260
vt 0.092941 0.909311
vt 0.090009 0.911172
vt 0.091820 0.913508
vt 0.089908 0.912079
vt 0.093306 0.908452
vt 0.094009 0.908504
vt 0.093993 0.917113
vt 0.091572 0.915226
vt 0.091458 0.914175
vt 0.093001 0.915511
vt 0.093459 0.914185
vt 0.093554 0.915397
vt 0.088374 0.912699
vt 0.088253 0.911724
vt 0.089173 0.911973
vt 0.089287 0.913235
vt 0.089908 0.912173
vt 0.088850 0.910944
vt 0.089908 0.910942
vt 0.094356 0.912822
vt 0.093966 0.912411
vt 0.094075 0.911643
vt 0.093001 0.913182
vt 0.092648 0.914280
vt 0.093966 0.910876
vt 0.093604 0.911643
vt 0.094356 0.910464
vt 0.099232 0.784549
vt 0.099416 0.784264
vt 0.099416 0.784548
vt 0.101174 0.783408
vt 0.101029 0.783283
vt 0.101175 0.783260
vt 0.100852 0.781472
vt 0.100690 0.781298
vt 0.100856 0.781251
vt 0.101056 0.781430
vt 0.100884 0.781274
vt 0.101056 0.781251
vt 0.098012 0.783487
vt 0.098182 0.783856
vt 0.097883 0.784172
vt 0.100379 0.783116
vt 0.100232 0.782990
vt 0.100393 0.782879
vt 0.100539 0.783009
vt 0.100539 0.783216
vt 0.100352 0.783562
vt 0.100490 0.783540
vt 0.100207 0.783197
vt 0.100862 0.781580
vt 0.101028 0.781625
vt 0.100856 0.781772
vt 0.100671 0.781494
vt 0.101029 0.783550
vt 0.101175 0.783586
vt 0.099249 0.784759
vt 0.099416 0.784798
vt 0.100773 0.784252
vt 0.100588 0.783974
vt 0.100769 0.783952
vt 0.101180 0.782624
vt 0.101034 0.782766
vt 0.101001 0.782626
vt 0.098873 0.784569
vt 0.098706 0.784779
vt 0.098689 0.784569
vt 0.101001 0.782655
vt 0.100807 0.782804
vt 0.100801 0.782637
vt 0.099339 0.782407
vt 0.099631 0.782126
vt 0.099801 0.782494
vt 0.097891 0.784409
vt 0.098052 0.784301
vt 0.098052 0.784509
vt 0.097744 0.784283
vt 0.097719 0.784490
vt 0.097865 0.784855
vt 0.097731 0.784817
vt 0.098002 0.784833
vt 0.100830 0.782499
vt 0.101001 0.782476
vt 0.098873 0.784284
vt 0.098726 0.784250
vt 0.101034 0.782499
vt 0.101181 0.782476
vt 0.100607 0.783778
vt 0.100773 0.783731
vt 0.337116 0.920361
vt 0.336974 0.920462
vt 0.336958 0.920334
vt 0.339368 0.917094
vt 0.339472 0.917295
vt 0.339277 0.917286
vt 0.339221 0.920296
vt 0.339297 0.920371
vt 0.339170 0.920370
vt 0.338404 0.919527
vt 0.338648 0.919700
vt 0.338425 0.919774
vt 0.337520 0.919003
vt 0.337582 0.918888
vt 0.337582 0.919030
vt 0.339313 0.920096
vt 0.339446 0.919912
vt 0.339498 0.920104
vt 0.339356 0.917506
vt 0.339596 0.917417
vt 0.339559 0.917640
vt 0.339301 0.920299
vt 0.339139 0.920091
vt 0.339292 0.919867
vt 0.336908 0.920169
vt 0.336703 0.920337
vt 0.336641 0.920148
vt 0.336715 0.919986
vt 0.339509 0.917383
vt 0.338648 0.919902
vt 0.338447 0.920014
vt 0.338738 0.919571
vt 0.338648 0.919656
vt 0.338665 0.919527
vt 0.339596 0.917172
vt 0.339509 0.917212
vt 0.338244 0.919829
vt 0.338176 0.919755
vt 0.338234 0.919741
vt 0.338214 0.919643
vt 0.339753 0.920360
vt 0.339498 0.920478
vt 0.339551 0.920280
vt 0.339753 0.920540
vt 0.339509 0.920661
vt 0.336994 0.920168
vt 0.337156 0.920116
vt 0.337346 0.920354
vt 0.337346 0.920153
vt 0.337254 0.920512
vt 0.339381 0.920302
vt 0.339072 0.920357
vt 0.339137 0.920483
vt 0.339074 0.920448
vt 0.338730 0.919658
vt 0.338652 0.919785
vt 0.339070 0.920267
vt 0.339137 0.920354
vt 0.338981 0.920563
vt 0.338848 0.920562
vt 0.338911 0.920392
vt 0.338978 0.920223
vt 0.339070 0.920324
vt 0.338750 0.920461
vt 0.338746 0.920319
vt 0.339070 0.920465
vt 0.338842 0.920221
vt 0.095196 0.911624
vt 0.095296 0.911918
vt 0.095296 0.911625
vt 0.095721 0.920238
vt 0.095608 0.919945
vt 0.095608 0.920239
vt 0.095616 0.911311
vt 0.095296 0.911311
vt 0.085974 0.919588
vt 0.086367 0.919917
vt 0.086367 0.919557
vt 0.088243 0.916357
vt 0.088140 0.916655
vt 0.088243 0.916635
vt 0.095721 0.920592
vt 0.095608 0.920554
vt 0.093993 0.920577
vt 0.094420 0.920146
vt 0.093993 0.920146
vt 0.095716 0.911624
vt 0.095716 0.911345
vt 0.089867 0.914313
vt 0.089584 0.914213
vt 0.089585 0.914313
vt 0.085974 0.920180
vt 0.086316 0.920057
vt 0.086008 0.920081
vt 0.085974 0.919949
vt 0.086329 0.920029
vt 0.095616 0.911918
vt 0.095616 0.911625
vt 0.093916 0.920393
vt 0.093596 0.920280
vt 0.093598 0.920393
vt 0.096084 0.920238
vt 0.095721 0.919907
vt 0.085980 0.919472
vt 0.086329 0.919444
vt 0.093954 0.919918
vt 0.093598 0.919805
vt 0.093596 0.919918
vt 0.091720 0.910918
vt 0.091836 0.910581
vt 0.091720 0.910604
vt 0.096084 0.920592
vt 0.086316 0.920575
vt 0.085974 0.920499
vt 0.086008 0.920599
vt 0.088800 0.910893
vt 0.089170 0.910534
vt 0.088800 0.910517
vt 0.086321 0.920153
vt 0.089901 0.914213
vt 0.089584 0.913892
vt 0.095716 0.911884
vt 0.094391 0.915049
vt 0.093972 0.915455
vt 0.094391 0.915474
vt 0.089927 0.910517
vt 0.089549 0.910899
vt 0.089927 0.910899
vt 0.096197 0.920239
vt 0.096084 0.919907
vt 0.093954 0.920280
vt 0.089901 0.913892
vt 0.089585 0.913792
vt 0.093916 0.919805
vt 0.093972 0.915031
vt 0.089867 0.913792
vt 0.089170 0.910909
vt 0.086321 0.920471
vt 0.217577 0.925657
vt 0.216693 0.926479
vt 0.216693 0.925593
vt 0.229009 0.918916
vt 0.229803 0.918653
vt 0.229819 0.918911
vt 0.221604 0.926481
vt 0.222488 0.925658
vt 0.222488 0.926544
vt 0.229031 0.921400
vt 0.229778 0.921744
vt 0.229106 0.921655
vt 0.219033 0.925668
vt 0.218212 0.925391
vt 0.219111 0.925408
vt 0.221705 0.924202
vt 0.222488 0.924510
vt 0.221698 0.924453
vt 0.221698 0.925279
vt 0.222407 0.925595
vt 0.221705 0.925544
vt 0.222488 0.925336
vt 0.219033 0.924321
vt 0.218212 0.924561
vt 0.218235 0.924305
vt 0.219111 0.924579
vt 0.229106 0.920323
vt 0.229786 0.920681
vt 0.229031 0.920580
vt 0.229786 0.921501
vt 0.229803 0.920001
vt 0.229009 0.919746
vt 0.229819 0.919741
vt 0.224744 0.914547
vt 0.223851 0.913717
vt 0.224744 0.913652
vt 0.229731 0.923581
vt 0.230332 0.923386
vt 0.230343 0.923581
vt 0.228748 0.926037
vt 0.229415 0.926658
vt 0.228748 0.926706
vt 0.218212 0.926475
vt 0.219006 0.926719
vt 0.218321 0.926719
vt 0.229757 0.915095
vt 0.229133 0.914898
vt 0.229812 0.914898
vt 0.224369 0.926299
vt 0.223670 0.926552
vt 0.223570 0.926299
vt 0.224309 0.925695
vt 0.223758 0.925496
vt 0.224290 0.925496
vt 0.223712 0.925695
vt 0.229895 0.914041
vt 0.229070 0.914299
vt 0.229088 0.914041
vt 0.229978 0.914299
vt 0.218847 0.925668
vt 0.218305 0.925868
vt 0.218335 0.925668
vt 0.218881 0.925868
vt 0.230359 0.924436
vt 0.229558 0.924174
vt 0.230376 0.924174
vt 0.338738 0.919745
vt 0.339710 0.920657
vt 0.339547 0.917014
vt 0.337521 0.918900
vt 0.339162 0.919899
vt 0.336926 0.919948
vt 0.337091 0.920531
vt 0.221312 0.926450
vt 0.220428 0.925628
vt 0.221312 0.925564
vt 0.217514 0.925593
vt 0.216693 0.925316
vt 0.217592 0.925333
vt 0.223373 0.926553
vt 0.222489 0.925731
vt 0.223373 0.925667
vt 0.223570 0.924354
vt 0.224279 0.924154
vt 0.224359 0.924411
vt 0.229558 0.924476
vt 0.228764 0.924739
vt 0.228748 0.924480
vt 0.229031 0.921987
vt 0.229711 0.921834
vt 0.229786 0.922088
vt 0.229040 0.923076
vt 0.229786 0.922908
vt 0.229711 0.923165
vt 0.229031 0.922807
vt 0.228764 0.923391
vt 0.229558 0.923645
vt 0.228748 0.923650
vt 0.223577 0.925445
vt 0.224359 0.925237
vt 0.224279 0.925496
vt 0.223570 0.925180
vt 0.217514 0.924246
vt 0.216693 0.924486
vt 0.216715 0.924231
vt 0.217592 0.924504
vt 0.224418 0.926401
vt 0.225310 0.925570
vt 0.225310 0.926465
vt 0.227794 0.925038
vt 0.228418 0.925235
vt 0.227739 0.925235
vt 0.230386 0.915143
vt 0.229719 0.915764
vt 0.229719 0.915095
vt 0.230384 0.925542
vt 0.229684 0.925795
vt 0.229584 0.925542
vt 0.216031 0.926281
vt 0.215430 0.926476
vt 0.215419 0.926281
vt 0.226286 0.926475
vt 0.227079 0.926719
vt 0.226395 0.926719
vt 0.226921 0.925668
vt 0.226379 0.925868
vt 0.226409 0.925668
vt 0.226954 0.925868
vt 0.215404 0.925427
vt 0.216204 0.925689
vt 0.215386 0.925689
vt 0.230324 0.924938
vt 0.229773 0.924739
vt 0.230304 0.924739
vt 0.229726 0.924938
vt 0.227656 0.926092
vt 0.228480 0.925834
vt 0.228463 0.926092
vt 0.227573 0.925834
vt 0.221646 0.923227
vt 0.221367 0.924202
vt 0.221301 0.923180
vt 0.220649 0.912532
vt 0.221065 0.913611
vt 0.220925 0.913715
vt 0.221901 0.914107
vt 0.222745 0.913681
vt 0.222845 0.913811
vt 0.227936 0.912563
vt 0.227594 0.911677
vt 0.227834 0.911542
vt 0.223532 0.918824
vt 0.224418 0.917939
vt 0.224418 0.918896
vt 0.222025 0.912666
vt 0.222927 0.911808
vt 0.222927 0.912753
vt 0.221938 0.913800
vt 0.221265 0.911554
vt 0.220998 0.912566
vt 0.224262 0.919841
vt 0.223459 0.919965
vt 0.222560 0.919802
vt 0.222733 0.917699
vt 0.222489 0.918738
vt 0.228380 0.912562
vt 0.228257 0.911536
vt 0.227887 0.913650
vt 0.228309 0.913650
vt 0.227641 0.913546
vt 0.226564 0.923466
vt 0.226757 0.922588
vt 0.227056 0.923284
vt 0.227134 0.924386
vt 0.226716 0.924543
vt 0.226286 0.923673
vt 0.226761 0.921529
vt 0.227229 0.922588
vt 0.226782 0.922588
vt 0.227256 0.920334
vt 0.226810 0.920323
vt 0.227482 0.920427
vt 0.227264 0.921538
vt 0.220930 0.924114
vt 0.220789 0.923073
vt 0.221015 0.922161
vt 0.221646 0.922396
vt 0.221434 0.922241
vt 0.220695 0.922206
vt 0.220428 0.922977
vt 0.220595 0.923914
vt 0.226430 0.920393
vt 0.226286 0.921458
vt 0.226405 0.922461
vt 0.227453 0.924177
vt 0.227453 0.923235
vt 0.227101 0.922616
vt 0.228602 0.913552
vt 0.228668 0.912595
vt 0.228555 0.911655
vt 0.573008 0.934043
vt 0.573093 0.933807
vt 0.573193 0.933943
vt 0.573193 0.934133
vt 0.573076 0.934267
vt 0.572923 0.934280
vt 0.572824 0.933953
vt 0.572824 0.934144
vt 0.563411 0.937277
vt 0.563510 0.937506
vt 0.563339 0.937506
vt 0.563614 0.937171
vt 0.563482 0.937048
vt 0.563311 0.937048
vt 0.563203 0.937192
vt 0.563207 0.937382
vt 0.121665 0.793750
vt 0.120384 0.795108
vt 0.120370 0.793468
vt 0.121652 0.792862
vt 0.121010 0.792256
vt 0.121639 0.791974
vt 0.122185 0.793640
vt 0.122175 0.792972
vt 0.122388 0.793306
vt 0.122183 0.792050
vt 0.122194 0.792787
vt 0.122370 0.792418
vt 0.117844 0.797907
vt 0.116836 0.796559
vt 0.117961 0.796280
vt 0.116912 0.795679
vt 0.117504 0.795079
vt 0.117891 0.795679
vt 0.116401 0.796450
vt 0.116252 0.796119
vt 0.116458 0.795788
vt 0.116518 0.794874
vt 0.116988 0.794800
vt 0.116455 0.795605
vt 0.116333 0.795239
vt 0.090815 0.911277
vt 0.089122 0.912440
vt 0.089309 0.911312
vt 0.130270 0.929854
vt 0.130804 0.929319
vt 0.130759 0.929797
vt 0.089248 0.914371
vt 0.089035 0.914875
vt 0.088962 0.914385
vt 0.092279 0.916298
vt 0.091633 0.916691
vt 0.091458 0.916320
vt 0.221767 0.919447
vt 0.222075 0.919783
vt 0.221613 0.920067
vt 0.092905 0.916660
vt 0.092959 0.916280
vt 0.216278 0.917985
vt 0.215628 0.918358
vt 0.215833 0.917768
vt 0.216209 0.917270
vt 0.220428 0.918904
vt 0.220873 0.919596
vt 0.220510 0.919525
vt 0.089328 0.914807
vt 0.089511 0.914350
vt 0.089584 0.914706
vt 0.223202 0.919965
vt 0.222899 0.920603
vt 0.222829 0.920071
vt 0.224280 0.920083
vt 0.223771 0.920574
vt 0.223724 0.920019
vt 0.215713 0.920985
vt 0.215988 0.921659
vt 0.215652 0.921485
vt 0.216169 0.920098
vt 0.215739 0.920053
vt 0.090815 0.909107
vt 0.089598 0.908791
vt 0.215386 0.920702
vt 0.215489 0.920090
vt 0.215598 0.917468
vt 0.222506 0.920209
vt 0.222530 0.920641
vt 0.216427 0.919115
vt 0.215771 0.919019
vt 0.215957 0.918832
vt 0.216704 0.920260
vt 0.216097 0.921150
vt 0.223292 0.920562
vt 0.225552 0.921883
vt 0.224838 0.922273
vt 0.224635 0.921792
vt 0.221311 0.918922
vt 0.220758 0.918930
vt 0.225990 0.922191
vt 0.225656 0.922273
vt 0.216593 0.921229
vt 0.221402 0.919532
vt 0.216727 0.918204
vt 0.223317 0.921115
vt 0.222904 0.921088
vt 0.222489 0.921027
vt 0.216652 0.917208
vt 0.224304 0.920554
vt 0.223770 0.921088
vt 0.215835 0.919518
vt 0.221062 0.920180
vt 0.102526 0.909648
vt 0.104071 0.910938
vt 0.102630 0.911034
vt 0.130804 0.930244
vt 0.089035 0.913844
vt 0.091613 0.915941
vt 0.092344 0.915828
vt 0.222075 0.917888
vt 0.221767 0.918316
vt 0.221613 0.917604
vt 0.092885 0.915903
vt 0.217519 0.918982
vt 0.217219 0.918296
vt 0.217706 0.918386
vt 0.217699 0.917761
vt 0.217380 0.917448
vt 0.220873 0.918193
vt 0.089328 0.913899
vt 0.089584 0.913960
vt 0.222899 0.921521
vt 0.223202 0.922088
vt 0.222829 0.921941
vt 0.221727 0.920180
vt 0.222244 0.920744
vt 0.221676 0.920589
vt 0.220809 0.921239
vt 0.221149 0.920551
vt 0.221221 0.921185
vt 0.221163 0.922161
vt 0.220720 0.922097
vt 0.103811 0.912977
vt 0.102609 0.913403
vt 0.220428 0.921344
vt 0.220460 0.921943
vt 0.220474 0.920720
vt 0.222506 0.921747
vt 0.217011 0.919428
vt 0.216307 0.919478
vt 0.221708 0.922033
vt 0.223292 0.921608
vt 0.223724 0.922002
vt 0.224787 0.920367
vt 0.225521 0.920717
vt 0.224610 0.920858
vt 0.225941 0.920387
vt 0.226194 0.920811
vt 0.221716 0.921122
vt 0.221402 0.918248
vt 0.216972 0.919167
vt 0.223771 0.921553
vt 0.222530 0.921393
vt 0.224304 0.921478
vt 0.220510 0.918227
vt 0.221062 0.917490
vt 0.349234 0.924110
vt 0.349233 0.924109
vt 0.349234 0.924109
vt 0.349234 0.924109
vt 0.349235 0.924110
vt 0.349235 0.924111
vt 0.349234 0.924112
vt 0.349234 0.924112
vt 0.353996 0.909360
vt 0.352480 0.907542
vt 0.353575 0.906800
vt 0.354850 0.907146
vt 0.355551 0.909100
vt 0.355551 0.911418
vt 0.353181 0.911814
vt 0.354455 0.912160
vt 0.339122 0.923867
vt 0.339206 0.923663
vt 0.339275 0.923840
vt 0.338973 0.923704
vt 0.338969 0.923894
vt 0.339042 0.924093
vt 0.339167 0.924122
vt 0.339275 0.924051
vt 0.350761 0.909354
vt 0.351683 0.907114
vt 0.352440 0.909055
vt 0.349125 0.907571
vt 0.349083 0.909654
vt 0.349882 0.911834
vt 0.351258 0.912148
vt 0.352440 0.911377
vt 0.228175 0.796901
vt 0.227233 0.795511
vt 0.228157 0.796491
vt 0.712457 0.933244
vt 0.712174 0.933008
vt 0.712382 0.932890
vt 0.711138 0.926086
vt 0.710909 0.925821
vt 0.711135 0.925825
vt 0.707343 0.933060
vt 0.707095 0.932625
vt 0.707436 0.932599
vt 0.710477 0.923039
vt 0.710265 0.922653
vt 0.710623 0.922643
vt 0.715986 0.926298
vt 0.715766 0.925830
vt 0.716079 0.925800
vt 0.715928 0.922457
vt 0.715721 0.921990
vt 0.716029 0.921960
vt 0.716301 0.922107
vt 0.716301 0.922536
vt 0.716080 0.922839
vt 0.715641 0.922751
vt 0.715849 0.922850
vt 0.716359 0.925941
vt 0.716359 0.926369
vt 0.716144 0.926670
vt 0.715703 0.926588
vt 0.715914 0.926684
vt 0.710824 0.922908
vt 0.710806 0.923221
vt 0.710578 0.923456
vt 0.710025 0.923190
vt 0.710258 0.923456
vt 0.707688 0.933211
vt 0.707688 0.932810
vt 0.707248 0.933501
vt 0.707466 0.933521
vt 0.707041 0.933387
vt 0.710962 0.925608
vt 0.711172 0.925589
vt 0.711400 0.925639
vt 0.711400 0.925856
vt 0.712814 0.933162
vt 0.712603 0.932892
vt 0.712549 0.933753
vt 0.712814 0.933607
vt 0.712215 0.933768
vt 0.691679 0.936679
vt 0.691433 0.936882
vt 0.691438 0.936656
vt 0.691502 0.936552
vt 0.691276 0.936825
vt 0.691273 0.936593
vt 0.104280 0.795083
vt 0.104422 0.795023
vt 0.104419 0.795083
vt 0.103259 0.795279
vt 0.103179 0.795246
vt 0.103269 0.795224
vt 0.692158 0.936618
vt 0.692468 0.936456
vt 0.692478 0.936597
vt 0.691868 0.937361
vt 0.691668 0.937234
vt 0.691930 0.937235
vt 0.104658 0.794847
vt 0.104671 0.794773
vt 0.104755 0.794788
vt 0.103285 0.794944
vt 0.103240 0.794911
vt 0.103268 0.794809
vt 0.691469 0.937144
vt 0.691447 0.937259
vt 0.691679 0.937063
vt 0.691478 0.937053
vt 0.692141 0.936352
vt 0.692479 0.936315
vt 0.691946 0.937100
vt 0.691693 0.937069
vt 0.692296 0.936228
vt 0.692495 0.936193
vt 0.691589 0.937449
vt 0.691622 0.937349
vt 0.104268 0.794964
vt 0.104266 0.795026
vt 0.692134 0.936736
vt 0.103228 0.795385
vt 0.103168 0.795302
vt 0.104346 0.796831
vt 0.104306 0.796756
vt 0.104346 0.796693
vt 0.692477 0.936703
vt 0.692139 0.936959
vt 0.694393 0.938075
vt 0.694244 0.937980
vt 0.694393 0.937901
vt 0.103161 0.795365
vt 0.103301 0.795506
vt 0.103165 0.795472
vt 0.104424 0.794959
vt 0.104278 0.794858
vt 0.104423 0.794842
vt 0.103291 0.795453
vt 0.103449 0.795487
vt 0.103315 0.795550
vt 0.103613 0.795756
vt 0.103588 0.795881
vt 0.103575 0.795751
vt 0.104411 0.794773
vt 0.103219 0.795545
vt 0.692002 0.938135
vt 0.692080 0.938043
vt 0.692096 0.938262
vt 0.693657 0.940375
vt 0.693437 0.940407
vt 0.693510 0.940238
vt 0.691515 0.937627
vt 0.691875 0.937477
vt 0.691849 0.937699
vt 0.691959 0.937969
vt 0.692096 0.937903
vt 0.693673 0.940186
vt 0.693741 0.940243
vt 0.692745 0.939114
vt 0.692682 0.938948
vt 0.692757 0.939009
vt 0.692665 0.939303
vt 0.692622 0.939090
vt 0.103853 0.795908
vt 0.103748 0.795934
vt 0.103730 0.795875
vt 0.103738 0.795774
vt 0.103886 0.795795
vt 0.103638 0.795897
vt 0.103746 0.795164
vt 0.103626 0.795227
vt 0.103599 0.795169
vt 0.103748 0.795129
vt 0.103586 0.795137
vt 0.103432 0.795577
vt 0.103495 0.795524
vt 0.103485 0.795584
vt 0.103161 0.794881
vt 0.103511 0.795230
vt 0.103557 0.795328
vt 0.103495 0.795320
vt 0.103176 0.794963
vt 0.103254 0.794993
vt 0.104602 0.794980
vt 0.104564 0.794831
vt 0.103368 0.794876
vt 0.103368 0.794854
vt 0.691924 0.936882
vt 0.691919 0.936656
vt 0.691855 0.936552
vt 0.691679 0.936410
vt 0.692081 0.936825
vt 0.692084 0.936593
vt 0.104543 0.795082
vt 0.104562 0.795025
vt 0.103584 0.795570
vt 0.103686 0.795534
vt 0.103693 0.795589
vt 0.692839 0.936618
vt 0.692725 0.937693
vt 0.692578 0.937820
vt 0.692524 0.937706
vt 0.104671 0.795187
vt 0.104658 0.795114
vt 0.104755 0.795173
vt 0.103452 0.794944
vt 0.103497 0.794911
vt 0.103482 0.794993
vt 0.692363 0.937914
vt 0.692348 0.937799
vt 0.691679 0.936877
vt 0.692842 0.936352
vt 0.692800 0.937953
vt 0.692797 0.937818
vt 0.691879 0.937053
vt 0.692031 0.937069
vt 0.692696 0.936228
vt 0.692501 0.937606
vt 0.692742 0.937576
vt 0.104564 0.794963
vt 0.692859 0.936736
vt 0.103581 0.795512
vt 0.103666 0.795428
vt 0.103575 0.795450
vt 0.103727 0.795359
vt 0.692856 0.936959
vt 0.694229 0.937901
vt 0.694080 0.937995
vt 0.694065 0.937922
vt 0.103729 0.795306
vt 0.104556 0.794856
vt 0.103862 0.795324
vt 0.103729 0.795263
vt 0.103624 0.795629
vt 0.103676 0.795627
vt 0.103620 0.795270
vt 0.103577 0.795343
vt 0.695935 0.939175
vt 0.695769 0.939226
vt 0.695916 0.939066
vt 0.694567 0.940231
vt 0.694442 0.940074
vt 0.694606 0.940005
vt 0.692436 0.937429
vt 0.693425 0.938659
vt 0.693349 0.938775
vt 0.693312 0.938648
vt 0.694510 0.940390
vt 0.694606 0.940384
vt 0.695935 0.938909
vt 0.695792 0.939013
vt 0.695835 0.938916
vt 0.695693 0.939167
vt 0.103886 0.795678
vt 0.103759 0.795675
vt 0.103792 0.795623
vt 0.103879 0.795227
vt 0.103904 0.795169
vt 0.103927 0.795137
vt 0.103834 0.795235
vt 0.103900 0.795286
vt 0.103469 0.794809
vt 0.103575 0.794881
vt 0.103511 0.795427
vt 0.103558 0.795483
vt 0.103561 0.794963
vt 0.104620 0.794980
vt 0.107978 0.788549
vt 0.108310 0.788392
vt 0.108284 0.788007
vt 0.107683 0.788518
vt 0.107680 0.788461
vt 0.107698 0.788416
vt 0.107769 0.788429
vt 0.107745 0.788530
vt 0.108161 0.788414
vt 0.108255 0.788084
vt 0.108239 0.788562
vt 0.108346 0.788275
vt 0.107902 0.788663
vt 0.108306 0.788284
vt 0.108057 0.788268
vt 0.108023 0.788276
vt 0.107994 0.788256
vt 0.108009 0.788154
vt 0.108081 0.788167
vt 0.107716 0.788538
vt 0.344477 0.913099
vt 0.344259 0.912960
vt 0.344118 0.913289
vt 0.344391 0.913174
vt 0.344656 0.913280
vt 0.098946 0.559968
vt 0.098261 0.560400
vt 0.098871 0.560811
vt 0.098620 0.559875
vt 0.098398 0.559835
vt 0.099043 0.560750
vt 0.213896 0.565774
vt 0.225401 0.557888
vt 0.217923 0.564825
vt 0.226105 0.560731
vt 0.214553 0.564883
vt 0.218023 0.563433
vt 0.225401 0.559236
vt 0.220170 0.553842
vt 0.225734 0.565220
vt 0.215301 0.565705
vt 0.225473 0.554326
vt 0.220699 0.565783
vt 0.225950 0.563666
vt 0.216747 0.565745
vt 0.213034 0.564808
vt 0.218808 0.565847
vt 0.219895 0.563334
vt 0.225803 0.563965
vt 0.225349 0.561218
vt 0.225803 0.562617
vt 0.220737 0.564737
vt 0.224112 0.564268
vt 0.226705 0.555043
vt 0.226713 0.565025
vt 0.212293 0.565707
vt 0.223273 0.565098
vt 0.212450 0.564658
vt 0.217943 0.563351
vt 0.223912 0.551832
vt 0.219965 0.556916
vt 0.218476 0.550767
vt 0.222673 0.561964
vt 0.222788 0.563779
vt 0.223892 0.560705
vt 0.574646 0.915051
vt 0.572826 0.915742
vt 0.098521 0.559909
vt 0.098672 0.560441
vt 0.218403 0.558552
vt 0.212416 0.556299
vt 0.212912 0.560460
vt 0.222538 0.560984
vt 0.213351 0.556510
vt 0.211705 0.557602
vt 0.099657 0.559751
vt 0.218403 0.557623
vt 0.218589 0.559614
vt 0.217103 0.559854
vt 0.221922 0.559554
vt 0.214025 0.558367
vt 0.097975 0.560599
vt 0.098460 0.560100
vt 0.098094 0.560471
vt 0.098018 0.560339
vt 0.098792 0.560059
vt 0.098849 0.560320
vt 0.098831 0.559807
vt 0.098787 0.560084
vt 0.112291 0.790643
vt 0.112065 0.790211
vt 0.111341 0.791182
vt 0.700477 0.932813
vt 0.700786 0.932780
vt 0.701253 0.933076
vt 0.108945 0.790581
vt 0.701067 0.933746
vt 0.700860 0.933408
vt 0.108840 0.790666
vt 0.108738 0.790579
vt 0.108804 0.790659
vt 0.108997 0.790648
vt 0.700811 0.933058
vt 0.701253 0.933082
vt 0.108989 0.790580
vt 0.701298 0.933665
vt 0.700850 0.932889
vt 0.701038 0.933285
vt 0.108866 0.790666
vt 0.108796 0.790579
vt 0.346773 0.914087
vt 0.444880 0.911434
vt 0.241547 0.798915
vt 0.347465 0.910961
vt 0.344582 0.913984
vt 0.452078 0.914652
vt 0.236164 0.793048
vt 0.347004 0.910352
vt 0.228589 0.797066
vt 0.228589 0.796203
vt 0.706027 0.931821
vt 0.705718 0.929868
vt 0.704658 0.931721
vt 0.705488 0.929019
vt 0.706969 0.929916
vt 0.706954 0.928888
vt 0.705835 0.929877
vt 0.085186 0.918391
vt 0.090184 0.913243
vt 0.086420 0.917071
vt 0.085637 0.915707
vt 0.093604 0.912822
vt 0.094195 0.915511
vt 0.094009 0.910223
vt 0.093554 0.913086
vt 0.099269 0.784229
vt 0.100996 0.783410
vt 0.100856 0.781412
vt 0.097733 0.784068
vt 0.097719 0.783768
vt 0.097811 0.783535
vt 0.098182 0.783605
vt 0.098060 0.784130
vt 0.100219 0.783524
vt 0.100709 0.781813
vt 0.100627 0.784293
vt 0.101181 0.782802
vt 0.098873 0.784818
vt 0.100974 0.782850
vt 0.099679 0.782768
vt 0.099502 0.782810
vt 0.099353 0.782707
vt 0.099430 0.782173
vt 0.099801 0.782243
vt 0.097905 0.784172
vt 0.338594 0.919532
vt 0.336926 0.920411
vt 0.338193 0.919877
vt 0.339424 0.920371
vt 0.339137 0.920221
vt 0.095196 0.911884
vt 0.088140 0.916343
vt 0.094420 0.920577
vt 0.085980 0.920057
vt 0.091836 0.910934
vt 0.089549 0.910517
vt 0.096197 0.919945
vt 0.217577 0.926543
vt 0.229083 0.918657
vt 0.221604 0.925595
vt 0.218235 0.925652
vt 0.222407 0.924253
vt 0.229778 0.920412
vt 0.229083 0.920005
vt 0.223851 0.914612
vt 0.229788 0.923386
vt 0.229415 0.925990
vt 0.218982 0.926475
vt 0.229154 0.915095
vt 0.224380 0.926552
vt 0.229631 0.924436
vt 0.220428 0.926514
vt 0.216715 0.925577
vt 0.222489 0.926617
vt 0.223577 0.924103
vt 0.229484 0.924734
vt 0.229040 0.921744
vt 0.229484 0.923386
vt 0.224418 0.925506
vt 0.228397 0.925038
vt 0.230386 0.915812
vt 0.230395 0.925795
vt 0.215974 0.926476
vt 0.227056 0.926475
vt 0.216131 0.925427
vt 0.221624 0.924120
vt 0.227593 0.912602
vt 0.223646 0.917685
vt 0.222158 0.911536
vt 0.226354 0.922733
vt 0.226469 0.924548
vt 0.227573 0.921475
vt 0.572940 0.933820
vt 0.563618 0.937361
vt 0.121675 0.795108
vt 0.120504 0.792862
vt 0.116744 0.797907
vt 0.090660 0.912115
vt 0.092369 0.916764
vt 0.222085 0.919321
vt 0.216098 0.917068
vt 0.226220 0.921754
vt 0.216521 0.921663
vt 0.217032 0.917280
vt 0.215386 0.918371
vt 0.216224 0.919478
vt 0.104003 0.910049
vt 0.222085 0.918392
vt 0.222270 0.920383
vt 0.220784 0.920623
vt 0.225604 0.920323
vt 0.217706 0.919137
vt 0.220627 0.917609
vt 0.349233 0.924110
vt 0.352440 0.909620
vt 0.339081 0.923634
vt 0.350308 0.906800
vt 0.712085 0.933359
vt 0.710931 0.926053
vt 0.706966 0.932982
vt 0.710072 0.922877
vt 0.715611 0.926230
vt 0.715554 0.922386
vt 0.711370 0.926084
vt 0.692115 0.936491
vt 0.691326 0.937069
vt 0.692480 0.936944
vt 0.694229 0.938054
vt 0.104294 0.794782
vt 0.693532 0.940561
vt 0.692757 0.939296
vt 0.103749 0.795225
vt 0.103218 0.794773
vt 0.103558 0.795189
vt 0.692868 0.936491
vt 0.104564 0.795130
vt 0.692576 0.937986
vt 0.694229 0.938075
vt 0.104521 0.794781
vt 0.694396 0.940254
vt 0.692720 0.937354
vt 0.693425 0.938832
vt 0.103881 0.795227
vt 0.103518 0.794773
s 1
usemtl Mario64
f 6/1/1 7/2/2 17/3/3
f 16/4/4 4/5/5 9/6/6
f 15/7/7 3/8/8 11/9/9
f 14/10/10 1/11/11 5/12/12
f 14/13/10 17/14/3 16/15/4
f 13/16/13 1/17/11 12/18/14
f 13/16/13 3/19/8 10/20/15
f 8/21/16 10/20/15 4/22/5
f 8/21/16 6/23/1 13/16/13
f 3/24/8 14/10/10 11/25/9
f 9/26/6 10/27/15 15/7/7
f 2/28/17 16/4/4 7/29/2
f 1/30/11 17/3/3 5/31/12
f 24/32/18 23/33/19 34/34/20
f 33/35/21 21/36/22 25/37/23
f 32/38/24 20/39/25 27/40/26
f 31/41/27 18/42/28 29/43/29
f 34/44/20 31/45/27 32/46/24
f 30/47/30 18/48/28 23/49/19
f 20/50/25 30/47/30 27/51/26
f 27/51/26 25/52/23 21/53/22
f 25/52/23 23/49/19 19/54/31
f 31/41/27 20/55/25 28/56/32
f 26/57/33 27/40/26 21/58/22
f 33/35/21 19/59/31 24/60/18
f 34/34/20 18/61/28 22/62/34
f 60/63/35 38/64/36 46/65/37
f 59/66/38 58/67/39 47/68/40
f 52/69/41 63/70/42 66/71/43
f 54/72/44 44/73/45 57/74/46
f 41/75/47 64/76/48 50/77/49
f 55/78/50 36/79/51 54/80/44
f 56/81/52 51/82/53 53/83/54
f 54/80/44 49/84/55 55/78/50
f 48/85/56 45/86/57 55/78/50
f 56/87/52 35/88/58 43/89/59
f 37/90/60 56/87/52 43/89/59
f 47/68/40 42/91/61 56/81/52
f 57/74/46 35/92/58 53/93/54
f 58/94/39 39/95/62 67/96/63
f 59/66/38 52/97/41 40/98/64
f 51/99/53 61/100/65 41/101/47
f 48/85/56 49/84/55 52/69/41
f 54/72/44 41/101/47 50/102/49
f 57/74/46 51/99/53 41/101/47
f 37/103/60 59/104/38 47/105/40
f 46/106/37 48/107/56 59/104/38
f 60/63/35 37/108/60 43/109/59
f 44/110/45 43/109/59 35/111/58
f 36/112/51 60/63/35 44/110/45
f 50/113/49 63/70/42 49/84/55
f 42/114/61 65/115/66 51/116/53
f 40/117/64 66/118/43 39/95/62
f 42/114/61 67/119/63 62/120/67
f 63/121/42 64/122/48 68/123/68
f 67/124/63 39/125/62 68/123/68
f 61/126/65 65/127/66 68/123/68
f 66/128/43 63/121/42 68/123/68
f 62/129/67 67/124/63 68/123/68
f 64/122/48 61/126/65 68/123/68
f 65/127/66 62/129/67 68/123/68
f 39/125/62 66/128/43 68/123/68
f 84/130/69 69/131/70 72/132/71
f 87/133/72 95/134/73 96/135/74
f 194/125/75 101/123/76 167/128/77
f 72/132/71 76/136/78 75/137/79
f 89/138/80 85/139/81 90/140/82
f 84/141/69 75/142/79 82/143/83
f 87/133/72 94/144/84 92/145/85
f 98/146/86 99/147/87 100/148/88
f 71/149/89 78/150/90 76/136/78
f 82/151/83 74/152/91 81/153/92
f 74/154/91 83/155/93 81/156/92
f 90/140/82 99/157/87 97/158/94
f 72/132/71 70/159/95 71/149/89
f 98/160/86 90/161/82 97/162/94
f 88/163/96 86/164/97 87/133/72
f 93/165/98 86/166/97 89/138/80
f 92/167/85 93/168/98 89/169/80
f 100/170/88 91/171/99 98/172/86
f 88/163/96 92/145/85 91/173/99
f 77/174/100 70/175/95 73/176/101
f 78/177/90 79/178/102 77/179/100
f 73/176/101 69/180/70 74/154/91
f 75/181/79 73/182/101 74/152/91
f 71/149/89 79/183/102 80/184/103
f 168/127/104 101/123/76 171/129/105
f 94/185/84 95/186/73 93/187/98
f 82/188/83 83/189/93 84/190/69
f 100/191/88 85/192/81 88/163/96
f 102/124/106 101/123/76 194/125/75
f 91/193/99 89/169/80 90/161/82
f 171/129/105 101/123/76 102/124/106
f 170/121/107 101/123/76 169/122/108
f 167/128/77 101/123/76 170/121/107
f 169/122/108 101/123/76 172/126/109
f 172/126/109 101/123/76 168/127/104
f 76/194/78 77/195/100 73/182/101
f 104/147/110 105/146/111 103/148/112
f 111/167/113 110/168/114 109/196/115
f 109/185/115 108/186/116 107/197/117
f 118/192/118 103/191/112 115/163/119
f 109/144/115 116/133/120 111/145/113
f 113/140/121 104/157/110 118/139/118
f 110/165/114 117/166/122 108/198/116
f 114/138/123 118/139/118 117/166/122
f 112/171/124 103/170/112 105/172/111
f 111/145/113 115/163/119 112/173/124
f 108/134/116 116/133/120 107/135/117
f 117/164/122 115/163/119 116/133/120
f 105/160/111 113/161/121 112/193/124
f 112/193/124 114/169/123 111/167/113
f 120/189/125 121/188/126 119/190/127
f 127/194/128 126/195/129 125/199/130
f 125/177/130 124/178/131 123/200/132
f 134/131/133 119/130/127 131/132/134
f 125/150/130 132/149/135 127/136/128
f 129/154/136 120/155/125 134/180/133
f 126/174/129 133/175/137 124/201/131
f 130/176/138 134/180/133 133/175/137
f 128/142/139 119/141/127 121/143/126
f 127/136/128 131/132/134 128/137/139
f 124/183/131 132/149/135 123/184/132
f 133/159/137 131/132/134 132/149/135
f 121/151/126 129/152/136 128/181/139
f 128/181/139 130/182/138 127/194/128
f 135/202/140 138/203/141 137/204/142
f 146/205/143 141/206/144 143/207/145
f 142/208/146 139/209/147 141/210/144
f 147/211/148 136/212/149 135/213/140
f 141/214/144 148/215/150 143/216/145
f 145/217/151 136/218/149 150/219/152
f 146/220/143 140/221/153 142/222/146
f 145/217/151 149/223/154 146/220/143
f 137/224/142 147/225/148 135/226/140
f 143/216/145 147/225/148 144/227/155
f 140/228/153 148/229/150 139/230/147
f 149/231/154 147/211/148 148/229/150
f 137/232/142 145/233/151 144/234/155
f 144/234/155 146/205/143 143/207/145
f 151/235/156 154/236/157 153/237/158
f 159/238/159 158/239/160 157/240/161
f 158/241/160 155/242/162 157/243/161
f 163/244/163 152/245/164 151/246/156
f 157/247/161 164/248/165 159/249/159
f 161/250/166 152/251/164 166/252/167
f 162/253/168 156/254/169 158/255/160
f 162/253/168 166/252/167 165/256/170
f 153/257/158 163/258/163 151/259/156
f 159/249/159 163/258/163 160/260/171
f 156/261/169 164/262/165 155/263/162
f 165/264/170 163/244/163 164/262/165
f 153/265/158 161/266/166 160/267/171
f 160/267/171 162/268/168 159/238/159
f 193/117/172 167/118/77 181/269/173
f 176/74/174 182/99/175 180/93/176
f 196/108/177 173/63/178 190/109/179
f 168/115/104 191/114/180 182/116/175
f 190/109/179 189/110/181 198/111/182
f 170/70/107 183/113/183 184/84/184
f 196/103/177 174/104/185 187/106/186
f 172/100/109 182/99/175 192/101/187
f 191/114/180 102/119/106 175/270/188
f 185/85/189 184/84/184 178/78/190
f 187/106/186 185/107/189 195/271/191
f 174/66/185 181/97/173 185/272/189
f 173/63/178 197/112/192 189/110/181
f 179/72/193 192/101/187 176/74/174
f 198/92/182 176/74/174 180/93/176
f 169/76/108 192/75/187 183/77/183
f 184/84/184 179/80/193 178/78/190
f 191/91/180 186/68/194 177/81/195
f 185/85/189 188/86/196 195/273/191
f 196/90/177 177/87/195 186/274/194
f 178/78/190 197/79/192 188/86/196
f 175/67/188 174/66/185 186/68/194
f 175/94/188 194/95/75 193/117/172
f 181/69/173 170/70/107 184/84/184
f 182/82/175 177/81/195 180/83/176
f 173/63/178 195/64/191 188/275/196
f 198/88/182 177/87/195 190/89/179
f 189/73/181 179/72/193 176/74/174
f 199/276/197 202/277/198 200/278/199
f 205/279/200 210/280/201 207/281/202
f 203/282/203 206/283/204 205/284/200
f 211/285/205 200/286/199 214/287/206
f 212/288/207 205/289/200 207/290/202
f 209/291/208 200/292/199 202/293/198
f 204/294/209 210/295/201 206/296/204
f 213/297/210 209/291/208 210/295/201
f 201/298/211 211/299/205 208/300/212
f 211/299/205 207/290/202 208/300/212
f 212/301/207 204/302/209 203/303/203
f 211/285/205 213/304/210 212/301/207
f 201/305/211 209/306/208 202/307/198
f 208/308/212 210/280/201 209/306/208
f 215/309/213 218/310/214 216/311/215
f 223/312/216 222/313/217 226/314/218
f 219/315/219 222/316/217 221/317/220
f 227/318/221 216/319/215 230/320/222
f 228/321/223 221/322/220 223/323/216
f 225/324/224 216/325/215 218/326/214
f 220/327/225 226/328/218 222/329/217
f 226/328/218 230/330/222 225/324/224
f 217/331/226 227/332/221 224/333/227
f 227/332/221 223/323/216 224/333/227
f 228/334/223 220/335/225 219/336/219
f 227/318/221 229/337/228 228/334/223
f 217/338/226 225/339/224 218/340/214
f 224/341/227 226/314/218 225/339/224
f 241/342/229 242/343/230 256/344/231
f 255/345/232 238/346/233 245/347/234
f 254/348/235 236/349/236 248/350/237
f 253/351/238 232/352/239 240/353/240
f 252/354/241 235/355/242 249/356/243
f 251/357/244 232/358/239 250/359/245
f 251/357/244 236/349/236 247/360/246
f 238/346/233 251/357/244 247/360/246
f 234/361/247 251/357/244 244/362/248
f 252/354/241 231/363/249 239/364/250
f 233/365/251 252/354/241 239/364/250
f 237/366/252 252/354/241 243/367/253
f 261/368/254 240/353/240 260/369/255
f 248/370/237 261/368/254 259/371/256
f 236/372/236 253/351/238 248/370/237
f 254/373/235 259/374/256 262/375/257
f 258/376/258 254/373/235 262/375/257
f 245/377/234 247/378/246 254/373/235
f 263/379/259 245/380/234 258/381/258
f 242/382/230 263/379/259 257/383/260
f 234/384/247 255/385/232 242/382/230
f 256/344/231 257/386/260 264/387/261
f 260/388/255 256/344/231 264/387/261
f 232/389/239 256/344/231 240/390/240
f 231/391/249 264/387/261 239/392/250
f 264/387/261 233/393/251 239/392/250
f 233/394/251 263/379/259 243/395/253
f 263/379/259 237/396/252 243/395/253
f 237/397/252 262/375/257 246/398/262
f 262/375/257 235/399/242 246/398/262
f 235/400/242 261/368/254 249/401/243
f 261/368/254 231/402/249 249/401/243
f 273/403/263 268/404/264 272/405/265
f 273/403/263 267/406/266 269/407/267
f 265/408/268 273/403/263 269/407/267
f 266/409/269 273/403/263 270/410/270
f 282/411/271 277/412/272 280/413/273
f 276/414/274 282/411/271 278/415/275
f 274/416/276 282/411/271 279/417/277
f 282/411/271 275/418/278 279/417/277
f 301/419/279 286/420/280 299/421/281
f 341/422/282 291/423/283 320/424/284
f 339/425/285 305/426/286 340/427/287
f 324/428/288 295/429/289 323/430/290
f 294/431/291 284/432/292 298/433/293
f 291/434/283 324/428/288 320/435/284
f 307/436/294 283/437/295 287/438/296
f 285/439/297 307/436/294 287/438/296
f 326/440/298 303/441/299 333/442/300
f 294/443/291 323/444/290 295/445/289
f 290/446/301 310/447/302 293/448/303
f 286/449/280 302/450/304 299/451/281
f 297/452/305 290/453/301 293/454/303
f 288/455/306 297/452/305 296/456/307
f 284/457/292 301/419/279 298/458/293
f 296/456/307 287/459/296 283/460/295
f 297/461/305 285/439/297 287/438/296
f 293/448/303 304/462/308 285/463/297
f 333/464/300 306/465/309 322/466/310
f 298/467/293 292/468/311 288/455/306
f 299/451/281 308/469/312 290/446/301
f 300/470/313 284/471/292 295/472/289
f 340/473/287 309/474/314 326/440/298
f 300/470/313 286/475/280 289/476/315
f 292/468/311 299/477/281 290/453/301
f 305/478/286 294/431/291 298/433/293
f 306/465/309 325/479/316 322/466/310
f 308/469/312 341/480/282 327/481/317
f 308/469/312 334/482/318 310/447/302
f 304/462/308 334/482/318 319/483/319
f 304/484/308 325/479/316 307/436/294
f 302/450/304 291/485/283 341/480/282
f 303/486/299 283/437/295 306/465/309
f 309/487/314 296/456/307 303/488/299
f 305/478/286 288/489/306 309/474/314
f 342/490/320 314/491/321 317/492/322
f 341/422/282 320/424/284 321/493/323
f 346/494/324 339/425/285 340/427/287
f 324/428/288 331/495/325 338/496/326
f 312/497/327 330/498/328 336/499/329
f 324/428/288 321/500/323 320/435/284
f 311/501/330 348/502/331 315/503/332
f 313/504/333 348/502/331 345/505/334
f 344/506/335 326/440/298 333/442/300
f 323/444/290 330/507/328 331/508/325
f 351/509/336 318/510/337 329/511/338
f 343/512/339 314/513/321 337/514/340
f 335/515/341 318/516/337 328/517/342
f 335/515/341 316/518/343 332/519/344
f 342/490/320 312/520/327 336/521/329
f 315/522/332 332/519/344 311/523/330
f 313/524/333 335/515/341 315/522/332
f 345/525/334 329/511/338 313/526/333
f 347/527/345 333/464/300 322/466/310
f 328/517/342 336/528/329 316/518/343
f 349/529/346 337/530/340 318/510/337
f 312/531/327 338/532/326 331/533/325
f 350/534/347 340/473/287 326/440/298
f 338/532/326 314/535/321 321/536/323
f 328/517/342 337/514/340 342/537/320
f 346/538/324 336/499/329 330/498/328
f 347/527/345 325/479/316 348/502/331
f 349/529/346 341/480/282 343/539/339
f 334/482/318 349/529/346 351/509/336
f 345/525/334 334/482/318 351/509/336
f 325/479/316 345/505/334 348/502/331
f 343/539/339 341/480/282 321/540/323
f 311/501/330 344/541/335 347/527/345
f 332/542/344 350/534/347 344/506/335
f 316/543/343 346/538/324 350/534/347
f 358/544/348 354/544/349 355/544/350
f 355/544/350 353/544/351 352/544/352
f 360/544/353 358/544/348 361/544/354
f 357/544/355 361/544/354 356/544/356
f 362/545/357 365/545/358 363/545/359
f 366/545/360 365/545/358 364/545/361
f 379/546/362 388/547/363 390/548/364
f 383/549/365 394/550/366 381/551/367
f 383/552/365 395/553/368 396/554/369
f 375/555/370 378/556/371 380/557/372
f 372/558/373 381/551/367 374/559/374
f 368/560/375 386/561/376 387/562/377
f 373/563/378 383/564/365 372/565/373
f 370/566/379 384/567/380 371/568/381
f 376/569/382 388/570/363 370/571/379
f 375/555/370 380/557/372 389/572/383
f 379/546/362 389/573/383 380/574/372
f 371/568/381 386/575/376 369/576/384
f 377/577/385 381/551/367 378/556/371
f 387/562/377 373/563/378 368/560/375
f 376/569/382 389/578/383 390/579/364
f 385/580/386 370/566/379 388/581/363
f 387/582/377 399/583/387 400/584/388
f 379/585/362 391/586/389 393/587/390
f 380/557/372 378/556/371 391/588/389
f 384/567/380 399/589/387 386/575/376
f 378/556/371 394/550/366 392/590/391
f 379/585/362 398/591/392 385/592/386
f 387/582/377 395/553/368 382/593/393
f 384/567/380 398/594/392 397/595/394
f 397/596/394 403/597/395 399/598/387
f 398/599/392 393/600/390 402/601/396
f 397/602/394 402/601/396 401/603/397
f 391/604/389 392/605/391 402/601/396
f 394/606/366 396/607/369 403/608/395
f 392/609/391 403/597/395 401/610/397
f 393/600/390 391/604/389 402/601/396
f 400/611/388 403/608/395 395/612/368
f 402/601/396 392/605/391 401/603/397
f 402/601/396 397/602/394 398/599/392
f 403/608/395 396/607/369 395/612/368
f 403/608/395 400/611/388 399/613/387
f 405/614/398 406/615/399 404/616/400
f 411/617/401 408/618/402 409/619/403
f 404/616/400 411/617/401 405/614/398
f 411/617/401 412/620/404 405/614/398
f 412/620/404 413/621/405 414/622/406
f 411/617/401 415/623/407 416/624/408
f 416/624/408 415/623/407 417/625/409
f 420/626/410 419/627/411 418/628/412
f 425/629/413 422/630/414 424/631/415
f 425/629/413 418/628/412 419/627/411
f 426/632/416 425/629/413 419/627/411
f 426/632/416 428/633/417 427/634/418
f 425/629/413 429/635/419 423/636/420
f 430/637/421 431/638/422 429/635/419
f 474/639/423 440/640/424 433/641/425
f 432/642/426 474/639/423 433/641/425
f 433/641/425 444/643/427 438/644/428
f 437/645/429 476/646/430 479/647/431
f 436/648/432 437/649/429 438/650/428
f 475/651/433 441/652/434 486/653/435
f 434/654/436 442/655/437 441/656/434
f 437/657/429 468/658/438 438/659/428
f 432/660/426 466/661/439 465/662/440
f 438/663/428 442/655/437 436/664/432
f 440/640/424 484/665/441 439/666/442
f 486/653/435 443/667/443 489/668/444
f 443/669/443 442/655/437 444/670/427
f 439/666/442 444/643/427 440/640/424
f 489/668/444 439/671/442 484/672/441
f 434/654/436 453/673/445 454/674/446
f 446/675/447 476/646/430 435/676/448
f 475/651/433 445/677/449 434/678/436
f 447/679/450 435/680/448 436/648/432
f 446/681/447 447/682/450 449/683/451
f 493/684/452 448/685/453 445/677/449
f 436/686/432 459/687/454 455/688/455
f 446/689/447 451/690/456 450/691/457
f 494/692/458 450/693/457 500/694/459
f 449/695/451 448/696/453 451/690/456
f 448/696/453 462/697/460 451/690/456
f 513/698/461 464/699/462 519/700/463
f 450/693/457 514/701/464 500/694/459
f 451/690/456 461/702/465 450/691/457
f 456/703/466 458/704/467 457/705/468
f 447/706/450 455/707/455 456/708/466
f 449/709/451 445/710/449 448/711/453
f 442/655/437 454/674/446 436/664/432
f 458/704/467 455/712/455 459/713/454
f 447/706/450 457/714/468 449/715/451
f 453/716/445 459/717/454 454/718/446
f 453/716/445 457/719/468 458/720/467
f 461/721/465 462/722/460 463/723/469
f 461/721/465 517/724/470 514/725/464
f 513/698/461 463/723/469 460/726/471
f 462/722/460 460/726/471 463/723/469
f 502/727/472 464/728/462 452/729/473
f 497/730/474 452/729/473 448/731/453
f 460/732/471 452/733/473 464/734/462
f 468/735/438 465/662/440 466/661/439
f 465/736/440 524/737/475 522/738/476
f 438/739/428 466/661/439 433/740/425
f 437/657/429 524/741/475 467/742/477
f 473/743/478 465/662/440 522/744/476
f 482/745/479 474/639/423 470/746/480
f 469/747/481 474/639/423 473/748/478
f 490/749/482 470/746/480 480/750/483
f 478/751/484 476/646/430 472/752/485
f 478/753/484 477/754/486 480/755/483
f 475/651/433 483/756/487 471/757/488
f 471/758/488 487/759/489 505/760/490
f 525/761/491 478/762/484 480/763/483
f 469/764/481 521/765/492 470/766/480
f 487/759/489 480/767/483 477/768/486
f 482/745/479 484/665/441 485/769/493
f 488/770/494 486/653/435 489/668/444
f 488/771/494 487/759/489 483/772/487
f 481/773/495 490/749/482 488/774/494
f 481/775/495 489/668/444 484/672/441
f 471/758/488 504/776/496 491/777/497
f 476/646/430 492/778/498 472/752/485
f 475/651/433 491/779/497 493/684/452
f 472/780/485 495/781/499 477/754/486
f 492/782/498 498/783/500 495/781/499
f 496/784/501 493/684/452 491/779/497
f 477/785/486 510/786/502 505/787/490
f 492/782/498 501/788/503 498/783/500
f 494/692/458 499/789/504 492/778/498
f 498/783/500 501/788/503 496/790/501
f 515/791/505 496/790/501 501/788/503
f 513/698/461 518/792/506 511/793/507
f 514/701/464 499/789/504 500/694/459
f 512/794/508 501/788/503 499/795/504
f 507/796/509 508/797/510 509/798/511
f 495/799/499 506/800/512 477/801/486
f 498/802/500 491/777/497 504/776/496
f 487/759/489 477/768/486 505/760/490
f 506/803/512 509/804/511 510/805/502
f 508/806/510 495/799/499 498/807/500
f 510/808/502 504/809/496 505/810/490
f 504/809/496 508/797/510 498/811/500
f 512/812/508 516/813/513 515/814/505
f 517/724/470 512/812/508 514/725/464
f 516/813/513 513/698/461 511/793/507
f 515/814/505 516/813/513 511/793/507
f 518/815/506 502/727/472 503/816/514
f 503/816/514 497/730/474 496/817/501
f 511/818/507 503/819/514 496/790/501
f 520/820/515 525/821/491 521/765/492
f 520/822/515 524/737/475 523/823/516
f 521/765/492 480/824/483 470/766/480
f 478/762/484 524/741/475 479/825/431
f 473/743/478 520/820/515 469/764/481
f 391/588/389 378/556/371 392/590/391
f 398/594/392 384/567/380 385/580/386
f 529/826/517 527/827/518 530/828/519
f 526/829/520 528/830/521 531/831/522
f 529/826/517 531/831/522 528/830/521
f 535/832/523 536/833/524 533/834/525
f 532/835/526 537/836/527 534/837/528
f 537/836/527 535/832/523 534/837/528
f 546/838/529 541/839/530 545/840/531
f 546/838/529 540/841/532 542/842/533
f 538/843/534 546/838/529 542/842/533
f 539/844/535 546/838/529 543/845/536
f 555/846/537 550/847/538 554/848/539
f 555/846/537 549/849/540 551/850/541
f 547/851/542 555/846/537 551/850/541
f 548/852/543 555/846/537 552/853/544
f 564/854/545 559/855/546 563/856/547
f 564/854/545 558/857/548 560/858/549
f 556/859/550 564/854/545 560/858/549
f 557/860/551 564/854/545 561/861/552
f 573/862/553 568/863/554 572/864/555
f 573/862/553 567/865/556 569/866/557
f 565/867/558 573/862/553 569/866/557
f 566/868/559 573/862/553 570/869/560
f 582/870/561 577/871/562 580/872/563
f 576/873/564 582/870/561 578/874/565
f 574/875/566 582/870/561 579/876/567
f 582/870/561 575/877/568 579/876/567
f 591/878/569 586/879/570 589/880/571
f 585/881/572 591/878/569 587/882/573
f 583/883/574 591/878/569 588/884/575
f 591/878/569 584/885/576 588/884/575
f 600/886/577 595/887/578 598/888/579
f 594/889/580 600/886/577 596/890/581
f 592/891/582 600/886/577 597/892/583
f 600/886/577 593/893/584 597/892/583
f 609/894/585 604/895/586 607/896/587
f 603/897/588 609/894/585 605/898/589
f 601/899/590 609/894/585 606/900/591
f 609/894/585 602/901/592 606/900/591
f 610/902/593 622/903/594 611/904/595
f 611/904/595 612/905/596 610/902/593
f 613/906/597 614/907/598 612/905/596
f 610/902/593 612/905/596 616/908/599
f 620/909/600 610/910/593 617/911/601
f 612/912/596 614/913/598 618/914/602
f 619/915/603 622/903/594 620/909/600
f 623/916/604 621/917/605 619/915/603
f 625/918/606 624/919/607 623/916/604
f 619/920/603 627/921/608 623/916/604
f 620/909/600 628/922/609 619/915/603
f 623/923/604 629/924/610 625/918/606
f 655/925/611 633/926/612 641/927/613
f 643/928/614 644/929/615 654/930/616
f 653/931/617 635/932/618 647/933/619
f 652/934/620 631/935/621 639/936/622
f 651/937/623 634/938/624 648/939/625
f 650/940/626 631/941/621 649/942/627
f 650/940/626 635/943/618 646/944/628
f 637/945/629 650/940/626 646/944/628
f 633/946/612 650/940/626 643/947/614
f 651/937/623 630/948/630 638/949/631
f 632/950/632 651/937/623 638/949/631
f 636/951/633 651/937/623 642/952/634
f 652/934/620 630/953/630 648/954/625
f 634/955/624 652/934/620 648/954/625
f 635/956/618 652/934/620 647/957/619
f 653/931/617 634/958/624 645/959/635
f 644/960/615 645/959/635 636/961/633
f 637/962/629 653/931/617 644/960/615
f 654/930/616 636/963/633 642/964/634
f 632/965/632 654/930/616 642/964/634
f 641/966/613 643/928/614 654/930/616
f 638/967/631 641/927/613 632/968/632
f 630/969/630 655/925/611 638/967/631
f 631/970/621 655/925/611 639/971/622
f 662/972/636 658/972/637 659/972/638
f 659/972/638 657/972/639 656/972/640
f 664/972/641 662/972/636 665/972/642
f 661/972/643 665/972/642 660/972/644
f 668/973/645 673/973/646 669/973/647
f 668/973/645 667/973/648 666/973/649
f 674/973/650 673/973/646 671/973/651
f 672/973/652 674/973/650 670/973/653
f 687/974/654 696/975/655 698/976/656
f 691/977/657 702/978/658 689/979/659
f 691/980/657 703/981/660 704/982/661
f 683/983/662 686/984/663 688/985/664
f 680/986/665 689/979/659 682/987/666
f 676/988/667 694/989/668 695/990/669
f 681/991/670 691/992/657 680/993/665
f 678/994/671 692/995/672 679/996/673
f 684/997/674 696/998/655 678/999/671
f 683/983/662 688/985/664 697/1000/675
f 687/974/654 697/1001/675 688/1002/664
f 679/996/673 694/1003/668 677/1004/676
f 685/1005/677 689/979/659 686/984/663
f 695/990/669 681/991/670 676/988/667
f 684/997/674 697/1006/675 698/1007/656
f 693/1008/678 678/994/671 696/1009/655
f 695/1010/669 707/1011/679 708/1012/680
f 687/1013/654 699/1014/681 701/1015/682
f 688/985/664 686/984/663 699/1016/681
f 692/995/672 707/1017/679 694/1003/668
f 686/984/663 702/978/658 700/1018/683
f 687/1013/654 706/1019/684 693/1020/678
f 695/1010/669 703/981/660 690/1021/685
f 692/995/672 706/1022/684 705/1023/686
f 705/1024/686 711/1025/687 707/1026/679
f 706/1027/684 701/1028/682 710/1029/688
f 705/1030/686 710/1029/688 709/1031/689
f 699/1032/681 700/1033/683 710/1029/688
f 702/1034/658 704/1035/661 711/1036/687
f 700/1037/683 711/1025/687 709/1038/689
f 701/1028/682 699/1032/681 710/1029/688
f 708/1039/680 711/1036/687 703/1040/660
f 710/1029/688 700/1033/683 709/1031/689
f 710/1029/688 705/1030/686 706/1027/684
f 711/1036/687 704/1035/661 703/1040/660
f 711/1036/687 708/1039/680 707/1041/679
f 717/1042/690 718/1043/691 728/1044/692
f 727/1045/693 715/1046/694 720/1047/695
f 726/1048/696 714/1049/697 722/1050/698
f 725/1051/699 712/1052/700 716/1053/701
f 725/1054/699 728/1055/692 727/1056/693
f 724/1057/702 712/1058/700 723/1059/703
f 724/1057/702 714/1060/697 721/1061/704
f 719/1062/705 721/1061/704 715/1063/694
f 719/1062/705 717/1064/690 724/1057/702
f 714/1065/697 725/1051/699 722/1066/698
f 720/1067/695 721/1068/704 726/1048/696
f 713/1069/706 727/1045/693 718/1070/691
f 712/1071/700 728/1044/692 716/1072/701
f 735/1073/707 734/1074/708 745/1075/709
f 744/1076/710 732/1077/711 736/1078/712
f 743/1079/713 731/1080/714 738/1081/715
f 742/1082/716 729/1083/717 740/1084/718
f 745/1085/709 742/1086/716 743/1087/713
f 741/1088/719 729/1089/717 734/1090/708
f 731/1091/714 741/1088/719 738/1092/715
f 738/1092/715 736/1093/712 732/1094/711
f 736/1093/712 734/1090/708 730/1095/720
f 742/1082/716 731/1096/714 739/1097/721
f 737/1098/722 738/1081/715 732/1099/711
f 744/1076/710 730/1100/720 735/1101/707
f 745/1075/709 729/1102/717 733/1103/723
f 771/1104/724 749/1105/725 757/1106/726
f 770/1107/727 769/1108/728 758/1109/729
f 763/1110/730 774/1111/731 777/1112/732
f 765/1113/733 755/1114/734 768/1115/735
f 761/1116/736 772/1117/737 775/1118/738
f 766/1119/739 747/1120/740 765/1121/733
f 767/1122/741 762/1123/742 764/1124/743
f 765/1121/733 760/1125/744 766/1119/739
f 759/1126/745 756/1127/746 766/1119/739
f 767/1128/741 746/1129/747 754/1130/748
f 748/1131/749 767/1128/741 754/1130/748
f 758/1109/729 753/1132/750 767/1122/741
f 768/1115/735 746/1133/747 764/1134/743
f 769/1135/728 750/1136/751 778/1137/752
f 770/1107/727 763/1138/730 751/1139/753
f 762/1140/742 772/1141/737 752/1142/754
f 759/1126/745 760/1125/744 763/1110/730
f 765/1113/733 752/1142/754 761/1143/736
f 768/1115/735 762/1140/742 752/1142/754
f 748/1144/749 770/1145/727 758/1146/729
f 757/1147/726 759/1148/745 770/1145/727
f 771/1104/724 748/1149/749 754/1150/748
f 755/1151/734 754/1150/748 746/1152/747
f 747/1153/740 771/1104/724 755/1151/734
f 761/1154/736 774/1111/731 760/1125/744
f 753/1155/750 776/1156/755 762/1157/742
f 751/1158/753 777/1159/732 750/1136/751
f 769/1160/728 773/1161/756 753/1155/750
f 774/1162/731 775/1163/738 779/1164/757
f 778/1165/752 750/1166/751 779/1164/757
f 772/1167/737 776/1168/755 779/1164/757
f 777/1169/732 774/1162/731 779/1164/757
f 773/1170/756 778/1165/752 779/1164/757
f 775/1163/738 772/1167/737 779/1164/757
f 776/1168/755 773/1170/756 779/1164/757
f 750/1166/751 777/1169/732 779/1164/757
f 795/1171/758 780/1172/759 783/1173/760
f 798/1174/761 806/1175/762 807/1176/763
f 905/1166/764 812/1164/765 878/1169/766
f 783/1173/760 787/1177/767 786/1178/768
f 797/1179/769 801/1180/770 800/1181/771
f 795/1182/758 786/1183/768 793/1184/772
f 803/1185/773 807/1176/763 805/1186/774
f 809/1187/775 810/1188/776 811/1189/777
f 787/1177/767 791/1190/778 789/1191/779
f 793/1192/772 785/1193/780 792/1194/781
f 785/1195/780 794/1196/782 792/1197/781
f 796/1198/783 808/1199/784 801/1180/770
f 783/1173/760 781/1200/785 782/1201/786
f 809/1202/775 801/1203/770 808/1204/784
f 799/1205/787 797/1206/769 798/1174/761
f 806/1207/762 800/1181/771 804/1208/788
f 803/1209/773 804/1210/788 800/1211/771
f 811/1212/777 802/1213/789 809/1214/775
f 802/1215/789 798/1174/761 803/1185/773
f 790/1216/790 784/1217/791 788/1218/792
f 789/1219/779 790/1220/790 788/1221/792
f 784/1217/791 780/1222/759 785/1195/780
f 786/1223/768 784/1224/791 785/1193/780
f 782/1201/786 790/1225/790 791/1190/778
f 879/1168/793 812/1164/765 882/1170/794
f 805/1226/774 806/1227/762 804/1228/788
f 793/1229/772 794/1230/782 795/1231/758
f 811/1232/777 796/1233/783 799/1205/787
f 813/1165/795 812/1164/765 905/1166/764
f 803/1209/773 801/1203/770 802/1234/789
f 882/1170/794 812/1164/765 813/1165/795
f 881/1162/796 812/1164/765 880/1163/797
f 878/1169/766 812/1164/765 881/1162/796
f 880/1163/797 812/1164/765 883/1167/798
f 883/1167/798 812/1164/765 879/1168/793
f 787/1235/767 788/1236/792 784/1224/791
f 815/1188/799 816/1187/800 814/1189/801
f 822/1209/802 821/1210/803 820/1237/804
f 820/1226/804 819/1227/805 818/1238/806
f 829/1233/807 814/1232/801 826/1205/808
f 822/1185/802 818/1176/806 827/1174/809
f 817/1199/810 829/1198/807 824/1180/811
f 825/1181/812 819/1207/805 821/1208/803
f 824/1180/811 828/1179/813 825/1181/812
f 823/1213/814 814/1212/801 816/1214/800
f 823/1215/814 827/1174/809 826/1205/808
f 819/1175/805 827/1174/809 818/1176/806
f 828/1206/813 826/1205/808 827/1174/809
f 816/1202/800 824/1203/811 823/1234/814
f 824/1203/811 822/1209/802 823/1234/814
f 831/1230/815 832/1229/816 830/1231/817
f 838/1235/818 837/1236/819 836/1239/820
f 836/1219/820 835/1220/821 834/1240/822
f 845/1172/823 830/1171/817 842/1173/824
f 838/1177/818 834/1190/822 843/1201/825
f 840/1195/826 831/1196/815 845/1222/823
f 841/1217/827 835/1216/821 837/1218/819
f 841/1217/827 845/1222/823 844/1241/828
f 839/1183/829 830/1182/817 832/1184/816
f 838/1177/818 842/1173/824 839/1178/829
f 835/1225/821 843/1201/825 834/1190/822
f 844/1200/828 842/1173/824 843/1201/825
f 832/1192/816 840/1193/826 839/1223/829
f 839/1223/829 841/1224/827 838/1235/818
f 846/1242/830 849/1243/831 848/1244/832
f 857/1245/833 852/1246/834 854/1247/835
f 853/1248/836 850/1249/837 852/1250/834
f 858/1251/838 847/1252/839 846/1253/830
f 852/1254/834 859/1255/840 854/1256/835
f 849/1257/831 861/1258/841 856/1259/842
f 857/1260/833 851/1261/843 853/1262/836
f 856/1259/842 860/1263/844 857/1260/833
f 848/1264/832 858/1265/838 846/1266/830
f 855/1267/845 859/1255/840 858/1265/838
f 850/1268/837 860/1269/844 859/1270/840
f 859/1270/840 861/1271/841 858/1251/838
f 848/1272/832 856/1273/842 855/1274/845
f 856/1273/842 854/1247/835 855/1274/845
f 862/1275/846 865/1276/847 864/1277/848
f 873/1278/849 868/1279/850 870/1280/851
f 869/1281/852 866/1282/853 868/1283/850
f 874/1284/854 863/1285/855 862/1286/846
f 868/1287/850 875/1288/856 870/1289/851
f 872/1290/857 863/1291/855 877/1292/858
f 873/1293/849 867/1294/859 869/1295/852
f 872/1290/857 876/1296/860 873/1293/849
f 864/1297/848 874/1298/854 862/1299/846
f 870/1289/851 874/1298/854 871/1300/861
f 867/1301/859 875/1302/856 866/1303/853
f 876/1304/860 874/1284/854 875/1302/856
f 864/1305/848 872/1306/857 871/1307/861
f 872/1306/857 870/1280/851 871/1307/861
f 904/1158/862 878/1159/766 892/1308/863
f 887/1115/864 893/1140/865 891/1134/866
f 907/1149/867 884/1104/868 901/1150/869
f 879/1156/793 902/1155/870 893/1157/865
f 901/1150/869 900/1151/871 909/1152/872
f 881/1111/796 894/1154/873 895/1125/874
f 907/1144/867 885/1145/875 898/1147/876
f 883/1141/798 893/1140/865 903/1142/877
f 882/1161/794 886/1160/878 902/1155/870
f 896/1126/879 895/1125/874 889/1119/880
f 898/1147/876 896/1148/879 906/1309/881
f 885/1107/875 892/1138/863 896/1310/879
f 884/1104/868 908/1153/882 900/1151/871
f 890/1113/883 903/1142/877 887/1115/864
f 909/1133/872 887/1115/864 891/1134/866
f 894/1116/873 883/1117/798 903/1311/877
f 895/1125/874 890/1121/883 889/1119/880
f 902/1132/870 897/1109/884 888/1122/885
f 896/1126/879 899/1127/886 906/1312/881
f 907/1131/867 888/1128/885 897/1313/884
f 889/1119/880 908/1120/882 899/1127/886
f 886/1108/878 885/1107/875 897/1109/884
f 886/1135/878 905/1136/764 904/1158/862
f 892/1110/863 881/1111/796 895/1125/874
f 893/1123/865 888/1122/885 891/1124/866
f 884/1104/868 906/1105/881 899/1314/886
f 909/1129/872 888/1128/885 901/1130/869
f 900/1114/871 890/1113/883 887/1115/864
f 910/1315/887 913/1316/888 911/1317/889
f 916/1318/890 921/1319/891 918/1320/892
f 914/1321/893 917/1322/894 916/1323/890
f 922/1324/895 911/1325/889 925/1326/896
f 923/1327/897 916/1328/890 918/1329/892
f 925/1330/896 913/1331/888 920/1332/898
f 915/1333/899 921/1334/891 917/1335/894
f 924/1336/900 920/1332/898 921/1334/891
f 912/1337/901 922/1338/895 919/1339/902
f 919/1339/902 923/1327/897 918/1329/892
f 914/1340/893 924/1341/900 915/1342/899
f 923/1343/897 925/1326/896 924/1341/900
f 912/1344/901 920/1345/898 913/1346/888
f 918/1320/892 920/1345/898 919/1347/902
f 926/1348/903 929/1349/904 927/1350/905
f 932/1351/906 937/1352/907 934/1353/908
f 930/1354/909 933/1355/910 932/1356/906
f 938/1357/911 927/1358/905 941/1359/912
f 939/1360/913 932/1361/906 934/1362/908
f 936/1363/914 927/1364/905 929/1365/904
f 931/1366/915 937/1367/907 933/1368/910
f 940/1369/916 936/1363/914 937/1367/907
f 928/1370/917 938/1371/911 935/1372/918
f 938/1371/911 934/1362/908 935/1372/918
f 939/1373/913 931/1374/915 930/1375/909
f 938/1357/911 940/1376/916 939/1373/913
f 928/1377/917 936/1378/914 929/1379/904
f 934/1353/908 936/1378/914 935/1380/918
f 952/1381/919 953/1382/920 967/1383/921
f 966/1384/922 949/1385/923 956/1386/924
f 965/1387/925 947/1388/926 959/1389/927
f 964/1390/928 943/1391/929 951/1392/930
f 963/1393/931 946/1394/932 960/1395/933
f 962/1396/934 943/1397/929 961/1398/935
f 962/1396/934 947/1388/926 958/1399/936
f 949/1385/923 962/1396/934 958/1399/936
f 945/1400/937 962/1396/934 955/1401/938
f 963/1393/931 942/1402/939 950/1403/940
f 944/1404/941 963/1393/931 950/1403/940
f 948/1405/942 963/1393/931 954/1406/943
f 972/1407/944 951/1392/930 971/1408/945
f 959/1409/927 972/1407/944 970/1410/946
f 947/1411/926 964/1390/928 959/1409/927
f 965/1412/925 970/1413/946 973/1414/947
f 969/1415/948 965/1412/925 973/1414/947
f 956/1416/924 958/1417/936 965/1412/925
f 974/1418/949 956/1419/924 969/1420/948
f 953/1421/920 974/1418/949 968/1422/950
f 945/1423/937 966/1424/922 953/1421/920
f 967/1383/921 968/1425/950 975/1426/951
f 971/1427/945 967/1383/921 975/1426/951
f 943/1428/929 967/1383/921 951/1429/930
f 942/1430/939 975/1426/951 950/1431/940
f 975/1426/951 944/1432/941 950/1431/940
f 944/1433/941 974/1418/949 954/1434/943
f 974/1418/949 948/1435/942 954/1434/943
f 948/1436/942 973/1414/947 957/1437/952
f 973/1414/947 946/1438/932 957/1437/952
f 946/1439/932 972/1407/944 960/1440/933
f 972/1407/944 942/1441/939 960/1440/933
f 984/1442/953 979/1443/954 983/1444/955
f 984/1442/953 978/1445/956 980/1446/957
f 976/1447/958 984/1442/953 980/1446/957
f 977/1448/959 984/1442/953 981/1449/960
f 993/1450/961 988/1451/962 991/1452/963
f 987/1453/964 993/1450/961 989/1454/965
f 985/1455/966 993/1450/961 990/1456/967
f 993/1450/961 986/1457/968 990/1456/967
f 995/1458/969 996/1459/970 994/1460/971
f 1001/1461/972 998/1462/973 999/1463/974
f 994/1460/971 1001/1461/972 995/1458/969
f 1001/1461/972 1002/1464/975 995/1458/969
f 1002/1464/975 1003/1465/976 1004/1466/977
f 1001/1461/972 1005/1467/978 1006/1468/979
f 1006/1468/979 1005/1467/978 1007/1469/980
f 1010/1470/981 1009/1471/982 1008/1472/983
f 1015/1473/984 1012/1474/985 1014/1475/986
f 1015/1473/984 1008/1472/983 1009/1471/982
f 1016/1476/987 1015/1473/984 1009/1471/982
f 1016/1476/987 1018/1477/988 1017/1478/989
f 1015/1473/984 1019/1479/990 1013/1480/991
f 1020/1481/992 1021/1482/993 1019/1479/990
f 1028/1483/994 1038/1484/995 1040/1485/996
f 1080/1486/997 1030/1487/998 1059/1488/999
f 1078/1489/1000 1044/1490/1001 1079/1491/1002
f 1063/1492/1003 1034/1493/1004 1062/1494/1005
f 1033/1495/1006 1023/1496/1007 1037/1497/1008
f 1030/1498/998 1063/1492/1003 1059/1499/999
f 1046/1500/1009 1022/1501/1010 1026/1502/1011
f 1024/1503/1012 1046/1500/1009 1026/1502/1011
f 1072/1504/1013 1048/1505/1014 1042/1506/1015
f 1033/1507/1006 1062/1508/1005 1034/1509/1004
f 1029/1510/1016 1049/1511/1017 1032/1512/1018
f 1025/1513/1019 1041/1514/1020 1038/1515/995
f 1036/1516/1021 1029/1517/1016 1032/1518/1018
f 1027/1519/1022 1036/1516/1021 1035/1520/1023
f 1023/1521/1007 1040/1485/996 1037/1522/1008
f 1035/1520/1023 1026/1523/1011 1022/1524/1010
f 1036/1525/1021 1024/1503/1012 1026/1502/1011
f 1024/1526/1012 1049/1511/1017 1043/1527/1024
f 1061/1528/1025 1042/1529/1015 1045/1530/1026
f 1037/1531/1008 1031/1532/1027 1027/1519/1022
f 1038/1515/995 1047/1533/1028 1029/1510/1016
f 1039/1534/1029 1023/1535/1007 1034/1536/1004
f 1079/1537/1002 1048/1505/1014 1065/1538/1030
f 1039/1534/1029 1025/1539/1019 1028/1540/994
f 1040/1541/996 1029/1517/1016 1031/1532/1027
f 1044/1542/1001 1033/1495/1006 1037/1497/1008
f 1045/1530/1026 1064/1543/1031 1061/1528/1025
f 1041/1514/1020 1066/1544/1032 1047/1533/1028
f 1047/1533/1028 1073/1545/1033 1049/1511/1017
f 1043/1527/1024 1073/1545/1033 1058/1546/1034
f 1043/1547/1024 1064/1543/1031 1046/1500/1009
f 1041/1514/1020 1030/1548/998 1080/1549/997
f 1042/1529/1015 1022/1501/1010 1045/1530/1026
f 1042/1550/1015 1027/1519/1022 1035/1520/1023
f 1048/1505/1014 1037/1497/1008 1027/1551/1022
f 1076/1552/1035 1056/1553/1036 1081/1554/1037
f 1080/1486/997 1059/1488/999 1060/1555/1038
f 1085/1556/1039 1078/1489/1000 1079/1491/1002
f 1063/1492/1003 1070/1557/1040 1077/1558/1041
f 1051/1559/1042 1069/1560/1043 1075/1561/1044
f 1063/1492/1003 1060/1562/1038 1059/1499/999
f 1050/1563/1045 1087/1564/1046 1054/1565/1047
f 1052/1566/1048 1087/1564/1046 1084/1567/1049
f 1072/1504/1013 1089/1568/1050 1065/1538/1030
f 1062/1508/1005 1069/1569/1043 1070/1570/1040
f 1090/1571/1051 1057/1572/1052 1068/1573/1053
f 1082/1574/1054 1053/1575/1055 1076/1576/1035
f 1074/1577/1056 1057/1578/1052 1067/1579/1057
f 1074/1577/1056 1055/1580/1058 1071/1581/1059
f 1081/1554/1037 1051/1582/1042 1075/1583/1044
f 1054/1584/1047 1071/1581/1059 1050/1585/1045
f 1052/1586/1048 1074/1577/1056 1054/1584/1047
f 1052/1587/1048 1090/1571/1051 1068/1573/1053
f 1061/1528/1025 1083/1588/1060 1072/1589/1013
f 1067/1579/1057 1075/1590/1044 1055/1580/1058
f 1088/1591/1061 1076/1592/1035 1057/1572/1052
f 1051/1593/1042 1077/1594/1041 1070/1595/1040
f 1089/1568/1050 1079/1537/1002 1065/1538/1030
f 1077/1594/1041 1053/1596/1055 1060/1597/1038
f 1057/1578/1052 1081/1598/1037 1067/1579/1057
f 1085/1599/1039 1075/1561/1044 1069/1560/1043
f 1086/1600/1062 1064/1543/1031 1087/1564/1046
f 1066/1544/1032 1082/1601/1054 1088/1591/1061
f 1073/1545/1033 1088/1591/1061 1090/1571/1051
f 1084/1602/1049 1073/1545/1033 1090/1571/1051
f 1064/1543/1031 1084/1567/1049 1087/1564/1046
f 1082/1601/1054 1080/1549/997 1060/1603/1038
f 1050/1563/1045 1083/1588/1060 1086/1600/1062
f 1083/1604/1060 1055/1605/1058 1089/1568/1050
f 1089/1568/1050 1075/1561/1044 1085/1599/1039
f 1094/826/1063 1092/827/1064 1095/828/1065
f 1091/829/1066 1093/830/1067 1096/831/1068
f 1094/826/1063 1096/831/1068 1093/830/1067
f 1100/832/1069 1101/833/1070 1098/834/1071
f 1097/835/1072 1102/836/1073 1099/837/1074
f 1102/836/1073 1100/832/1069 1099/837/1074
f 1111/1606/1075 1106/1607/1076 1110/1608/1077
f 1111/1606/1075 1105/1609/1078 1107/1610/1079
f 1103/1611/1080 1111/1606/1075 1107/1610/1079
f 1104/1612/1081 1111/1606/1075 1108/1613/1082
f 1120/846/1083 1115/847/1084 1119/848/1085
f 1120/846/1083 1114/849/1086 1116/850/1087
f 1112/851/1088 1120/846/1083 1116/850/1087
f 1113/852/1089 1120/846/1083 1117/853/1090
f 1129/854/1091 1124/855/1092 1128/856/1093
f 1129/854/1091 1123/857/1094 1125/858/1095
f 1121/859/1096 1129/854/1091 1125/858/1095
f 1122/860/1097 1129/854/1091 1126/861/1098
f 1138/1614/1099 1133/1615/1100 1137/1616/1101
f 1138/1614/1099 1132/1617/1102 1134/1618/1103
f 1130/1619/1104 1138/1614/1099 1134/1618/1103
f 1131/1620/1105 1138/1614/1099 1135/1621/1106
f 1147/1622/1107 1142/1623/1108 1145/1624/1109
f 1141/1625/1110 1147/1622/1107 1143/1626/1111
f 1139/1627/1112 1147/1622/1107 1144/1628/1113
f 1147/1622/1107 1140/1629/1114 1144/1628/1113
f 1156/878/1115 1151/879/1116 1154/880/1117
f 1150/881/1118 1156/878/1115 1152/882/1119
f 1148/883/1120 1156/878/1115 1153/884/1121
f 1156/878/1115 1149/885/1122 1153/884/1121
f 1165/886/1123 1160/887/1124 1163/888/1125
f 1159/889/1126 1165/886/1123 1161/890/1127
f 1157/891/1128 1165/886/1123 1162/892/1129
f 1165/886/1123 1158/893/1130 1162/892/1129
f 1174/1630/1131 1169/1631/1132 1172/1632/1133
f 1168/1633/1134 1174/1630/1131 1170/1634/1135
f 1166/1635/1136 1174/1630/1131 1171/1636/1137
f 1174/1630/1131 1167/1637/1138 1171/1636/1137
f 1175/902/1139 1190/903/1140 1176/904/1141
f 1176/904/1141 1177/905/1142 1175/902/1139
f 1178/906/1143 1179/907/1144 1177/905/1142
f 1175/902/1139 1182/908/1145 1181/1638/1146
f 1188/909/1147 1183/910/1148 1184/911/1149
f 1177/912/1142 1186/914/1150 1185/1639/1151
f 1187/915/1152 1190/903/1140 1188/909/1147
f 1191/916/1153 1189/917/1154 1187/915/1152
f 1193/918/1155 1192/919/1156 1191/916/1153
f 1187/915/1152 1196/921/1157 1191/916/1153
f 1188/909/1147 1197/1640/1158 1187/915/1152
f 1191/916/1153 1200/924/1159 1193/918/1155
f 1226/1641/1160 1204/1642/1161 1212/1643/1162
f 1214/1644/1163 1215/1645/1164 1225/1646/1165
f 1224/1647/1166 1206/1648/1167 1218/1649/1168
f 1223/1650/1169 1202/1651/1170 1210/1652/1171
f 1222/1653/1172 1205/1654/1173 1219/1655/1174
f 1221/1656/1175 1202/1657/1170 1220/1658/1176
f 1221/1656/1175 1206/1659/1167 1217/1660/1177
f 1208/1661/1178 1221/1656/1175 1217/1660/1177
f 1204/1662/1161 1221/1656/1175 1214/1663/1163
f 1222/1653/1172 1201/1664/1179 1209/1665/1180
f 1203/1666/1181 1222/1653/1172 1209/1665/1180
f 1207/1667/1182 1222/1653/1172 1213/1668/1183
f 1223/1650/1169 1201/1669/1179 1219/1670/1174
f 1205/1671/1173 1223/1650/1169 1219/1670/1174
f 1206/1672/1167 1223/1650/1169 1218/1673/1168
f 1216/1674/1184 1218/1649/1168 1205/1675/1173
f 1215/1676/1164 1216/1674/1184 1207/1677/1182
f 1208/1678/1178 1224/1647/1166 1215/1676/1164
f 1225/1646/1165 1207/1679/1182 1213/1680/1183
f 1203/1681/1181 1225/1646/1165 1213/1680/1183
f 1212/1682/1162 1214/1644/1163 1225/1646/1165
f 1209/1683/1180 1212/1643/1162 1203/1684/1181
f 1210/1685/1171 1209/1683/1180 1201/1686/1179
f 1202/1687/1170 1226/1641/1160 1210/1685/1171
f 1269/1688/1185 1235/1689/1186 1228/1690/1187
f 1227/1691/1188 1269/1688/1185 1228/1690/1187
f 1228/1690/1187 1239/1692/1189 1233/1693/1190
f 1232/1694/1191 1271/1695/1192 1274/1696/1193
f 1231/1697/1194 1232/1698/1191 1233/1699/1190
f 1229/1700/1195 1281/1701/1196 1270/1702/1197
f 1229/1703/1195 1237/1704/1198 1236/1705/1199
f 1232/1706/1191 1263/1707/1200 1233/1708/1190
f 1227/1709/1188 1261/1710/1201 1260/1711/1202
f 1233/1712/1190 1237/1704/1198 1231/1713/1194
f 1235/1689/1186 1279/1714/1203 1234/1715/1204
f 1281/1701/1196 1238/1716/1205 1284/1717/1206
f 1238/1718/1205 1237/1704/1198 1239/1719/1189
f 1234/1715/1204 1239/1692/1189 1235/1689/1186
f 1284/1717/1206 1234/1720/1204 1279/1721/1203
f 1229/1703/1195 1248/1722/1207 1249/1723/1208
f 1241/1724/1209 1271/1695/1192 1230/1725/1210
f 1270/1702/1197 1240/1726/1211 1229/1700/1195
f 1242/1727/1212 1230/1728/1210 1231/1697/1194
f 1241/1729/1209 1242/1730/1212 1244/1731/1213
f 1288/1732/1214 1243/1733/1215 1240/1726/1211
f 1231/1734/1194 1254/1735/1216 1250/1736/1217
f 1241/1737/1209 1246/1738/1218 1245/1739/1219
f 1289/1740/1220 1245/1741/1219 1295/1742/1221
f 1244/1743/1213 1243/1744/1215 1246/1738/1218
f 1243/1744/1215 1257/1745/1222 1246/1738/1218
f 1308/1746/1223 1259/1747/1224 1314/1748/1225
f 1245/1741/1219 1309/1749/1226 1295/1742/1221
f 1246/1738/1218 1256/1750/1227 1245/1739/1219
f 1251/1751/1228 1253/1752/1229 1252/1753/1230
f 1242/1754/1212 1250/1755/1217 1251/1756/1228
f 1244/1757/1213 1240/1758/1211 1243/1759/1215
f 1237/1704/1198 1249/1723/1208 1231/1713/1194
f 1253/1752/1229 1250/1760/1217 1254/1761/1216
f 1242/1754/1212 1252/1762/1230 1244/1763/1213
f 1248/1764/1207 1254/1765/1216 1249/1766/1208
f 1248/1764/1207 1252/1767/1230 1253/1768/1229
f 1256/1769/1227 1257/1770/1222 1258/1771/1231
f 1256/1769/1227 1312/1772/1232 1309/1773/1226
f 1308/1746/1223 1258/1771/1231 1255/1774/1233
f 1257/1770/1222 1255/1774/1233 1258/1771/1231
f 1297/1775/1234 1259/1776/1224 1247/1777/1235
f 1292/1778/1236 1247/1777/1235 1243/1779/1215
f 1255/1780/1233 1247/1781/1235 1259/1782/1224
f 1263/1783/1200 1260/1711/1202 1261/1710/1201
f 1260/1784/1202 1319/1785/1237 1317/1786/1238
f 1233/1787/1190 1261/1710/1201 1228/1788/1187
f 1232/1706/1191 1319/1789/1237 1262/1790/1239
f 1268/1791/1240 1260/1711/1202 1317/1792/1238
f 1277/1793/1241 1269/1688/1185 1265/1794/1242
f 1264/1795/1243 1269/1688/1185 1268/1796/1240
f 1285/1797/1244 1265/1794/1242 1275/1798/1245
f 1273/1799/1246 1271/1695/1192 1267/1800/1247
f 1273/1801/1246 1272/1802/1248 1275/1803/1245
f 1281/1701/1196 1266/1804/1249 1270/1702/1197
f 1266/1805/1249 1282/1806/1250 1300/1807/1251
f 1320/1808/1252 1273/1809/1246 1275/1810/1245
f 1264/1811/1243 1316/1812/1253 1265/1813/1242
f 1282/1806/1250 1275/1814/1245 1272/1815/1248
f 1277/1793/1241 1279/1714/1203 1280/1816/1254
f 1283/1817/1255 1281/1701/1196 1284/1717/1206
f 1283/1818/1255 1282/1806/1250 1278/1819/1256
f 1276/1820/1257 1285/1797/1244 1283/1821/1255
f 1276/1822/1257 1284/1717/1206 1279/1721/1203
f 1266/1805/1249 1299/1823/1258 1286/1824/1259
f 1271/1695/1192 1287/1825/1260 1267/1800/1247
f 1270/1702/1197 1286/1826/1259 1288/1732/1214
f 1267/1827/1247 1290/1828/1261 1272/1802/1248
f 1287/1829/1260 1293/1830/1262 1290/1828/1261
f 1291/1831/1263 1288/1732/1214 1286/1826/1259
f 1272/1832/1248 1305/1833/1264 1300/1834/1251
f 1287/1829/1260 1296/1835/1265 1293/1830/1262
f 1289/1740/1220 1294/1836/1266 1287/1825/1260
f 1293/1830/1262 1296/1835/1265 1291/1837/1263
f 1310/1838/1267 1291/1837/1263 1296/1835/1265
f 1308/1746/1223 1313/1839/1268 1306/1840/1269
f 1309/1749/1226 1294/1836/1266 1295/1742/1221
f 1307/1841/1270 1296/1835/1265 1294/1842/1266
f 1302/1843/1271 1303/1844/1272 1304/1845/1273
f 1290/1846/1261 1301/1847/1274 1272/1848/1248
f 1293/1849/1262 1286/1824/1259 1299/1823/1258
f 1282/1806/1250 1272/1815/1248 1300/1807/1251
f 1301/1850/1274 1304/1851/1273 1305/1852/1264
f 1303/1853/1272 1290/1846/1261 1293/1854/1262
f 1305/1855/1264 1299/1856/1258 1300/1857/1251
f 1299/1856/1258 1303/1844/1272 1293/1858/1262
f 1307/1859/1270 1311/1860/1275 1310/1861/1267
f 1312/1772/1232 1307/1859/1270 1309/1773/1226
f 1311/1860/1275 1308/1746/1223 1306/1840/1269
f 1310/1861/1267 1311/1860/1275 1306/1840/1269
f 1313/1862/1268 1297/1775/1234 1298/1863/1276
f 1298/1863/1276 1292/1778/1236 1291/1864/1263
f 1306/1865/1269 1298/1866/1276 1291/1837/1263
f 1315/1867/1277 1320/1868/1252 1316/1812/1253
f 1315/1869/1277 1319/1785/1237 1318/1870/1278
f 1316/1812/1253 1275/1871/1245 1265/1813/1242
f 1273/1809/1246 1319/1789/1237 1274/1872/1193
f 1268/1791/1240 1315/1867/1277 1264/1811/1243
f 699/1016/681 686/984/663 700/1018/683
f 706/1022/684 692/995/672 693/1008/678
f 6/1/1 2/1873/17 7/2/2
f 16/4/4 8/1874/16 4/5/5
f 15/7/7 10/27/15 3/8/8
f 14/10/10 12/1875/14 1/11/11
f 16/15/4 9/1876/6 15/1877/7
f 15/1877/7 11/1878/9 14/13/10
f 14/13/10 5/1879/12 17/14/3
f 17/14/3 7/1880/2 16/15/4
f 16/15/4 15/1877/7 14/13/10
f 13/16/13 6/23/1 1/17/11
f 13/16/13 12/18/14 3/19/8
f 8/21/16 13/16/13 10/20/15
f 8/21/16 2/1881/17 6/23/1
f 3/24/8 12/1875/14 14/10/10
f 9/26/6 4/1882/5 10/27/15
f 2/28/17 8/1874/16 16/4/4
f 1/30/11 6/1/1 17/3/3
f 24/32/18 19/1883/31 23/33/19
f 33/35/21 26/1884/33 21/36/22
f 32/38/24 28/1885/32 20/39/25
f 31/41/27 22/1886/34 18/42/28
f 32/46/24 26/1887/33 33/1888/21
f 33/1888/21 24/1889/18 34/44/20
f 34/44/20 22/1890/34 31/45/27
f 31/45/27 28/1891/32 32/46/24
f 32/46/24 33/1888/21 34/44/20
f 30/47/30 29/1892/29 18/48/28
f 20/50/25 29/1892/29 30/47/30
f 27/51/26 30/47/30 25/52/23
f 25/52/23 30/47/30 23/49/19
f 31/41/27 29/43/29 20/55/25
f 26/57/33 32/38/24 27/40/26
f 33/35/21 25/37/23 19/59/31
f 34/34/20 23/33/19 18/61/28
f 60/63/35 45/275/57 38/64/36
f 59/66/38 40/98/64 58/67/39
f 52/69/41 49/84/55 63/70/42
f 54/72/44 36/1893/51 44/73/45
f 41/75/47 61/1894/65 64/76/48
f 55/78/50 45/86/57 36/79/51
f 56/81/52 42/91/61 51/82/53
f 54/80/44 50/113/49 49/84/55
f 48/85/56 38/273/36 45/86/57
f 56/87/52 53/1895/54 35/88/58
f 37/90/60 47/274/40 56/87/52
f 47/68/40 58/67/39 42/91/61
f 57/74/46 44/73/45 35/92/58
f 58/94/39 40/117/64 39/95/62
f 59/66/38 48/272/56 52/97/41
f 51/99/53 65/1896/66 61/100/65
f 48/85/56 55/78/50 49/84/55
f 54/72/44 57/74/46 41/101/47
f 57/74/46 53/93/54 51/99/53
f 37/103/60 46/106/37 59/104/38
f 46/106/37 38/271/36 48/107/56
f 60/63/35 46/65/37 37/108/60
f 44/110/45 60/63/35 43/109/59
f 36/112/51 45/275/57 60/63/35
f 50/113/49 64/1897/48 63/70/42
f 42/114/61 62/120/67 65/115/66
f 40/117/64 52/269/41 66/118/43
f 42/114/61 58/270/39 67/119/63
f 84/130/69 83/1898/93 69/131/70
f 87/133/72 86/164/97 95/134/73
f 72/132/71 71/149/89 76/136/78
f 89/138/80 86/166/97 85/139/81
f 84/141/69 72/1899/71 75/142/79
f 87/133/72 96/135/74 94/144/84
f 98/146/86 97/1900/94 99/147/87
f 71/149/89 80/184/103 78/150/90
f 82/151/83 75/181/79 74/152/91
f 74/154/91 69/180/70 83/155/93
f 90/140/82 85/139/81 99/157/87
f 72/132/71 69/131/70 70/159/95
f 98/160/86 91/193/99 90/161/82
f 88/163/96 85/192/81 86/164/97
f 93/165/98 95/198/73 86/166/97
f 92/167/85 94/196/84 93/168/98
f 100/170/88 88/1901/96 91/171/99
f 88/163/96 87/133/72 92/145/85
f 77/174/100 79/201/102 70/175/95
f 78/177/90 80/200/103 79/178/102
f 73/176/101 70/175/95 69/180/70
f 75/181/79 76/194/78 73/182/101
f 71/149/89 70/159/95 79/183/102
f 94/185/84 96/197/74 95/186/73
f 82/188/83 81/1902/92 83/189/93
f 100/191/88 99/1903/87 85/192/81
f 91/193/99 92/167/85 89/169/80
f 76/194/78 78/199/90 77/195/100
f 104/147/110 106/1900/1279 105/146/111
f 111/167/113 114/169/123 110/168/114
f 109/185/115 110/187/114 108/186/116
f 118/192/118 104/1903/110 103/191/112
f 109/144/115 107/135/117 116/133/120
f 113/140/121 106/158/1279 104/157/110
f 110/165/114 114/138/123 117/166/122
f 114/138/123 113/140/121 118/139/118
f 112/171/124 115/1901/119 103/170/112
f 111/145/113 116/133/120 115/163/119
f 108/134/116 117/164/122 116/133/120
f 117/164/122 118/192/118 115/163/119
f 105/160/111 106/162/1279 113/161/121
f 112/193/124 113/161/121 114/169/123
f 120/189/125 122/1902/1280 121/188/126
f 127/194/128 130/182/138 126/195/129
f 125/177/130 126/179/129 124/178/131
f 134/131/133 120/1898/125 119/130/127
f 125/150/130 123/184/132 132/149/135
f 129/154/136 122/156/1280 120/155/125
f 126/174/129 130/176/138 133/175/137
f 130/176/138 129/154/136 134/180/133
f 128/142/139 131/1899/134 119/141/127
f 127/136/128 132/149/135 131/132/134
f 124/183/131 133/159/137 132/149/135
f 133/159/137 134/131/133 131/132/134
f 121/151/126 122/153/1280 129/152/136
f 128/181/139 129/152/136 130/182/138
f 135/202/140 136/1904/149 138/203/141
f 146/205/143 142/1905/146 141/206/144
f 142/208/146 140/1906/153 139/209/147
f 147/211/148 150/1907/152 136/212/149
f 141/214/144 139/1908/147 148/215/150
f 145/217/151 138/1909/141 136/218/149
f 146/220/143 149/223/154 140/221/153
f 145/217/151 150/219/152 149/223/154
f 137/224/142 144/227/155 147/225/148
f 143/216/145 148/215/150 147/225/148
f 140/228/153 149/231/154 148/229/150
f 149/231/154 150/1907/152 147/211/148
f 137/232/142 138/1910/141 145/233/151
f 144/234/155 145/233/151 146/205/143
f 151/235/156 152/1911/164 154/236/157
f 159/238/159 162/268/168 158/239/160
f 158/241/160 156/1912/169 155/242/162
f 163/244/163 166/1913/167 152/245/164
f 157/247/161 155/1914/162 164/248/165
f 161/250/166 154/1915/157 152/251/164
f 162/253/168 165/256/170 156/254/169
f 162/253/168 161/250/166 166/252/167
f 153/257/158 160/260/171 163/258/163
f 159/249/159 164/248/165 163/258/163
f 156/261/169 165/264/170 164/262/165
f 165/264/170 166/1913/167 163/244/163
f 153/265/158 154/1916/157 161/266/166
f 160/267/171 161/266/166 162/268/168
f 193/117/172 194/95/75 167/118/77
f 176/74/174 192/101/187 182/99/175
f 196/108/177 187/65/186 173/63/178
f 168/115/104 171/120/105 191/114/180
f 190/109/179 173/63/178 189/110/181
f 170/70/107 169/1897/108 183/113/183
f 196/103/177 186/105/194 174/104/185
f 172/100/109 168/1896/104 182/99/175
f 191/114/180 171/120/105 102/119/106
f 185/85/189 181/69/173 184/84/184
f 187/106/186 174/104/185 185/107/189
f 174/66/185 193/98/172 181/97/173
f 173/63/178 188/275/196 197/112/192
f 179/72/193 183/102/183 192/101/187
f 198/92/182 189/73/181 176/74/174
f 169/76/108 172/1894/109 192/75/187
f 184/84/184 183/113/183 179/80/193
f 191/91/180 175/67/188 186/68/194
f 185/85/189 178/78/190 188/86/196
f 196/90/177 190/89/179 177/87/195
f 178/78/190 179/80/193 197/79/192
f 175/67/188 193/98/172 174/66/185
f 175/94/188 102/96/106 194/95/75
f 181/69/173 167/71/77 170/70/107
f 182/82/175 191/91/180 177/81/195
f 173/63/178 187/65/186 195/64/191
f 198/88/182 180/1895/176 177/87/195
f 189/73/181 197/1893/192 179/72/193
f 199/276/197 201/1917/211 202/277/198
f 205/279/200 206/1918/204 210/280/201
f 203/282/203 204/1919/209 206/283/204
f 211/285/205 199/1920/197 200/286/199
f 212/288/207 203/1921/203 205/289/200
f 209/291/208 214/1922/206 200/292/199
f 204/294/209 213/297/210 210/295/201
f 213/297/210 214/1922/206 209/291/208
f 201/298/211 199/1923/197 211/299/205
f 211/299/205 212/288/207 207/290/202
f 212/301/207 213/304/210 204/302/209
f 211/285/205 214/287/206 213/304/210
f 201/305/211 208/308/212 209/306/208
f 208/308/212 207/281/202 210/280/201
f 215/309/213 217/1924/226 218/310/214
f 223/312/216 221/1925/220 222/313/217
f 219/315/219 220/1926/225 222/316/217
f 227/318/221 215/1927/213 216/319/215
f 228/321/223 219/1928/219 221/322/220
f 225/324/224 230/330/222 216/325/215
f 220/327/225 229/1929/228 226/328/218
f 226/328/218 229/1929/228 230/330/222
f 217/331/226 215/1930/213 227/332/221
f 227/332/221 228/321/223 223/323/216
f 228/334/223 229/337/228 220/335/225
f 227/318/221 230/320/222 229/337/228
f 217/338/226 224/341/227 225/339/224
f 224/341/227 223/312/216 226/314/218
f 241/342/229 234/1931/247 242/343/230
f 255/345/232 244/362/248 238/346/233
f 254/348/235 247/360/246 236/349/236
f 253/351/238 250/1932/245 232/352/239
f 252/354/241 246/1933/262 235/355/242
f 251/357/244 241/1934/229 232/358/239
f 251/357/244 250/359/245 236/349/236
f 238/346/233 244/362/248 251/357/244
f 234/361/247 241/1934/229 251/357/244
f 252/354/241 249/356/243 231/363/249
f 233/365/251 243/367/253 252/354/241
f 237/366/252 246/1933/262 252/354/241
f 261/368/254 253/351/238 240/353/240
f 248/370/237 253/351/238 261/368/254
f 236/372/236 250/1932/245 253/351/238
f 254/373/235 248/1935/237 259/374/256
f 258/376/258 245/377/234 254/373/235
f 245/377/234 238/1936/233 247/378/246
f 263/379/259 255/385/232 245/380/234
f 242/382/230 255/385/232 263/379/259
f 234/384/247 244/1937/248 255/385/232
f 256/344/231 242/343/230 257/386/260
f 260/388/255 240/390/240 256/344/231
f 232/389/239 241/342/229 256/344/231
f 231/391/249 260/388/255 264/387/261
f 264/387/261 257/386/260 233/393/251
f 233/394/251 257/383/260 263/379/259
f 263/379/259 258/381/258 237/396/252
f 237/397/252 258/376/258 262/375/257
f 262/375/257 259/374/256 235/399/242
f 235/400/242 259/371/256 261/368/254
f 261/368/254 260/369/255 231/402/249
f 273/403/263 271/1938/1281 268/404/264
f 273/403/263 272/405/265 267/406/266
f 265/408/268 270/410/270 273/403/263
f 266/409/269 271/1938/1281 273/403/263
f 282/411/271 281/1939/1282 277/412/272
f 276/414/274 281/1939/1282 282/411/271
f 274/416/276 278/415/275 282/411/271
f 282/411/271 280/413/273 275/418/278
f 301/419/279 289/1940/315 286/420/280
f 339/425/285 294/443/291 305/426/286
f 324/428/288 300/1941/313 295/429/289
f 294/431/291 295/1942/289 284/432/292
f 291/434/283 300/1941/313 324/428/288
f 307/436/294 306/465/309 283/437/295
f 285/439/297 304/484/308 307/436/294
f 326/440/298 309/474/314 303/441/299
f 294/443/291 339/425/285 323/444/290
f 290/446/301 308/469/312 310/447/302
f 286/449/280 291/485/283 302/450/304
f 297/452/305 292/468/311 290/453/301
f 288/455/306 292/468/311 297/452/305
f 284/457/292 289/1940/315 301/419/279
f 296/456/307 297/452/305 287/459/296
f 297/461/305 293/1943/303 285/439/297
f 293/448/303 310/447/302 304/462/308
f 333/464/300 303/486/299 306/465/309
f 298/467/293 301/1944/279 292/468/311
f 299/451/281 302/450/304 308/469/312
f 300/470/313 289/476/315 284/471/292
f 340/473/287 305/478/286 309/474/314
f 300/470/313 291/1945/283 286/475/280
f 292/468/311 301/1944/279 299/477/281
f 306/465/309 307/436/294 325/479/316
f 308/469/312 302/450/304 341/480/282
f 308/469/312 327/481/317 334/482/318
f 304/462/308 310/447/302 334/482/318
f 304/484/308 319/1946/319 325/479/316
f 303/486/299 296/1947/307 283/437/295
f 309/487/314 288/455/306 296/456/307
f 305/478/286 298/433/293 288/489/306
f 342/490/320 337/1948/340 314/491/321
f 346/494/324 330/507/328 339/425/285
f 324/428/288 323/430/290 331/495/325
f 312/497/327 331/1949/325 330/498/328
f 324/428/288 338/496/326 321/500/323
f 311/501/330 347/527/345 348/502/331
f 313/504/333 315/503/332 348/502/331
f 344/506/335 350/534/347 326/440/298
f 323/444/290 339/425/285 330/507/328
f 351/509/336 349/529/346 318/510/337
f 343/512/339 321/1950/323 314/513/321
f 335/515/341 329/1951/338 318/516/337
f 335/515/341 328/517/342 316/518/343
f 342/490/320 317/492/322 312/520/327
f 315/522/332 335/515/341 332/519/344
f 313/524/333 329/1951/338 335/515/341
f 345/525/334 351/509/336 329/511/338
f 347/527/345 344/541/335 333/464/300
f 328/517/342 342/537/320 336/528/329
f 349/529/346 343/539/339 337/530/340
f 312/531/327 317/1952/322 338/532/326
f 350/534/347 346/538/324 340/473/287
f 338/532/326 317/1952/322 314/535/321
f 328/517/342 318/516/337 337/514/340
f 347/527/345 322/466/310 325/479/316
f 349/529/346 327/481/317 341/480/282
f 334/482/318 327/481/317 349/529/346
f 345/525/334 319/483/319 334/482/318
f 325/479/316 319/1946/319 345/505/334
f 311/501/330 332/1953/344 344/541/335
f 332/542/344 316/543/343 350/534/347
f 316/543/343 336/499/329 346/538/324
f 358/544/348 359/544/1283 354/544/349
f 355/544/350 354/544/349 353/544/351
f 360/544/353 359/544/1283 358/544/348
f 357/544/355 360/544/353 361/544/354
f 362/545/357 364/545/361 365/545/358
f 366/545/360 367/545/1284 365/545/358
f 379/546/362 385/1954/386 388/547/363
f 383/549/365 396/1955/369 394/550/366
f 383/552/365 382/593/393 395/553/368
f 375/555/370 377/577/385 378/556/371
f 372/558/373 383/549/365 381/551/367
f 368/560/375 369/1956/384 386/561/376
f 373/563/378 382/1957/393 383/564/365
f 370/566/379 385/580/386 384/567/380
f 376/569/382 390/579/364 388/570/363
f 379/546/362 390/548/364 389/573/383
f 371/568/381 384/567/380 386/575/376
f 377/577/385 374/559/374 381/551/367
f 387/562/377 382/1957/393 373/563/378
f 376/569/382 375/1958/370 389/578/383
f 387/582/377 386/1959/376 399/583/387
f 379/585/362 380/1960/372 391/586/389
f 384/567/380 397/595/394 399/589/387
f 378/556/371 381/551/367 394/550/366
f 379/585/362 393/587/390 398/591/392
f 387/582/377 400/584/388 395/553/368
f 397/596/394 401/610/397 403/597/395
f 392/609/391 394/1961/366 403/597/395
f 405/614/398 407/1962/1285 406/615/399
f 411/617/401 410/1963/1286 408/618/402
f 404/616/400 410/1963/1286 411/617/401
f 411/617/401 413/621/405 412/620/404
f 411/617/401 409/619/403 415/623/407
f 420/626/410 421/1964/1287 419/627/411
f 425/629/413 423/636/420 422/630/414
f 425/629/413 424/631/415 418/628/412
f 426/632/416 427/634/418 425/629/413
f 425/629/413 430/637/421 429/635/419
f 474/639/423 485/769/493 440/640/424
f 432/642/426 473/748/478 474/639/423
f 433/641/425 440/640/424 444/643/427
f 437/645/429 435/676/448 476/646/430
f 436/648/432 435/680/448 437/649/429
f 475/651/433 434/678/436 441/652/434
f 434/654/436 454/674/446 442/655/437
f 437/657/429 467/742/477 468/658/438
f 432/660/426 433/740/425 466/661/439
f 438/663/428 444/670/427 442/655/437
f 440/640/424 485/769/493 484/665/441
f 486/653/435 441/652/434 443/667/443
f 443/669/443 441/656/434 442/655/437
f 439/666/442 443/1965/443 444/643/427
f 489/668/444 443/667/443 439/671/442
f 434/654/436 445/710/449 453/673/445
f 446/675/447 494/692/458 476/646/430
f 475/651/433 493/684/452 445/677/449
f 447/679/450 446/689/447 435/680/448
f 493/684/452 497/1966/474 448/685/453
f 436/686/432 454/1967/446 459/687/454
f 446/689/447 449/695/451 451/690/456
f 494/692/458 446/675/447 450/693/457
f 448/696/453 460/732/471 462/697/460
f 513/698/461 460/726/471 464/699/462
f 450/693/457 461/1968/465 514/701/464
f 451/690/456 462/697/460 461/702/465
f 447/706/450 436/1969/432 455/707/455
f 449/709/451 453/673/445 445/710/449
f 458/704/467 456/703/466 455/712/455
f 447/706/450 456/708/466 457/714/468
f 453/716/445 458/720/467 459/717/454
f 453/716/445 449/1970/451 457/719/468
f 461/721/465 463/723/469 517/724/470
f 513/698/461 517/724/470 463/723/469
f 502/727/472 519/1971/463 464/728/462
f 497/730/474 502/727/472 452/729/473
f 460/732/471 448/696/453 452/733/473
f 468/735/438 467/1972/477 465/662/440
f 465/736/440 467/1973/477 524/737/475
f 438/739/428 468/735/438 466/661/439
f 437/657/429 479/825/431 524/741/475
f 473/743/478 432/660/426 465/662/440
f 482/745/479 485/769/493 474/639/423
f 469/747/481 470/746/480 474/639/423
f 490/749/482 482/745/479 470/746/480
f 478/751/484 479/647/431 476/646/430
f 478/753/484 472/780/485 477/754/486
f 475/651/433 486/653/435 483/756/487
f 471/758/488 483/772/487 487/759/489
f 525/761/491 523/1974/516 478/762/484
f 469/764/481 520/820/515 521/765/492
f 487/759/489 490/1975/482 480/767/483
f 482/745/479 481/773/495 484/665/441
f 488/770/494 483/756/487 486/653/435
f 488/771/494 490/1975/482 487/759/489
f 481/773/495 482/745/479 490/749/482
f 481/775/495 488/770/494 489/668/444
f 471/758/488 505/760/490 504/776/496
f 476/646/430 494/692/458 492/778/498
f 475/651/433 471/757/488 491/779/497
f 472/780/485 492/782/498 495/781/499
f 496/784/501 497/1966/474 493/684/452
f 477/785/486 506/1976/512 510/786/502
f 492/782/498 499/795/504 501/788/503
f 494/692/458 500/694/459 499/789/504
f 515/791/505 511/818/507 496/790/501
f 513/698/461 519/700/463 518/792/506
f 514/701/464 512/1977/508 499/789/504
f 512/794/508 515/791/505 501/788/503
f 495/799/499 507/1978/509 506/800/512
f 498/802/500 496/1979/501 491/777/497
f 506/803/512 507/1980/509 509/804/511
f 508/806/510 507/1978/509 495/799/499
f 510/808/502 509/798/511 504/809/496
f 504/809/496 509/798/511 508/797/510
f 517/724/470 516/813/513 512/812/508
f 516/813/513 517/724/470 513/698/461
f 518/815/506 519/1971/463 502/727/472
f 503/816/514 502/727/472 497/730/474
f 511/818/507 518/1981/506 503/819/514
f 520/820/515 523/1982/516 525/821/491
f 520/822/515 522/738/476 524/737/475
f 521/765/492 525/821/491 480/824/483
f 478/762/484 523/1974/516 524/741/475
f 473/743/478 522/744/476 520/820/515
f 529/826/517 530/828/519 531/831/522
f 537/836/527 536/833/524 535/832/523
f 546/838/529 544/1983/1288 541/839/530
f 546/838/529 545/840/531 540/841/532
f 538/843/534 543/845/536 546/838/529
f 539/844/535 544/1983/1288 546/838/529
f 555/846/537 553/1984/1289 550/847/538
f 555/846/537 554/848/539 549/849/540
f 547/851/542 552/853/544 555/846/537
f 548/852/543 553/1984/1289 555/846/537
f 564/854/545 562/1985/1290 559/855/546
f 564/854/545 563/856/547 558/857/548
f 556/859/550 561/861/552 564/854/545
f 557/860/551 562/1985/1290 564/854/545
f 573/862/553 571/1986/1291 568/863/554
f 573/862/553 572/864/555 567/865/556
f 565/867/558 570/869/560 573/862/553
f 566/868/559 571/1986/1291 573/862/553
f 582/870/561 581/1987/1292 577/871/562
f 576/873/564 581/1987/1292 582/870/561
f 574/875/566 578/874/565 582/870/561
f 582/870/561 580/872/563 575/877/568
f 591/878/569 590/1988/1293 586/879/570
f 585/881/572 590/1988/1293 591/878/569
f 583/883/574 587/882/573 591/878/569
f 591/878/569 589/880/571 584/885/576
f 600/886/577 599/1989/1294 595/887/578
f 594/889/580 599/1989/1294 600/886/577
f 592/891/582 596/890/581 600/886/577
f 600/886/577 598/888/579 593/893/584
f 609/894/585 608/1990/1295 604/895/586
f 603/897/588 608/1990/1295 609/894/585
f 601/899/590 605/898/589 609/894/585
f 609/894/585 607/896/587 602/901/592
f 610/902/593 620/909/600 622/903/594
f 611/904/595 613/906/597 612/905/596
f 613/906/597 615/1991/1296 614/907/598
f 619/915/603 621/917/605 622/903/594
f 623/916/604 624/919/607 621/917/605
f 625/918/606 626/1992/1297 624/919/607
f 655/925/611 640/1993/1298 633/926/612
f 643/928/614 637/1994/629 644/929/615
f 653/931/617 646/1995/628 635/932/618
f 652/934/620 649/1996/627 631/935/621
f 651/937/623 645/1997/635 634/938/624
f 650/940/626 640/1998/1298 631/941/621
f 650/940/626 649/942/627 635/943/618
f 637/945/629 643/947/614 650/940/626
f 633/946/612 640/1998/1298 650/940/626
f 651/937/623 648/939/625 630/948/630
f 632/950/632 642/952/634 651/937/623
f 636/951/633 645/1997/635 651/937/623
f 652/934/620 639/936/622 630/953/630
f 634/955/624 647/957/619 652/934/620
f 635/956/618 649/1996/627 652/934/620
f 653/931/617 647/933/619 634/958/624
f 644/960/615 653/931/617 645/959/635
f 637/962/629 646/1995/628 653/931/617
f 654/930/616 644/929/615 636/963/633
f 632/965/632 641/966/613 654/930/616
f 641/966/613 633/1999/612 643/928/614
f 638/967/631 655/925/611 641/927/613
f 630/969/630 639/971/622 655/925/611
f 631/970/621 640/1993/1298 655/925/611
f 662/972/636 663/972/1299 658/972/637
f 659/972/638 658/972/637 657/972/639
f 664/972/641 663/972/1299 662/972/636
f 661/972/643 664/972/641 665/972/642
f 668/973/645 671/973/651 673/973/646
f 668/973/645 669/973/647 667/973/648
f 674/973/650 675/973/1300 673/973/646
f 672/973/652 675/973/1300 674/973/650
f 687/974/654 693/2000/678 696/975/655
f 691/977/657 704/2001/661 702/978/658
f 691/980/657 690/1021/685 703/981/660
f 683/983/662 685/1005/677 686/984/663
f 680/986/665 691/977/657 689/979/659
f 676/988/667 677/2002/676 694/989/668
f 681/991/670 690/2003/685 691/992/657
f 678/994/671 693/1008/678 692/995/672
f 684/997/674 698/1007/656 696/998/655
f 687/974/654 698/976/656 697/1001/675
f 679/996/673 692/995/672 694/1003/668
f 685/1005/677 682/987/666 689/979/659
f 695/990/669 690/2003/685 681/991/670
f 684/997/674 683/2004/662 697/1006/675
f 695/1010/669 694/2005/668 707/1011/679
f 687/1013/654 688/2006/664 699/1014/681
f 692/995/672 705/1023/686 707/1017/679
f 686/984/663 689/979/659 702/978/658
f 687/1013/654 701/1015/682 706/1019/684
f 695/1010/669 708/1012/680 703/981/660
f 705/1024/686 709/1038/689 711/1025/687
f 700/1037/683 702/2007/658 711/1025/687
f 717/1042/690 713/2008/706 718/1043/691
f 727/1045/693 719/2009/705 715/1046/694
f 726/1048/696 721/1068/704 714/1049/697
f 725/1051/699 723/2010/703 712/1052/700
f 727/1056/693 720/2011/695 726/2012/696
f 726/2012/696 722/2013/698 725/1054/699
f 725/1054/699 716/2014/701 728/1055/692
f 728/1055/692 718/2015/691 727/1056/693
f 727/1056/693 726/2012/696 725/1054/699
f 724/1057/702 717/1064/690 712/1058/700
f 724/1057/702 723/1059/703 714/1060/697
f 719/1062/705 724/1057/702 721/1061/704
f 719/1062/705 713/2016/706 717/1064/690
f 714/1065/697 723/2010/703 725/1051/699
f 720/1067/695 715/2017/694 721/1068/704
f 713/1069/706 719/2009/705 727/1045/693
f 712/1071/700 717/1042/690 728/1044/692
f 735/1073/707 730/2018/720 734/1074/708
f 744/1076/710 737/2019/722 732/1077/711
f 743/1079/713 739/2020/721 731/1080/714
f 742/1082/716 733/2021/723 729/1083/717
f 743/1087/713 737/2022/722 744/2023/710
f 744/2023/710 735/2024/707 745/1085/709
f 745/1085/709 733/2025/723 742/1086/716
f 742/1086/716 739/2026/721 743/1087/713
f 743/1087/713 744/2023/710 745/1085/709
f 741/1088/719 740/2027/718 729/1089/717
f 731/1091/714 740/2027/718 741/1088/719
f 738/1092/715 741/1088/719 736/1093/712
f 736/1093/712 741/1088/719 734/1090/708
f 742/1082/716 740/1084/718 731/1096/714
f 737/1098/722 743/1079/713 738/1081/715
f 744/1076/710 736/1078/712 730/1100/720
f 745/1075/709 734/1074/708 729/1102/717
f 771/1104/724 756/1314/746 749/1105/725
f 770/1107/727 751/1139/753 769/1108/728
f 763/1110/730 760/1125/744 774/1111/731
f 765/1113/733 747/2028/740 755/1114/734
f 761/1116/736 752/1311/754 772/1117/737
f 766/1119/739 756/1127/746 747/1120/740
f 767/1122/741 753/1132/750 762/1123/742
f 765/1121/733 761/1154/736 760/1125/744
f 759/1126/745 749/1312/725 756/1127/746
f 767/1128/741 764/2029/743 746/1129/747
f 748/1131/749 758/1313/729 767/1128/741
f 758/1109/729 769/1108/728 753/1132/750
f 768/1115/735 755/1114/734 746/1133/747
f 769/1135/728 751/1158/753 750/1136/751
f 770/1107/727 759/1310/745 763/1138/730
f 762/1140/742 776/2030/755 772/1141/737
f 759/1126/745 766/1119/739 760/1125/744
f 765/1113/733 768/1115/735 752/1142/754
f 768/1115/735 764/1134/743 762/1140/742
f 748/1144/749 757/1147/726 770/1145/727
f 757/1147/726 749/1309/725 759/1148/745
f 771/1104/724 757/1106/726 748/1149/749
f 755/1151/734 771/1104/724 754/1150/748
f 747/1153/740 756/1314/746 771/1104/724
f 761/1154/736 775/2031/738 774/1111/731
f 753/1155/750 773/1161/756 776/1156/755
f 751/1158/753 763/1308/730 777/1159/732
f 769/1160/728 778/2032/752 773/1161/756
f 795/1171/758 794/2033/782 780/1172/759
f 798/1174/761 797/1206/769 806/1175/762
f 783/1173/760 782/1201/786 787/1177/767
f 797/1179/769 796/1198/783 801/1180/770
f 795/1182/758 783/2034/760 786/1183/768
f 803/1185/773 798/1174/761 807/1176/763
f 809/1187/775 808/2035/784 810/1188/776
f 787/1177/767 782/1201/786 791/1190/778
f 793/1192/772 786/1223/768 785/1193/780
f 785/1195/780 780/1222/759 794/1196/782
f 796/1198/783 810/2036/776 808/1199/784
f 783/1173/760 780/1172/759 781/1200/785
f 809/1202/775 802/1234/789 801/1203/770
f 799/1205/787 796/1233/783 797/1206/769
f 806/1207/762 797/1179/769 800/1181/771
f 803/1209/773 805/1237/774 804/1210/788
f 811/1212/777 799/2037/787 802/1213/789
f 802/1215/789 799/1205/787 798/1174/761
f 790/1216/790 781/1241/785 784/1217/791
f 789/1219/779 791/1240/778 790/1220/790
f 784/1217/791 781/1241/785 780/1222/759
f 786/1223/768 787/1235/767 784/1224/791
f 782/1201/786 781/1200/785 790/1225/790
f 805/1226/774 807/1238/763 806/1227/762
f 793/1229/772 792/2038/781 794/1230/782
f 811/1232/777 810/2039/776 796/1233/783
f 803/1209/773 800/1211/771 801/1203/770
f 787/1235/767 789/1239/779 788/1236/792
f 815/1188/799 817/2035/810 816/1187/800
f 822/1209/802 825/1211/812 821/1210/803
f 820/1226/804 821/1228/803 819/1227/805
f 829/1233/807 815/2039/799 814/1232/801
f 822/1185/802 820/1186/804 818/1176/806
f 817/1199/810 815/2036/799 829/1198/807
f 825/1181/812 828/1179/813 819/1207/805
f 824/1180/811 829/1198/807 828/1179/813
f 823/1213/814 826/2037/808 814/1212/801
f 823/1215/814 822/1185/802 827/1174/809
f 819/1175/805 828/1206/813 827/1174/809
f 828/1206/813 829/1233/807 826/1205/808
f 816/1202/800 817/1204/810 824/1203/811
f 824/1203/811 825/1211/812 822/1209/802
f 831/1230/815 833/2038/1301 832/1229/816
f 838/1235/818 841/1224/827 837/1236/819
f 836/1219/820 837/1221/819 835/1220/821
f 845/1172/823 831/2033/815 830/1171/817
f 838/1177/818 836/1191/820 834/1190/822
f 840/1195/826 833/1197/1301 831/1196/815
f 841/1217/827 844/1241/828 835/1216/821
f 841/1217/827 840/1195/826 845/1222/823
f 839/1183/829 842/2034/824 830/1182/817
f 838/1177/818 843/1201/825 842/1173/824
f 835/1225/821 844/1200/828 843/1201/825
f 844/1200/828 845/1172/823 842/1173/824
f 832/1192/816 833/1194/1301 840/1193/826
f 839/1223/829 840/1193/826 841/1224/827
f 846/1242/830 847/2040/839 849/1243/831
f 857/1245/833 853/2041/836 852/1246/834
f 853/1248/836 851/2042/843 850/1249/837
f 858/1251/838 861/1271/841 847/1252/839
f 852/1254/834 850/2043/837 859/1255/840
f 849/1257/831 847/2044/839 861/1258/841
f 857/1260/833 860/1263/844 851/1261/843
f 856/1259/842 861/1258/841 860/1263/844
f 848/1264/832 855/1267/845 858/1265/838
f 855/1267/845 854/1256/835 859/1255/840
f 850/1268/837 851/2045/843 860/1269/844
f 859/1270/840 860/1269/844 861/1271/841
f 848/1272/832 849/2046/831 856/1273/842
f 856/1273/842 857/1245/833 854/1247/835
f 862/1275/846 863/2047/855 865/1276/847
f 873/1278/849 869/2048/852 868/1279/850
f 869/1281/852 867/2049/859 866/1282/853
f 874/1284/854 877/2050/858 863/1285/855
f 868/1287/850 866/2051/853 875/1288/856
f 872/1290/857 865/2052/847 863/1291/855
f 873/1293/849 876/1296/860 867/1294/859
f 872/1290/857 877/1292/858 876/1296/860
f 864/1297/848 871/1300/861 874/1298/854
f 870/1289/851 875/1288/856 874/1298/854
f 867/1301/859 876/1304/860 875/1302/856
f 876/1304/860 877/2050/858 874/1284/854
f 864/1305/848 865/2053/847 872/1306/857
f 872/1306/857 873/1278/849 870/1280/851
f 904/1158/862 905/1136/764 878/1159/766
f 887/1115/864 903/1142/877 893/1140/865
f 907/1149/867 898/1106/876 884/1104/868
f 879/1156/793 882/1161/794 902/1155/870
f 901/1150/869 884/1104/868 900/1151/871
f 881/1111/796 880/2031/797 894/1154/873
f 907/1144/867 897/1146/884 885/1145/875
f 883/1141/798 879/2030/793 893/1140/865
f 882/1161/794 813/2032/795 886/1160/878
f 896/1126/879 892/1110/863 895/1125/874
f 898/1147/876 885/1145/875 896/1148/879
f 885/1107/875 904/1139/862 892/1138/863
f 884/1104/868 899/1314/886 908/1153/882
f 890/1113/883 894/1143/873 903/1142/877
f 909/1133/872 900/1114/871 887/1115/864
f 894/1116/873 880/1118/797 883/1117/798
f 895/1125/874 894/1154/873 890/1121/883
f 902/1132/870 886/1108/878 897/1109/884
f 896/1126/879 889/1119/880 899/1127/886
f 907/1131/867 901/1130/869 888/1128/885
f 889/1119/880 890/1121/883 908/1120/882
f 886/1108/878 904/1139/862 885/1107/875
f 886/1135/878 813/1137/795 905/1136/764
f 892/1110/863 878/1112/766 881/1111/796
f 893/1123/865 902/1132/870 888/1122/885
f 884/1104/868 898/1106/876 906/1105/881
f 909/1129/872 891/2029/866 888/1128/885
f 900/1114/871 908/2028/882 890/1113/883
f 910/1315/887 912/2054/901 913/1316/888
f 916/1318/890 917/2055/894 921/1319/891
f 914/1321/893 915/2056/899 917/1322/894
f 922/1324/895 910/2057/887 911/1325/889
f 923/1327/897 914/2058/893 916/1328/890
f 925/1330/896 911/2059/889 913/1331/888
f 915/1333/899 924/1336/900 921/1334/891
f 924/1336/900 925/1330/896 920/1332/898
f 912/1337/901 910/2060/887 922/1338/895
f 919/1339/902 922/1338/895 923/1327/897
f 914/1340/893 923/1343/897 924/1341/900
f 923/1343/897 922/1324/895 925/1326/896
f 912/1344/901 919/1347/902 920/1345/898
f 918/1320/892 921/1319/891 920/1345/898
f 926/1348/903 928/2061/917 929/1349/904
f 932/1351/906 933/2062/910 937/1352/907
f 930/1354/909 931/2063/915 933/1355/910
f 938/1357/911 926/2064/903 927/1358/905
f 939/1360/913 930/2065/909 932/1361/906
f 936/1363/914 941/2066/912 927/1364/905
f 931/1366/915 940/1369/916 937/1367/907
f 940/1369/916 941/2066/912 936/1363/914
f 928/1370/917 926/2067/903 938/1371/911
f 938/1371/911 939/1360/913 934/1362/908
f 939/1373/913 940/1376/916 931/1374/915
f 938/1357/911 941/1359/912 940/1376/916
f 928/1377/917 935/1380/918 936/1378/914
f 934/1353/908 937/1352/907 936/1378/914
f 952/1381/919 945/2068/937 953/1382/920
f 966/1384/922 955/1401/938 949/1385/923
f 965/1387/925 958/1399/936 947/1388/926
f 964/1390/928 961/2069/935 943/1391/929
f 963/1393/931 957/2070/952 946/1394/932
f 962/1396/934 952/2071/919 943/1397/929
f 962/1396/934 961/1398/935 947/1388/926
f 949/1385/923 955/1401/938 962/1396/934
f 945/1400/937 952/2071/919 962/1396/934
f 963/1393/931 960/1395/933 942/1402/939
f 944/1404/941 954/1406/943 963/1393/931
f 948/1405/942 957/2070/952 963/1393/931
f 972/1407/944 964/1390/928 951/1392/930
f 959/1409/927 964/1390/928 972/1407/944
f 947/1411/926 961/2069/935 964/1390/928
f 965/1412/925 959/2072/927 970/1413/946
f 969/1415/948 956/1416/924 965/1412/925
f 956/1416/924 949/2073/923 958/1417/936
f 974/1418/949 966/1424/922 956/1419/924
f 953/1421/920 966/1424/922 974/1418/949
f 945/1423/937 955/2074/938 966/1424/922
f 967/1383/921 953/1382/920 968/1425/950
f 971/1427/945 951/1429/930 967/1383/921
f 943/1428/929 952/1381/919 967/1383/921
f 942/1430/939 971/1427/945 975/1426/951
f 975/1426/951 968/1425/950 944/1432/941
f 944/1433/941 968/1422/950 974/1418/949
f 974/1418/949 969/1420/948 948/1435/942
f 948/1436/942 969/1415/948 973/1414/947
f 973/1414/947 970/1413/946 946/1438/932
f 946/1439/932 970/1410/946 972/1407/944
f 972/1407/944 971/1408/945 942/1441/939
f 984/1442/953 982/2075/1302 979/1443/954
f 984/1442/953 983/1444/955 978/1445/956
f 976/1447/958 981/1449/960 984/1442/953
f 977/1448/959 982/2075/1302 984/1442/953
f 993/1450/961 992/2076/1303 988/1451/962
f 987/1453/964 992/2076/1303 993/1450/961
f 985/1455/966 989/1454/965 993/1450/961
f 993/1450/961 991/1452/963 986/1457/968
f 995/1458/969 997/2077/1304 996/1459/970
f 1001/1461/972 1000/2078/1305 998/1462/973
f 994/1460/971 1000/2078/1305 1001/1461/972
f 1001/1461/972 1003/1465/976 1002/1464/975
f 1001/1461/972 999/1463/974 1005/1467/978
f 1010/1470/981 1011/2079/1306 1009/1471/982
f 1015/1473/984 1013/1480/991 1012/1474/985
f 1015/1473/984 1014/1475/986 1008/1472/983
f 1016/1476/987 1017/1478/989 1015/1473/984
f 1015/1473/984 1020/1481/992 1019/1479/990
f 1028/1483/994 1025/2080/1019 1038/1484/995
f 1078/1489/1000 1033/1507/1006 1044/1490/1001
f 1063/1492/1003 1039/2081/1029 1034/1493/1004
f 1033/1495/1006 1034/2082/1004 1023/1496/1007
f 1030/1498/998 1039/2081/1029 1063/1492/1003
f 1046/1500/1009 1045/1530/1026 1022/1501/1010
f 1024/1503/1012 1043/1547/1024 1046/1500/1009
f 1072/1504/1013 1065/1538/1030 1048/1505/1014
f 1033/1507/1006 1078/1489/1000 1062/1508/1005
f 1029/1510/1016 1047/1533/1028 1049/1511/1017
f 1025/1513/1019 1030/1548/998 1041/1514/1020
f 1036/1516/1021 1031/1532/1027 1029/1517/1016
f 1027/1519/1022 1031/1532/1027 1036/1516/1021
f 1023/1521/1007 1028/1483/994 1040/1485/996
f 1035/1520/1023 1036/1516/1021 1026/1523/1011
f 1036/1525/1021 1032/2083/1018 1024/1503/1012
f 1024/1526/1012 1032/1512/1018 1049/1511/1017
f 1061/1528/1025 1072/1589/1013 1042/1529/1015
f 1037/1531/1008 1040/1541/996 1031/1532/1027
f 1038/1515/995 1041/1514/1020 1047/1533/1028
f 1039/1534/1029 1028/1540/994 1023/1535/1007
f 1079/1537/1002 1044/1542/1001 1048/1505/1014
f 1039/1534/1029 1030/2084/998 1025/1539/1019
f 1040/1541/996 1038/2085/995 1029/1517/1016
f 1045/1530/1026 1046/1500/1009 1064/1543/1031
f 1041/1514/1020 1080/1549/997 1066/1544/1032
f 1047/1533/1028 1066/1544/1032 1073/1545/1033
f 1043/1527/1024 1049/1511/1017 1073/1545/1033
f 1043/1547/1024 1058/2086/1034 1064/1543/1031
f 1042/1529/1015 1035/2087/1023 1022/1501/1010
f 1042/1550/1015 1048/2088/1014 1027/1519/1022
f 1048/1505/1014 1044/1542/1001 1037/1497/1008
f 1076/1552/1035 1053/2089/1055 1056/1553/1036
f 1085/1556/1039 1069/1569/1043 1078/1489/1000
f 1063/1492/1003 1062/1494/1005 1070/1557/1040
f 1051/1559/1042 1070/2090/1040 1069/1560/1043
f 1063/1492/1003 1077/1558/1041 1060/1562/1038
f 1050/1563/1045 1086/1600/1062 1087/1564/1046
f 1052/1566/1048 1054/1565/1047 1087/1564/1046
f 1072/1504/1013 1083/1604/1060 1089/1568/1050
f 1062/1508/1005 1078/1489/1000 1069/1569/1043
f 1090/1571/1051 1088/1591/1061 1057/1572/1052
f 1082/1574/1054 1060/2091/1038 1053/1575/1055
f 1074/1577/1056 1068/2092/1053 1057/1578/1052
f 1074/1577/1056 1067/1579/1057 1055/1580/1058
f 1081/1554/1037 1056/1553/1036 1051/1582/1042
f 1054/1584/1047 1074/1577/1056 1071/1581/1059
f 1052/1586/1048 1068/2092/1053 1074/1577/1056
f 1052/1587/1048 1084/1602/1049 1090/1571/1051
f 1061/1528/1025 1086/1600/1062 1083/1588/1060
f 1067/1579/1057 1081/1598/1037 1075/1590/1044
f 1088/1591/1061 1082/1601/1054 1076/1592/1035
f 1051/1593/1042 1056/2093/1036 1077/1594/1041
f 1089/1568/1050 1085/1599/1039 1079/1537/1002
f 1077/1594/1041 1056/2093/1036 1053/1596/1055
f 1057/1578/1052 1076/1576/1035 1081/1598/1037
f 1086/1600/1062 1061/1528/1025 1064/1543/1031
f 1066/1544/1032 1080/1549/997 1082/1601/1054
f 1073/1545/1033 1066/1544/1032 1088/1591/1061
f 1084/1602/1049 1058/1546/1034 1073/1545/1033
f 1064/1543/1031 1058/2086/1034 1084/1567/1049
f 1050/1563/1045 1071/2094/1059 1083/1588/1060
f 1083/1604/1060 1071/2095/1059 1055/1605/1058
f 1089/1568/1050 1055/1605/1058 1075/1561/1044
f 1094/826/1063 1095/828/1065 1096/831/1068
f 1102/836/1073 1101/833/1070 1100/832/1069
f 1111/1606/1075 1109/2096/1307 1106/1607/1076
f 1111/1606/1075 1110/1608/1077 1105/1609/1078
f 1103/1611/1080 1108/1613/1082 1111/1606/1075
f 1104/1612/1081 1109/2096/1307 1111/1606/1075
f 1120/846/1083 1118/1984/1308 1115/847/1084
f 1120/846/1083 1119/848/1085 1114/849/1086
f 1112/851/1088 1117/853/1090 1120/846/1083
f 1113/852/1089 1118/1984/1308 1120/846/1083
f 1129/854/1091 1127/1985/1309 1124/855/1092
f 1129/854/1091 1128/856/1093 1123/857/1094
f 1121/859/1096 1126/861/1098 1129/854/1091
f 1122/860/1097 1127/1985/1309 1129/854/1091
f 1138/1614/1099 1136/2097/1310 1133/1615/1100
f 1138/1614/1099 1137/1616/1101 1132/1617/1102
f 1130/1619/1104 1135/1621/1106 1138/1614/1099
f 1131/1620/1105 1136/2097/1310 1138/1614/1099
f 1147/1622/1107 1146/2098/1311 1142/1623/1108
f 1141/1625/1110 1146/2098/1311 1147/1622/1107
f 1139/1627/1112 1143/1626/1111 1147/1622/1107
f 1147/1622/1107 1145/1624/1109 1140/1629/1114
f 1156/878/1115 1155/1988/1312 1151/879/1116
f 1150/881/1118 1155/1988/1312 1156/878/1115
f 1148/883/1120 1152/882/1119 1156/878/1115
f 1156/878/1115 1154/880/1117 1149/885/1122
f 1165/886/1123 1164/1989/1313 1160/887/1124
f 1159/889/1126 1164/1989/1313 1165/886/1123
f 1157/891/1128 1161/890/1127 1165/886/1123
f 1165/886/1123 1163/888/1125 1158/893/1130
f 1174/1630/1131 1173/2099/1314 1169/1631/1132
f 1168/1633/1134 1173/2099/1314 1174/1630/1131
f 1166/1635/1136 1170/1634/1135 1174/1630/1131
f 1174/1630/1131 1172/1632/1133 1167/1637/1138
f 1175/902/1139 1188/909/1147 1190/903/1140
f 1176/904/1141 1178/906/1143 1177/905/1142
f 1178/906/1143 1180/1991/1315 1179/907/1144
f 1175/902/1139 1177/905/1142 1182/908/1145
f 1188/909/1147 1175/902/1139 1183/910/1148
f 1177/912/1142 1179/913/1144 1186/914/1150
f 1187/915/1152 1189/917/1154 1190/903/1140
f 1191/916/1153 1192/919/1156 1189/917/1154
f 1193/918/1155 1194/1992/1316 1192/919/1156
f 1187/915/1152 1195/920/1317 1196/921/1157
f 1188/909/1147 1198/922/1318 1197/1640/1158
f 1191/916/1153 1199/923/1319 1200/924/1159
f 1226/1641/1160 1211/2100/1320 1204/1642/1161
f 1214/1644/1163 1208/2101/1178 1215/1645/1164
f 1224/1647/1166 1217/2102/1177 1206/1648/1167
f 1223/1650/1169 1220/2103/1176 1202/1651/1170
f 1222/1653/1172 1216/2104/1184 1205/1654/1173
f 1221/1656/1175 1211/2105/1320 1202/1657/1170
f 1221/1656/1175 1220/1658/1176 1206/1659/1167
f 1208/1661/1178 1214/1663/1163 1221/1656/1175
f 1204/1662/1161 1211/2105/1320 1221/1656/1175
f 1222/1653/1172 1219/1655/1174 1201/1664/1179
f 1203/1666/1181 1213/1668/1183 1222/1653/1172
f 1207/1667/1182 1216/2104/1184 1222/1653/1172
f 1223/1650/1169 1210/1652/1171 1201/1669/1179
f 1205/1671/1173 1218/1673/1168 1223/1650/1169
f 1206/1672/1167 1220/2103/1176 1223/1650/1169
f 1216/1674/1184 1224/1647/1166 1218/1649/1168
f 1215/1676/1164 1224/1647/1166 1216/1674/1184
f 1208/1678/1178 1217/2102/1177 1224/1647/1166
f 1225/1646/1165 1215/1645/1164 1207/1679/1182
f 1203/1681/1181 1212/1682/1162 1225/1646/1165
f 1212/1682/1162 1204/2106/1161 1214/1644/1163
f 1209/1683/1180 1226/1641/1160 1212/1643/1162
f 1210/1685/1171 1226/1641/1160 1209/1683/1180
f 1202/1687/1170 1211/2100/1320 1226/1641/1160
f 1269/1688/1185 1280/1816/1254 1235/1689/1186
f 1227/1691/1188 1268/1796/1240 1269/1688/1185
f 1228/1690/1187 1235/1689/1186 1239/1692/1189
f 1232/1694/1191 1230/1725/1210 1271/1695/1192
f 1231/1697/1194 1230/1728/1210 1232/1698/1191
f 1229/1700/1195 1236/2107/1199 1281/1701/1196
f 1229/1703/1195 1249/1723/1208 1237/1704/1198
f 1232/1706/1191 1262/1790/1239 1263/1707/1200
f 1227/1709/1188 1228/1788/1187 1261/1710/1201
f 1233/1712/1190 1239/1719/1189 1237/1704/1198
f 1235/1689/1186 1280/1816/1254 1279/1714/1203
f 1281/1701/1196 1236/2107/1199 1238/1716/1205
f 1238/1718/1205 1236/1705/1199 1237/1704/1198
f 1234/1715/1204 1238/2108/1205 1239/1692/1189
f 1284/1717/1206 1238/1716/1205 1234/1720/1204
f 1229/1703/1195 1240/1758/1211 1248/1722/1207
f 1241/1724/1209 1289/1740/1220 1271/1695/1192
f 1270/1702/1197 1288/1732/1214 1240/1726/1211
f 1242/1727/1212 1241/1737/1209 1230/1728/1210
f 1288/1732/1214 1292/2109/1236 1243/1733/1215
f 1231/1734/1194 1249/2110/1208 1254/1735/1216
f 1241/1737/1209 1244/1743/1213 1246/1738/1218
f 1289/1740/1220 1241/1724/1209 1245/1741/1219
f 1243/1744/1215 1255/1780/1233 1257/1745/1222
f 1308/1746/1223 1255/1774/1233 1259/1747/1224
f 1245/1741/1219 1256/2111/1227 1309/1749/1226
f 1246/1738/1218 1257/1745/1222 1256/1750/1227
f 1242/1754/1212 1231/2112/1194 1250/1755/1217
f 1244/1757/1213 1248/1722/1207 1240/1758/1211
f 1253/1752/1229 1251/1751/1228 1250/1760/1217
f 1242/1754/1212 1251/1756/1228 1252/1762/1230
f 1248/1764/1207 1253/1768/1229 1254/1765/1216
f 1248/1764/1207 1244/2113/1213 1252/1767/1230
f 1256/1769/1227 1258/1771/1231 1312/1772/1232
f 1308/1746/1223 1312/1772/1232 1258/1771/1231
f 1297/1775/1234 1314/2114/1225 1259/1776/1224
f 1292/1778/1236 1297/1775/1234 1247/1777/1235
f 1255/1780/1233 1243/1744/1215 1247/1781/1235
f 1263/1783/1200 1262/2115/1239 1260/1711/1202
f 1260/1784/1202 1262/2116/1239 1319/1785/1237
f 1233/1787/1190 1263/1783/1200 1261/1710/1201
f 1232/1706/1191 1274/1872/1193 1319/1789/1237
f 1268/1791/1240 1227/1709/1188 1260/1711/1202
f 1277/1793/1241 1280/1816/1254 1269/1688/1185
f 1264/1795/1243 1265/1794/1242 1269/1688/1185
f 1285/1797/1244 1277/1793/1241 1265/1794/1242
f 1273/1799/1246 1274/1696/1193 1271/1695/1192
f 1273/1801/1246 1267/1827/1247 1272/1802/1248
f 1281/1701/1196 1278/2117/1256 1266/1804/1249
f 1266/1805/1249 1278/1819/1256 1282/1806/1250
f 1320/1808/1252 1318/2118/1278 1273/1809/1246
f 1264/1811/1243 1315/1867/1277 1316/1812/1253
f 1282/1806/1250 1285/2119/1244 1275/1814/1245
f 1277/1793/1241 1276/1820/1257 1279/1714/1203
f 1283/1817/1255 1278/2117/1256 1281/1701/1196
f 1283/1818/1255 1285/2119/1244 1282/1806/1250
f 1276/1820/1257 1277/1793/1241 1285/1797/1244
f 1276/1822/1257 1283/1817/1255 1284/1717/1206
f 1266/1805/1249 1300/1807/1251 1299/1823/1258
f 1271/1695/1192 1289/1740/1220 1287/1825/1260
f 1270/1702/1197 1266/1804/1249 1286/1826/1259
f 1267/1827/1247 1287/1829/1260 1290/1828/1261
f 1291/1831/1263 1292/2109/1236 1288/1732/1214
f 1272/1832/1248 1301/2120/1274 1305/1833/1264
f 1287/1829/1260 1294/1842/1266 1296/1835/1265
f 1289/1740/1220 1295/1742/1221 1294/1836/1266
f 1310/1838/1267 1306/1865/1269 1291/1837/1263
f 1308/1746/1223 1314/1748/1225 1313/1839/1268
f 1309/1749/1226 1307/2121/1270 1294/1836/1266
f 1307/1841/1270 1310/1838/1267 1296/1835/1265
f 1290/1846/1261 1302/2122/1271 1301/1847/1274
f 1293/1849/1262 1291/2123/1263 1286/1824/1259
f 1301/1850/1274 1302/2124/1271 1304/1851/1273
f 1303/1853/1272 1302/2122/1271 1290/1846/1261
f 1305/1855/1264 1304/1845/1273 1299/1856/1258
f 1299/1856/1258 1304/1845/1273 1303/1844/1272
f 1312/1772/1232 1311/1860/1275 1307/1859/1270
f 1311/1860/1275 1312/1772/1232 1308/1746/1223
f 1313/1862/1268 1314/2114/1225 1297/1775/1234
f 1298/1863/1276 1297/1775/1234 1292/1778/1236
f 1306/1865/1269 1313/2125/1268 1298/1866/1276
f 1315/1867/1277 1318/2126/1278 1320/1868/1252
f 1315/1869/1277 1317/1786/1238 1319/1785/1237
f 1316/1812/1253 1320/1868/1252 1275/1871/1245
f 1273/1809/1246 1318/2118/1278 1319/1789/1237
f 1268/1791/1240 1317/1792/1238 1315/1867/1277
